 ,4054,4054,4055,4055,4056,4056,4057,4057,4059,4059,4060,4060,4061,4061,4062,4062,4063,4063,4064,4064,4065,4065,4066,4066,4067,4067,4102,4102,4103,4103,4104,4104,4163,4163,4164,4164,4165,4165,4172,4172,4173,4173,4175,4175,4176,4176,4177,4177,4178,4178,4180,4180,4181,4181,4182,4182,4186,4186,4187,4187,4189,4189,4190,4190,4191,4191,5346,5346,5347,5347,5348,5348,5382,5382,5383,5383,5384,5384,5385,5385,5386,5386,5387,5387,6991,6991,6992,6992,6993,6993,6994,6994,6995,6995,6999,6999,7000,7000,7001,7001,7002,7002,7003,7003,7004,7004,7005,7005,7007,7007,7008,7008,701,701,7010,7010,7011,7011,7012,7012,7013,7013,7014,7014,7018,7018,7019,7019,7021,7021,7022,7022,7023,7023,7024,7024,7025,7025,7026,7026,7027,7027,7029,7029,7030,7030,7031,7031,7725,7725,7728,7728,7729,7729,7730,7730,7731,7731,7732,7732,7733,7733,7757,7757,7758,7758,7794,7794,7795,7795,7796,7796,7797,7797,7798,7798,7799,7799,7800,7800,7801,7801,7802,7802,7803,7803,7804,7804,7805,7805,7806,7806,7807,7807,7808,7808,7809,7809,8209,8209,8210,8210,8215,8215,8216,8216,8217,8217,8218,8218,8219,8219,8224,8224,8225,8225,8226,8226,8227,8227,8228,8228,8233,8233,8234,8234,8235,8235,8236,8236,8237,8237,8238,8238,8239,8239,8240,8240,8241,8241,8242,8242,8243,8243,8244,8244,8245,8245,8246,8246,8251,8251,8252,8252,8253,8253,8254,8254,8255,8255,8256,8256,8258,8258,8259,8259,8260,8260,8261,8261,8262,8262,8267,8267,8268,8268,8269,8269,8270,8270,8271,8271,8276,8276,8277,8277,8278,8278,8284,8284,8285,8285,8362,8362,8363,8363,8364,8364,8365,8365,8366,8366,8369,8369,8370,8370,8371,8371,8372,8372
 ,Speed,Volume,Speed,Volume,Speed,Volume,Speed,Volume,Speed,Volume,Speed,Volume,Speed,Volume,Speed,Volume,Speed,Volume,Speed,Volume,Speed,Volume,Speed,Volume,Speed,Volume,Speed,Volume,Speed,Volume,Speed,Volume,Speed,Volume,Speed,Volume,Speed,Volume,Speed,Volume,Speed,Volume,Speed,Volume,Speed,Volume,Speed,Volume,Speed,Volume,Speed,Volume,Speed,Volume,Speed,Volume,Speed,Volume,Speed,Volume,Speed,Volume,Speed,Volume,Speed,Volume,Speed,Volume,Speed,Volume,Speed,Volume,Speed,Volume,Speed,Volume,Speed,Volume,Speed,Volume,Speed,Volume,Speed,Volume,Speed,Volume,Speed,Volume,Speed,Volume,Speed,Volume,Speed,Volume,Speed,Volume,Speed,Volume,Speed,Volume,Speed,Volume,Speed,Volume,Speed,Volume,Speed,Volume,Speed,Volume,Speed,Volume,Speed,Volume,Speed,Volume,Speed,Volume,Speed,Volume,Speed,Volume,Speed,Volume,Speed,Volume,Speed,Volume,Speed,Volume,Speed,Volume,Speed,Volume,Speed,Volume,Speed,Volume,Speed,Volume,Speed,Volume,Speed,Volume,Speed,Volume,Speed,Volume,Speed,Volume,Speed,Volume,Speed,Volume,Speed,Volume,Speed,Volume,Speed,Volume,Speed,Volume,Speed,Volume,Speed,Volume,Speed,Volume,Speed,Volume,Speed,Volume,Speed,Volume,Speed,Volume,Speed,Volume,Speed,Volume,Speed,Volume,Speed,Volume,Speed,Volume,Speed,Volume,Speed,Volume,Speed,Volume,Speed,Volume,Speed,Volume,Speed,Volume,Speed,Volume,Speed,Volume,Speed,Volume,Speed,Volume,Speed,Volume,Speed,Volume,Speed,Volume,Speed,Volume,Speed,Volume,Speed,Volume,Speed,Volume,Speed,Volume,Speed,Volume,Speed,Volume,Speed,Volume,Speed,Volume,Speed,Volume,Speed,Volume,Speed,Volume,Speed,Volume,Speed,Volume,Speed,Volume,Speed,Volume,Speed,Volume,Speed,Volume,Speed,Volume,Speed,Volume,Speed,Volume,Speed,Volume,Speed,Volume,Speed,Volume,Speed,Volume,Speed,Volume,Speed,Volume,Speed,Volume,Speed,Volume,Speed,Volume,Speed,Volume,Speed,Volume,Speed,Volume,Speed,Volume,Speed,Volume,Speed,Volume,Speed,Volume,Speed,Volume,Speed,Volume,Speed,Volume,Speed,Volume,Speed,Volume,Speed,Volume,Speed,Volume,Speed,Volume,Speed,Volume,Speed,Volume,Speed,Volume,Speed,Volume
 ,3/17/26,3/17/26,3/17/26,3/17/26,3/17/26,3/17/26,3/17/26,3/17/26,3/17/26,3/17/26,3/17/26,3/17/26,3/17/26,3/17/26,3/17/26,3/17/26,3/17/26,3/17/26,3/17/26,3/17/26,3/17/26,3/17/26,3/17/26,3/17/26,3/17/26,3/17/26,3/17/26,3/17/26,3/17/26,3/17/26,3/17/26,3/17/26,3/17/26,3/17/26,3/17/26,3/17/26,3/17/26,3/17/26,3/17/26,3/17/26,3/17/26,3/17/26,3/17/26,3/17/26,3/17/26,3/17/26,3/17/26,3/17/26,3/17/26,3/17/26,3/17/26,3/17/26,3/17/26,3/17/26,3/17/26,3/17/26,3/17/26,3/17/26,3/17/26,3/17/26,3/17/26,3/17/26,3/17/26,3/17/26,3/17/26,3/17/26,3/17/26,3/17/26,3/17/26,3/17/26,3/17/26,3/17/26,3/17/26,3/17/26,3/17/26,3/17/26,3/17/26,3/17/26,3/17/26,3/17/26,3/17/26,3/17/26,3/17/26,3/17/26,3/17/26,3/17/26,3/17/26,3/17/26,3/17/26,3/17/26,3/17/26,3/17/26,3/17/26,3/17/26,3/17/26,3/17/26,3/17/26,3/17/26,3/17/26,3/17/26,3/17/26,3/17/26,3/17/26,3/17/26,3/17/26,3/17/26,3/17/26,3/17/26,3/17/26,3/17/26,3/17/26,3/17/26,3/17/26,3/17/26,3/17/26,3/17/26,3/17/26,3/17/26,3/17/26,3/17/26,3/17/26,3/17/26,3/17/26,3/17/26,3/17/26,3/17/26,3/17/26,3/17/26,3/17/26,3/17/26,3/17/26,3/17/26,3/17/26,3/17/26,3/17/26,3/17/26,3/17/26,3/17/26,3/17/26,3/17/26,3/17/26,3/17/26,3/17/26,3/17/26,3/17/26,3/17/26,3/17/26,3/17/26,3/17/26,3/17/26,3/17/26,3/17/26,3/17/26,3/17/26,3/17/26,3/17/26,3/17/26,3/17/26,3/17/26,3/17/26,3/17/26,3/17/26,3/17/26,3/17/26,3/17/26,3/17/26,3/17/26,3/17/26,3/17/26,3/17/26,3/17/26,3/17/26,3/17/26,3/17/26,3/17/26,3/17/26,3/17/26,3/17/26,3/17/26,3/17/26,3/17/26,3/17/26,3/17/26,3/17/26,3/17/26,3/17/26,3/17/26,3/17/26,3/17/26,3/17/26,3/17/26,3/17/26,3/17/26,3/17/26,3/17/26,3/17/26,3/17/26,3/17/26,3/17/26,3/17/26,3/17/26,3/17/26,3/17/26,3/17/26,3/17/26,3/17/26,3/17/26,3/17/26,3/17/26,3/17/26,3/17/26,3/17/26,3/17/26,3/17/26,3/17/26,3/17/26,3/17/26,3/17/26,3/17/26,3/17/26,3/17/26,3/17/26,3/17/26,3/17/26,3/17/26,3/17/26,3/17/26,3/17/26,3/17/26,3/17/26,3/17/26,3/17/26,3/17/26,3/17/26,3/17/26,3/17/26,3/17/26,3/17/26,3/17/26,3/17/26,3/17/26,3/17/26,3/17/26,3/17/26,3/17/26,3/17/26,3/17/26,3/17/26,3/17/26,3/17/26,3/17/26,3/17/26,3/17/26,3/17/26,3/17/26,3/17/26,3/17/26,3/17/26,3/17/26,3/17/26,3/17/26,3/17/26,3/17/26,3/17/26,3/17/26,3/17/26,3/17/26,3/17/26,3/17/26,3/17/26,3/17/26,3/17/26,3/17/26,3/17/26,3/17/26,3/17/26,3/17/26,3/17/26,3/17/26,3/17/26,3/17/26,3/17/26,3/17/26,3/17/26,3/17/26,3/17/26,3/17/26,3/17/26,3/17/26,3/17/26,3/17/26,3/17/26,3/17/26,3/17/26,3/17/26,3/17/26,3/17/26,3/17/26,3/17/26,3/17/26,3/17/26,3/17/26,3/17/26,3/17/26,3/17/26,3/17/26,3/17/26,3/17/26,3/17/26,3/17/26
4:00:30 PM,55.28255,9,17,12,49,11,61,13,73.31378,12,80.450516,12,27.137041,11,67.1775,7,63.605034,17,-1,-1,-1,-1,-1,-1,-1,-1,69.93007,1,62.337666,8,69.61839,9,143.00307,7,-1,0,-1,0,-1,-1,-1,-1,81.96721,1,72.21495,5,39.901573,10,36.827393,9,-1,0,70.10983,5,52.899685,9,-1,-1,-1,-1,65,5,62,11,66,19,74,17,72,13,77,21,76,16,75,9,81,7,71,3,73,7,77,7,68.83456,4,69.29047,4,62.7615,6,84.26967,6,53.19149,1,88.76644,8,75.15633,5,71.74393,13,52.950073,7,55.106544,15,52.681995,11,67.20431,5,-1,0,53.19149,1,45.91932,4,30.03003,2,49.019608,3,59.241703,10,56.249996,18,55.292263,7,68.02721,4,63.451775,5,55.487057,9,81.12094,11,40.927696,6,66.137566,5,57.034225,9,1.2405409,2,3.9777246,4,16.455696,13,-1,0,45.04504,1,83.333336,5,35.3045,8,56.947613,5,69.25208,10,-1,0,94.78673,4,56.17977,3,80.645164,6,74.62686,1,75,2,77,3,74,4,76,3,68,10,68,1,66,5,77,2,70,7,75,3,62,12,67,13,72,3,74,9,67,8,-1,-1,69,11,73,9,60,15,70,16,61.881187,5,67,9,69,9,59,20,68,15,43.290047,2,67,12,71,15,67,2,66,14,71,18,65,4,64,19,71,13,66,10,73,17,69,1,69,2,67,4,69,12,66,12,71,18,69,12,73,11,73,12,80,10,67,16,75,8,66,10,73,15,49.9002,10,60,19,64,15,64,9,75,2,67.82946,7,67,8,73,8,64,19,71,8,-1,-1,69,15,78,6,80,4,74,8,63,8,69,12,75,8,74,12,71,15,72,14,77,20
4:01 PM,48.82018,11,32,17,50,11,61,14,67.64069,10,77.1724,10,26.816841,5,73.84932,10,64.506454,8,-1,-1,-1,-1,-1,-1,-1,-1,70.2302,3,77.72021,11,71.59091,18,139.86014,4,-1,0,-1,0,-1,-1,-1,-1,74.2115,8,72.56298,17,35.69729,10,32.66195,1,52.856716,7,72.72727,8,71.63568,7,-1,-1,-1,-1,65,8,70,11,72,10,70,13,76,14,78,18,80,5,79,9,85,3,68,10,72,13,75,9,77.38837,12,71.02273,5,77.12082,6,78.12501,4,-1,0,74.974144,11,85.22727,6,64.308685,8,59.241703,5,54.824566,5,65.27415,5,90.09008,2,-1,0,74.62686,1,57.282005,3,27.593817,5,50,11,55.511497,14,53.106747,20,59.713375,15,48.6618,8,63.291134,9,83.93286,7,80.645164,6,57.840614,9,60.893097,9,-1,0,1.4692918,2,7.3475385,6,24.849129,14,7.5642962,1,-1,0,58.290157,9,38.684723,4,70,7,89.285706,1,-1,0,79.36509,9,0.7825951,1,81.775696,7,69.44444,2,74,7,61,2,74,2,84,2,68,6,77,5,69,5,75,3,76,6,69,3,64,12,70,5,71,4,72,14,75,6,-1,-1,70,15,74,15,58,13,71,9,71.42858,3,62,14,65,16,65,11,71,9,51.54639,2,66,11,71,16,73,5,72,8,72,19,71,1,69,15,72,18,63,19,72,13,66,9,68,11,70,5,68,8,68,9,72,8,66,11,67,15,72,15,76,8,67,14,75,9,69,12,75,9,53.333332,8,66,15,69,14,60,21,64,21,71.77034,3,63,6,71,1,61,9,70,7,-1,-1,68,16,78,9,85,4,74,14,75,7,75,12,78,3,63,5,72,9,75,13,76,12
4:01:30 PM,74.719795,2,41,16,53,12,61,13,48.13643,7,71.36584,13,26.685642,5,78.81232,5,70.307396,8,-1,-1,-1,-1,-1,-1,-1,-1,71.77034,3,54.545456,3,66.907394,6,140.15962,12,-1,0,-1,0,-1,-1,-1,-1,80,4,71.35933,5,35.145267,15,58.027077,1,61.51515,4,64.82482,14,72.36545,16,-1,-1,-1,-1,76,4,67,8,73,8,72,10,77,11,79,11,72,7,80,10,82,10,68,4,75,13,75,1,58.326626,6,70.5816,2,54.021614,9,67.340065,8,50.607285,5,83.8843,7,75.15633,5,72.34727,9,90.09008,8,50.61867,9,68.49315,7,89.285706,1,-1,0,58.593754,3,55.035656,3,32.414913,4,58.411213,5,58.45674,15,56.23243,12,51.02041,11,60.706398,11,61.57636,5,57.339447,10,87.5,7,62.761505,9,65.35948,4,49.226437,7,3.8707182,4,7.7041607,6,21.952045,13,-1,0,39.062504,1,80.2139,9,-1,0,83.333336,5,78.86436,5,37.5,3,76.40068,9,71.09004,3,81.96721,3,51.54639,2,72,5,66,2,72,5,-1,0,64,7,70,8,71,5,79,6,67,6,75,6,67,7,65,3,73,3,69,8,67,16,-1,-1,64,14,72,9,49,19,60,19,69.68641,4,65,9,70,9,60,18,70,16,57.034218,3,66,11,69,10,70,3,64,11,69,13,74,3,71,12,73,15,66,14,71,16,70,4,70,7,65,7,69,12,67,13,71,15,67,15,68,22,66,15,71,18,65,14,71,8,75,11,78,6,51.42857,9,68,15,75,9,64,17,71,10,64.655174,9,62,9,68,21,60,8,65,3,-1,-1,64,12,78,5,79,3,78,8,74,4,75,11,81,7,76,13,72,11,71,12,76,14
4:02 PM,57.589462,7,63,11,64,10,69,13,72.15008,9,72.72727,12,27.576063,5,58.636364,13,57.03927,12,-1,-1,-1,-1,-1,-1,-1,-1,67.17421,5,71.63568,7,73.95167,13,145.45454,4,-1,0,-1,0,-1,-1,-1,-1,75.0469,8,73.150536,6,35.92456,18,-1,0,-1,0,54.545452,4,70.07981,6,-1,-1,-1,-1,62,12,62,13,70,13,75,11,73,14,79,15,79,7,83,10,85,5,74,3,70,10,77,9,79.051384,8,75.15633,5,63.636364,7,99.99999,1,-1,0,78.4632,9,69.29047,4,69.93007,8,70.67139,4,60.06006,4,71.42857,5,-1,0,-1,0,53.19149,1,54.501328,2,29.94012,1,53.475933,6,60.55363,14,52.57009,9,59.88024,2,79.365074,6,70.32349,10,57.471268,12,84.17508,10,45.170258,13,63.559326,6,62.597813,8,3.3333333,5,3.2346756,4,30.809858,14,46.296295,9,38.31418,2,55.106544,15,42.735046,1,75.07507,5,48.622368,6,37.5,3,66.66667,4,74.62686,1,106.38298,2,113.63637,1,76,3,-1,0,73,7,70,2,64,7,73,5,72,3,76,7,65,4,72,4,66,10,68,9,-1,0,71,6,67,11,-1,-1,70,11,74,9,63,16,71,11,65.27415,5,64,16,69,18,64,12,76,12,43.47826,1,60,16,68,17,64,9,68,12,70,11,62,4,65,12,71,13,69,11,70,15,67,14,66,19,73,6,70,12,68,13,72,17,71,7,72,10,71,14,76,12,64,14,67,17,71,10,80,8,59.701492,8,73,7,79,7,64,16,72,8,67.00168,8,62,11,69,12,59,13,67,20,-1,-1,58,7,69,3,87,2,76,12,71,7,72,8,79,7,73,16,72,14,71,15,76,16
4:02:30 PM,57.598152,10,64,13,63,9,68,15,49.76775,9,74.925064,12,27.272728,6,65.27239,6,60.2511,10,-1,-1,-1,-1,-1,-1,-1,-1,64.36041,4,80.2139,8,70.83826,8,140.58107,5,-1,0,-1,0,-1,-1,-1,-1,77.31959,3,83.648994,1,37.847866,17,39.66942,4,51.83861,1,64.93507,8,71.84912,12,-1,-1,-1,-1,59,10,58,12,61,17,75,15,75,14,79,16,75,10,74,10,80,11,70,5,75,11,78,7,93.15774,4,90.59847,7,82.72058,9,74.906364,4,48.231514,3,74.58847,11,68.14774,8,64.26735,10,60.06006,4,58.290157,9,64.23983,6,-1,0,-1,0,69.44444,2,48.95613,3,-1,0,57.471264,9,59.476604,15,50.30181,10,62.7615,6,61.53846,8,52.910057,6,72.9927,6,80.38586,5,68.75,11,66.66667,8,56.17977,3,4.2172737,5,6.941231,6,42.579075,14,45.385777,12,42.857143,3,58.043114,14,40.899796,4,62.499996,5,70.42254,14,38.31418,2,75.187965,2,0.79088897,1,69.44444,1,112.35956,2,69,1,78,3,73,2,80,1,61,7,72,3,69,6,70,4,60,13,66,13,64,10,64,7,71,2,70,11,63,3,-1,-1,69,16,77,6,64,16,70,10,89.28572,3,62,11,67,12,61,20,70,19,53.19149,1,62,14,74,12,58,6,58,13,68,19,63,9,69,9,72,13,59,16,71,15,65,9,63,17,68,11,68,17,68,10,69,15,65,9,75,10,70,10,79,8,61,14,69,15,70,11,73,17,72.463776,2,70,13,74,4,69,9,75,6,69.63788,5,66,12,73,8,62,12,68,13,-1,-1,62,11,72,20,81,5,76,11,75,6,77,8,80,5,67,15,72,9,73,10,79,17
4:03 PM,61.17247,6,62,13,66,17,71,14,69.93007,10,78.59576,12,28.607754,3,70.36363,9,50.89962,11,-1,-1,-1,-1,-1,-1,-1,-1,89.41878,1,76.960075,8,76.73196,10,139.86014,4,-1,0,-1,0,-1,-1,-1,-1,65.07592,6,75.14989,7,28.881859,14,-1,0,59.14918,1,71.87542,9,74.719795,7,-1,-1,-1,-1,64,4,63,9,69,11,75,13,78,17,79,14,81,7,78,7,84,11,74,6,76,6,79,6,93.18766,11,70.145905,7,78.32898,6,69.16997,7,41.841,2,77.94768,9,74.21824,9,54.127197,8,68.68132,10,56.2701,7,69.44444,2,78.12501,2,-1,0,32.154343,2,54.501328,2,25.252523,3,67.20431,5,59.34718,12,59.652927,11,62.111797,6,33.333336,2,66.66667,4,56.258785,8,83.333336,5,57.75578,7,65.31205,9,54.347828,9,5.5555553,1,8.064516,5,40.911743,14,30.570652,9,53.19149,1,72.9927,6,-1,0,62.388588,7,64.10256,1,-1,0,78.12501,4,70.67139,4,42.134834,3,83.682,4,65,1,73,5,70,4,82,3,70,4,-1,0,68,6,75,3,70,7,75,11,58,15,61,11,69,4,70,8,68,6,-1,-1,67,15,72,10,62,19,74,8,63.091484,4,65,13,69,12,63,18,69,16,50.403225,5,65,16,74,15,51,4,53,12,72,15,60,6,65,14,71,14,68,9,76,10,65,9,67,19,67,9,62,18,62,16,72,18,64,15,71,18,69,11,76,16,64,7,70,8,63,13,68,10,39.401104,10,68,11,75,13,65,16,74,8,63.694267,6,75,2,75,4,63,15,70,10,-1,-1,66,11,76,9,79,8,71,13,67,8,70,14,77,11,73,11,73,9,75,16,77,15
4:03:30 PM,54.911533,9,63,16,70,12,69,9,80.756805,7,71.11532,12,22.966507,4,76.87723,11,62.80673,10,-1,-1,-1,-1,-1,-1,-1,-1,70.15493,4,66.22516,11,65.230896,18,140.4604,6,-1,0,-1,0,-1,-1,-1,-1,75.921906,7,68.20756,10,36.20745,17,-1,0,50.422253,2,75.49544,8,72.405464,9,-1,-1,-1,-1,70,9,68,17,71,13,76,11,75,13,80,16,74,5,80,5,87,5,73,7,72,13,76,11,78.125,11,78.64108,4,74.96251,10,78.82882,7,-1,0,77.199524,8,75.00751,8,70.32349,10,90.09008,8,53.248135,10,64.308685,8,69.44444,2,-1,0,53.19149,1,47.9798,1,30,3,57.283142,7,54.525623,10,52.47376,7,58.411213,5,44.762756,10,61.823807,16,50.79826,7,81.818184,9,42.444824,5,59.88024,2,50.505047,6,10,8,17.30648,11,38.816105,16,40.47323,13,45.04504,2,68.181816,15,35.971226,1,56.818176,6,75,3,-1,0,67.659,10,89.285706,1,88.33923,5,-1,0,74,5,-1,0,69,2,82,1,65,13,68,8,71,5,-1,0,68,10,73,8,54,15,52,14,66,3,70,9,61,8,-1,-1,68,13,77,5,59,19,71,13,62.695923,4,69,11,71,9,61,14,72,15,58.13953,2,64,13,70,15,69,6,64,18,73,15,63,5,61,15,70,18,61,11,71,12,73,3,66,10,65,8,70,17,66,8,75,14,62,16,66,15,66,18,73,18,60,10,71,17,66,11,74,13,47.732693,8,67,16,72,12,67,13,71,17,69.93007,4,64,12,72,9,70,4,71,3,-1,-1,67,14,78,9,-1,0,76,16,74,3,76,10,78,9,72,12,77,14,76,16,76,23
4:04 PM,52.573933,8,56,18,58,14,65,12,86.08815,10,78.59576,12,28.148457,9,77.266075,9,70.39179,12,-1,-1,-1,-1,-1,-1,-1,-1,56.232426,2,75.49544,8,72.99466,13,142.41632,10,-1,0,-1,0,-1,-1,-1,-1,81.96721,1,67.6711,1,37.5,11,-1,0,60.705746,3,64.50842,9,68.68687,17,-1,-1,-1,-1,70,7,66,9,69,10,78,10,79,15,79,20,72,10,79,6,89,5,70,4,73,7,79,8,69.778625,11,82.74493,3,73.924736,11,85.47009,2,52.91005,4,88.93281,9,76.522804,8,71.30125,8,85.71429,6,64.82983,8,70.546745,8,90.09008,2,-1,0,52.91005,2,48.532883,6,30.594406,7,57.471268,3,57.747833,12,56.58436,11,62.499996,5,64.26735,5,56.3063,5,61.867264,11,77.55946,15,47.619045,10,63.600784,13,23.041471,1,18.399263,12,30.791092,13,42.857143,12,51.981804,16,47.318615,3,46.72897,8,-1,0,54.570263,8,84.38818,12,-1,0,89.82036,3,89.285706,1,31.595577,4,69.16997,7,76,3,76,3,73,6,75,3,66,4,76,4,64,9,74,5,75,8,72,9,66,12,71,16,62,10,66,15,68,11,-1,-1,65,15,72,10,61,14,70,12,71.225075,5,64,15,68,15,62,16,70,13,54.054054,2,64,13,72,18,63,7,63,13,70,19,70,6,65,16,72,16,52,18,69,18,70,8,68,13,65,4,69,14,72,10,77,8,62,13,67,21,69,12,75,11,61,17,70,16,64,10,75,19,47.413788,11,69,13,74,12,61,14,69,14,79.36508,4,69,11,70,16,65,18,70,8,-1,-1,75,4,82,3,81,6,76,12,62,6,71,8,79,3,72,9,71,10,72,11,77,13
4:04:30 PM,51.083153,9,56,18,64,12,62,13,80.756805,7,83.14855,6,27.272728,9,87.91058,10,60.97067,7,-1,-1,-1,-1,-1,-1,-1,-1,63.424946,2,74.08551,8,58.12523,18,142.41632,10,-1,0,-1,0,-1,-1,-1,-1,80.38586,5,71.57741,7,39.085117,9,37.3599,11,73.232315,3,70.73618,9,73.98274,11,-1,-1,-1,-1,70,7,70,8,67,9,72,15,79,7,80,13,80,6,82,11,88,6,64,4,70,8,78,5,56.52581,5,78.91413,1,70.821526,10,85.836914,4,36.945816,3,74.58847,11,99.10147,3,70.32349,10,76.92307,10,57.75578,7,63.451775,5,75.187965,2,-1,0,52.91005,2,46.013412,1,29.94012,1,45.55809,8,58.26272,11,42.962357,21,48.200512,15,58.290157,9,60,3,72.46376,7,76.62836,4,57.034225,9,61.90476,13,58.027084,6,26.256565,7,39.25121,13,48.644894,14,54.884747,20,53.19149,1,68.23821,11,35.54502,3,54.773087,7,47.34848,5,32.154343,2,78.12501,4,71.09004,3,-1,0,-1,0,65,4,76,2,83,2,84,1,70,8,-1,0,70,5,80,4,68,8,70,14,64,14,68,11,76,10,73,14,57,9,-1,-1,70,14,72,14,64,17,71,14,73.52941,1,66,14,71,9,66,16,70,17,51.54639,1,66,11,71,14,65,6,64,16,71,16,65,5,67,18,69,18,64,18,73,16,66,4,70,2,64,10,62,13,62,16,71,21,65,15,69,12,67,19,73,20,60,14,68,14,64,17,70,17,50.825924,8,67,12,74,14,66,14,73,10,64.10257,3,64,8,72,14,65,14,71,18,-1,-1,67,12,77,10,82,3,76,6,70,5,77,7,81,7,73,10,71,8,76,10,78,23
4:05 PM,61.63328,4,57,19,67,10,71,15,77.96663,10,83.787186,4,24.935064,8,73.60213,3,70.307396,6,-1,-1,-1,-1,-1,-1,-1,-1,56.087868,4,39.66942,4,71.590904,6,139.86015,3,-1,0,-1,0,-1,-1,-1,-1,69.44444,1,-1,0,36.46086,15,-1,0,58.199535,11,59.642147,11,71.23473,14,-1,-1,-1,-1,70,13,67,12,68,14,72,9,78,12,81,20,77,11,82,16,85,9,70,5,78,10,80,6,75.44225,11,79.65166,6,58.333336,7,71.94245,2,53.19149,1,78.31976,13,62.83211,7,67.659,10,74.906364,4,58.62647,14,70.224724,5,60,3,-1,0,69.44444,1,54.589657,6,24.999998,2,67.698265,7,61.90476,13,45.55809,16,51.54639,13,84.26967,3,71.94245,4,73.20644,10,69.44444,2,55.831264,9,66.66667,4,42.598507,8,22.567701,9,37.5,12,40.740738,11,54.86467,15,53.19149,1,61.57636,5,32.154343,2,70.09345,6,75.187965,2,35.971226,1,82.938385,7,89.285706,1,103.09278,4,106.38298,2,74,2,75,1,71,4,75,2,72,5,77,7,72,5,75,2,69,12,74,20,62,10,65,11,71,6,68,13,64,18,-1,-1,67,12,73,11,66,20,70,16,60.97561,4,63,15,71,13,64,15,73,10,59.288544,3,66,14,70,17,64,8,67,12,69,16,65,5,69,16,73,16,63,18,67,21,71,7,72,9,70,2,70,11,67,9,74,12,70,12,74,12,76,13,79,12,60,18,69,17,69,7,75,12,53.317535,9,63,17,69,16,67,14,73,14,68.119896,5,66,14,72,9,63,14,69,9,-1,-1,69,14,77,15,80,1,75,12,68,5,73,9,81,8,73,3,74,10,76,7,78,11
4:05:30 PM,54.206665,8,60,13,64,12,71,13,60.954372,7,68.63056,13,26.850784,7,76.548775,5,52.730545,6,-1,-1,-1,-1,-1,-1,-1,-1,82.02324,2,77.78317,8,66.02587,7,139.86014,2,-1,0,-1,0,-1,-1,-1,-1,87.71931,4,100.37879,5,40.46715,19,-1,0,75.63338,1,48.614483,5,82.8239,7,-1,-1,-1,-1,70,17,74,10,72,17,76,7,80,8,80,10,80,10,80,13,84,12,72,7,73,12,80,9,75.50959,7,74.6205,7,71.09004,6,59.523815,8,40.983604,1,71.349495,8,69.00994,6,59.652927,11,64.28572,9,52.91005,8,63.559326,6,53.19149,1,-1,0,69.44444,1,49.242424,2,28.129393,8,70.09345,6,56.58436,11,59.88024,2,-1,0,61.11111,11,65.18904,10,69.23077,9,72.46376,7,64.82983,8,70.224724,5,64.308685,4,35.19357,14,49.167927,13,43.310875,9,49.770287,13,56.17978,1,54.806072,26,29.94012,1,53.95684,3,60.240963,1,21.097046,3,79.365074,6,1.4128286,3,85.47009,2,112.35956,2,76,4,75,2,74,1,77,2,66,8,66,3,74,6,84,3,72,10,74,12,62,12,66,23,65,2,63,15,64,9,-1,-1,68,12,75,8,62,13,73,13,67.75068,5,67,12,68,16,67,17,74,19,26.595745,2,67,10,74,14,62,6,62,16,69,20,66,6,68,12,70,15,69,12,75,14,77,3,71,2,72,9,68,17,68,12,71,24,68,14,69,17,68,9,78,10,65,18,75,11,69,11,75,10,50.46257,12,67,14,72,13,55,22,66,14,71.94245,4,66,12,74,7,60,20,67,12,-1,-1,69,9,76,9,80,4,81,4,73,10,76,15,82,13,68,11,71,16,72,12,77,14
4:06 PM,58.862003,9,59,14,62,11,69,11,81.79481,7,75.64296,11,25.062654,11,57.580715,6,64.52581,11,-1,-1,-1,-1,-1,-1,-1,-1,-1,0,86.580086,6,55.846493,13,143.54068,6,-1,0,-1,0,-1,-1,-1,-1,65.07592,12,63.545773,18,37.3599,11,-1,0,68.860245,1,75.524475,9,69.220116,5,-1,-1,-1,-1,70,9,68,7,72,8,77,18,77,14,76,15,77,5,82,6,81,5,71,11,75,11,80,12,92.18055,8,58.817993,5,75.921906,7,61.391544,9,71.94245,2,86.29668,8,78.73189,6,48.231514,6,75.921906,7,49.668873,9,56.2701,7,69.44444,1,-1,0,53.19149,1,42.78686,5,23.696682,2,61.813187,9,56.772102,14,57.20824,15,54.773087,7,38.631344,7,56.947613,10,77.369446,8,76.40068,9,58.411213,10,64.93507,7,53.19149,1,60.97561,8,70,7,43.436295,18,61.823807,16,50,3,53.59877,14,26.455025,1,54.347828,7,64.377686,3,35.971226,1,71.94245,2,29.354208,3,-1,0,112.35956,2,-1,0,76,2,72,5,77,1,73,4,73,2,73,6,76,3,71,6,72,11,66,11,70,13,69,9,70,19,62,8,-1,-1,69,12,74,7,66,11,73,10,66.66667,1,62,12,72,16,63,16,73,18,36.71072,5,67,16,75,14,66,4,69,10,76,11,67,5,63,17,69,23,65,15,71,17,69,12,69,13,73,2,73,6,70,10,75,11,65,13,71,16,69,14,76,22,65,10,72,9,72,11,82,7,47.88508,12,69,13,78,8,51,15,62,17,62.326874,9,65,10,68,15,64,14,70,9,-1,-1,67,17,75,12,80,2,78,14,73,9,76,10,79,9,66,20,68,14,64,16,69,21
4:06:30 PM,50.27231,12,63,14,64,12,70,15,60.87663,9,62.972294,11,30.219091,2,75.36807,10,63.707478,10,-1,-1,-1,-1,-1,-1,-1,-1,62.98551,5,56.892258,8,57.781197,15,140.4604,6,-1,0,-1,0,-1,-1,-1,-1,106.38298,2,64.13359,11,36.467827,14,34.011196,8,59.14918,2,74.26763,9,57.781204,10,-1,-1,-1,-1,68,8,69,8,69,6,72,14,65,18,72,17,72,8,76,9,84,4,67,4,76,11,79,5,88.27111,9,87.86317,3,89.82036,3,83.333336,5,53.19149,1,90.625,11,47.82675,5,70.32349,10,58.13953,4,40,4,65.07592,6,69.44444,2,-1,0,53.00354,3,55.125725,6,30.03003,2,58.411213,5,48.806942,9,59.523808,9,58.333336,7,57.736713,5,55.07956,9,43.1566,7,61.188812,7,71.57464,7,61.53846,8,79.365074,6,61.7284,7,65.789474,6,55.331993,11,65.466446,8,50,3,42.34298,12,37.52345,4,64.308685,4,65.02396,19,29.94012,1,56.726097,7,-1,0,71.94245,2,99.99999,1,68,1,78,1,74,1,83,1,62,6,74,4,72,2,76,4,69,8,69,12,62,10,65,17,72,7,74,13,58,16,-1,-1,66,15,69,12,64,13,72,9,69.93007,4,65,7,71,7,45,20,68,13,49.999996,2,70,12,73,18,63,9,65,19,71,21,65,5,69,9,75,11,64,17,72,20,63,8,63,16,71,12,68,16,70,12,71,16,69,14,69,18,73,12,76,17,63,14,69,19,69,8,76,10,57.80347,8,70,10,78,9,68,14,74,10,64.47831,11,65,8,69,16,62,17,68,14,-1,-1,68,12,76,8,78,3,72,14,67,5,75,10,80,7,67,9,69,11,65,8,71,14
4:07 PM,47.021942,8,65,9,65,10,71,12,79.12784,9,80.05693,9,24.849865,8,68.10263,10,51.37532,9,-1,-1,-1,-1,-1,-1,-1,-1,65.71742,1,84.78568,12,69.67485,12,145.45454,4,-1,0,-1,0,-1,-1,-1,-1,88.932816,9,74.143425,13,36.52118,17,-1,0,58.54868,5,56.087868,12,54.545452,13,-1,-1,-1,-1,67,10,68,15,69,12,74,11,74,10,78,12,72,11,83,7,86,3,68,7,74,5,75,5,70.32982,7,74.76077,6,76.40068,9,78.277885,8,41.841,2,87.48994,9,76.66621,9,73.20644,10,55.555553,5,60.483875,9,55.732483,7,75,3,-1,0,71.94245,2,48.56087,5,29.94012,1,57.471268,6,54.84461,12,47.759003,13,61.57636,5,66.00661,8,65.703026,10,67.340065,8,69.25208,10,44.247787,9,50.505047,11,69.44444,2,61.57636,5,65.466446,8,58.055157,8,69.25208,5,56.17978,1,65.91958,20,38.31418,2,59.88024,2,81.96721,2,-1,0,70.67139,4,-1,0,85.836914,4,113.63637,1,71,3,85,1,75,1,76,1,65,4,74,3,70,5,75,5,63,7,71,8,62,14,61,17,68,5,67,20,48,12,-1,-1,69,12,70,7,56,20,66,15,87.71931,2,65,11,69,9,60,11,73,8,-1,0,66,11,68,22,69,7,70,14,71,16,66,7,69,20,71,24,68,12,76,11,70,4,73,6,65,7,65,16,64,17,72,21,68,10,76,5,72,13,77,10,66,17,70,17,67,13,72,25,56.675064,9,71,8,74,8,63,12,74,6,101.35136,6,70,9,74,11,67,11,71,15,-1,-1,73,15,75,9,73,6,74,7,71,4,76,8,83,2,71,12,73,12,66,14,75,18
4:07:30 PM,56.81818,11,60,15,66,12,69,13,77.25985,12,80.80808,8,-1,0,80.461555,8,67.03852,9,-1,-1,-1,-1,-1,-1,-1,-1,62.124664,5,56.621582,6,74.719795,16,139.86014,4,-1,0,-1,0,-1,-1,-1,-1,94.33962,2,77.46274,4,37.949066,15,42.613636,1,65.596725,3,75.524475,9,72.95174,13,-1,-1,-1,-1,65,7,70,9,67,16,76,15,74,14,79,17,82,8,83,4,84,3,69,6,76,7,82,5,89.18687,10,75.75757,6,38.071064,3,76.754395,7,42.735046,1,78.31976,13,79.821205,11,70.42254,9,79.25072,11,62.949646,7,54.773087,7,75,3,-1,0,62.7615,3,64.52455,6,30.03003,2,44.987144,7,59.267242,11,50,19,57.962173,19,47.368423,9,66.00661,8,73.439415,12,77.85467,9,59.13272,9,65.466446,8,23.696682,1,37.481255,5,48.476456,7,58.027084,6,66.964294,9,45.04504,1,65.35948,22,39.062504,2,70,7,-1,0,40.983604,1,52.21932,4,99.99999,1,99.99999,1,77.31959,3,74,3,74,2,73,3,79,2,62,5,72,2,71,5,79,2,75,3,76,5,64,8,72,6,71,7,64,19,66,12,-1,-1,72,11,74,7,57,20,67,14,56.17977,3,61,11,65,16,65,12,72,11,55.555553,4,60,13,70,8,66,6,66,10,69,16,76,4,73,15,70,16,65,20,71,25,58,10,63,20,71,3,73,10,69,11,73,10,67,12,73,14,69,10,77,10,67,11,72,11,72,14,76,17,44.84305,8,71,14,72,19,67,16,73,12,70.175446,4,70,8,74,6,64,11,69,11,-1,-1,74,12,78,11,80,2,75,13,73,8,75,4,82,6,74,15,75,15,74,16,75,16
4:08 PM,47.112194,9,61,18,65,14,71,11,90.909096,5,66.66667,11,25.097603,9,67.46862,11,64.781334,7,-1,-1,-1,-1,-1,-1,-1,-1,77.92208,5,57.416267,10,73.6532,15,140.58107,5,-1,0,-1,0,-1,-1,-1,-1,74.2115,8,73.70471,7,43.04161,11,33.12477,3,72.088066,4,62.876606,8,73.31378,10,-1,-1,-1,-1,68,7,64,12,68,16,77,13,76,15,80,22,81,9,81,12,86,8,75,4,75,5,81,3,79.728745,9,76.92984,7,88.06262,9,75.921906,7,52.91005,2,71.900826,12,80.16674,8,73.38552,15,80.38586,10,62.597813,8,62.761505,9,75.187965,2,-1,0,59.88024,2,37.929974,3,35.971226,2,53.475933,6,62.111805,8,34.615383,9,60,6,64.26735,5,66.666664,6,55.401665,8,72.93355,9,59.34718,12,65.703026,10,112.35956,2,63.559326,6,64.252335,11,41.716324,7,46.1361,8,52.91005,2,64.26735,20,-1,0,49.019608,3,74.62686,1,-1,0,70.67139,4,74.62686,1,81.96721,3,65.27415,5,72,1,72,3,74,6,74,1,66,8,76,4,70,3,76,2,70,7,74,5,62,4,67,8,72,6,74,5,61,14,-1,-1,66,14,74,11,65,11,70,12,72.463776,2,59,18,63,17,63,13,70,18,59.34718,4,70,12,72,9,68,8,65,14,71,12,69,6,68,11,72,14,68,13,69,15,66,5,68,13,61,13,63,18,66,20,74,16,68,17,72,15,70,15,77,19,67,12,74,7,73,7,79,8,59.642143,6,68,16,73,17,65,16,72,20,65.885796,9,67,7,74,14,66,11,72,6,-1,-1,72,11,76,10,85,5,76,12,72,3,76,8,82,3,72,13,70,13,71,19,77,15
4:08:30 PM,64.64646,8,63,18,61,10,70,14,87.693665,6,85.28057,10,23.01496,9,74.41162,5,59.722218,11,-1,-1,-1,-1,-1,-1,-1,-1,73.71007,3,59.347183,11,72.00235,14,143.00307,7,-1,0,-1,0,-1,-1,-1,-1,77.639755,5,76.72263,8,35.36172,4,44.636215,5,56.126957,5,56.759056,10,71.51939,15,-1,-1,-1,-1,67,11,69,12,68,12,73,14,71,14,79,17,83,7,83,9,84,5,75,6,77,7,79,6,74.05516,3,71.31989,3,62.499996,5,75.64297,10,53.19149,1,85.29412,11,82.94624,12,54.127197,8,81.818184,9,59.642143,12,67.20431,10,53.95684,3,-1,0,52.91005,2,49.502964,5,29.94012,1,52.966106,5,57.624115,13,53.153793,15,57.471268,6,50,9,59.523815,8,68.07867,9,89.12656,10,47.6758,8,66.137566,5,85.47009,2,65.16588,11,71.42857,10,55.970146,12,60.893097,9,-1,0,62.642372,22,-1,0,62.7615,3,66.666664,12,34.72222,1,56.17978,4,51.020405,3,-1,0,87.71931,4,64,5,75,4,76,3,74,3,67,3,73,2,66,3,75,4,68,3,73,6,67,7,72,9,58,2,70,5,58,8,-1,-1,72,14,70,13,59,20,70,13,59.76096,3,62,7,63,13,54,25,62,20,47.846893,2,64,12,71,11,63,6,66,14,70,7,65,5,63,18,71,12,70,12,71,13,71,5,70,6,66,6,66,15,69,13,70,14,67,12,69,19,71,9,77,17,65,16,70,20,69,11,77,10,53.380787,3,75,9,76,10,65,18,72,16,79.78723,3,66,14,71,15,66,15,72,11,-1,-1,71,7,76,5,82,4,75,11,75,7,74,9,79,11,75,11,76,13,76,13,76,17
4:09 PM,52.681347,13,57,-1,59,14,71,12,80.05693,9,64.81931,8,24.542383,4,86.654724,6,71.9759,9,-1,-1,-1,-1,-1,-1,-1,-1,85.22727,2,79.28118,5,60.355507,13,140.37433,7,-1,0,-1,0,-1,-1,-1,-1,80.38586,5,88.56951,4,37.3599,11,42.613636,1,62.77056,4,57.72006,8,72.21375,15,-1,-1,-1,-1,66,9,72,7,69,16,76,10,77,15,78,18,79,13,79,9,85,7,77,9,74,10,78,9,81.87465,6,78.91413,2,79.365074,3,75.187965,2,69.44444,1,93.048134,12,79.65166,6,67.49156,12,75.64297,10,41.666668,5,70.42254,9,30.03003,2,-1,0,49.019608,3,51.344234,6,32.38342,5,48.622368,6,62.04757,12,58.56515,8,65.27415,5,53.763443,4,62.326874,9,49.321827,8,89.82036,3,64.655174,12,63.559326,6,51.54639,2,45.992115,7,69.28406,6,61.391544,9,65.466446,8,49.099834,6,48.342545,21,29.94012,1,59.422752,7,65.35948,4,-1,0,68.49315,7,62.111805,2,-1,0,89.82036,3,71,3,76,4,71,7,73,3,61,10,74,3,74,3,77,3,68,9,69,10,67,12,69,12,76,2,74,10,69,7,-1,-1,69,16,73,15,57,17,67,16,63.02521,3,63,13,69,15,51,15,62,16,48.30918,2,62,16,68,23,59,10,64,13,68,16,71,7,67,10,70,11,62,17,73,11,68,7,71,5,72,5,71,11,74,6,72,14,58,18,65,15,68,12,75,14,68,9,73,18,67,15,73,17,52.173912,12,69,13,77,6,66,9,78,7,72.88629,5,62,14,68,14,66,14,70,12,-1,-1,70,12,76,11,80,4,75,6,75,5,78,10,80,5,66,16,61,15,68,18,76,21
4:09:30 PM,54.545456,10,62,13,67,12,68,13,86.50519,11,83.10957,13,18.847773,10,85.227264,5,44.911427,5,-1,-1,-1,-1,-1,-1,-1,-1,65.40222,5,62.124664,5,57.29565,10,147.42014,6,-1,0,-1,0,-1,-1,-1,-1,73.924736,11,69.62691,14,36.049362,13,39.241337,2,53.646927,2,67.75833,6,66.7631,10,-1,-1,-1,-1,65,6,67,14,69,19,68,13,70,18,76,26,72,2,80,7,89,1,76,5,78,8,79,5,87.03482,11,79.80082,5,77.31959,3,71.94245,4,-1,0,73.23232,5,80.78415,3,69.26952,11,73.22175,7,63.0063,14,65.703026,10,72.9927,6,-1,0,53.00354,3,52.958836,1,24.549917,3,79.365074,6,59.642143,12,58.708416,12,58.027084,6,62.7615,3,69.25208,5,60.06006,4,84.745766,8,43.10345,9,65.31205,9,86.50519,5,57.471268,6,73.89163,6,48.491383,9,64.26735,5,48.54369,2,68.610634,8,39.062504,2,60.06006,4,-1,0,35.971226,1,66.28787,7,87.71931,4,-1,0,113.63637,1,73,3,-1,0,69,7,79,2,60,10,73,11,69,6,72,3,74,4,74,7,64,12,67,5,69,5,70,13,73,7,-1,-1,66,13,70,14,57,21,66,18,51.02041,1,61,16,64,16,66,15,71,17,69.44444,1,61,15,68,18,63,8,63,19,69,24,61,8,69,13,67,17,65,13,71,11,66,6,71,7,67,10,69,11,69,11,75,9,70,11,70,15,65,16,71,23,64,7,73,13,71,13,79,15,52.465897,10,68,14,72,19,63,14,74,11,75,3,66,8,73,8,62,16,68,16,-1,-1,67,12,75,13,75,8,68,16,71,9,74,9,81,4,68,12,77,7,73,13,80,12
4:10 PM,57.873165,8,65,12,69,7,72,9,76.07455,8,90.90909,4,14.680297,9,77.89855,11,72.467255,14,-1,-1,-1,-1,-1,-1,-1,-1,70.2302,3,75.49544,8,56.098965,13,144.81093,9,-1,0,-1,0,-1,-1,-1,-1,75.75757,8,74.12587,8,40.225258,10,44.16636,4,55.58598,1,70.129875,9,60.531334,9,-1,-1,-1,-1,66,12,63,12,67,14,69,8,77,13,79,16,82,8,78,4,83,8,71,7,72,9,83,3,76.54948,10,73.07805,4,74.40477,10,75,9,53.19149,1,75.58382,10,75.32714,7,57.14286,4,85.47009,2,50.607285,5,66.137566,5,69.44444,2,-1,0,-1,0,58.112175,5,30.413624,5,57.471268,3,55,11,56.258785,8,56.2701,7,56.947613,10,67.95017,12,78.988945,10,78.82882,7,71.94245,4,71.94245,4,-1,0,53.846153,7,52.91005,8,62.597813,8,70.8502,7,-1,0,74.94647,7,-1,0,49.504955,6,72.81554,3,-1,0,52.21932,4,66.66667,4,-1,0,81.96721,4,68,5,76,2,72,6,78,4,59,10,73,1,69,8,77,7,70,7,80,3,72,6,67,5,77,5,71,6,69,8,-1,-1,68,14,74,14,54,19,66,16,62.81407,5,60,14,66,20,61,18,71,19,59.88024,2,65,12,71,19,66,1,66,14,68,22,68,6,64,22,68,25,69,16,69,13,66,4,68,10,66,4,70,9,69,9,70,12,71,10,72,21,74,14,76,15,54,19,63,21,67,9,70,8,62.630486,6,70,14,74,13,66,21,72,17,65.50218,3,67,12,73,10,61,12,70,6,-1,-1,63,12,76,13,87,3,75,11,76,4,77,6,86,3,77,10,70,12,73,10,77,16
4:10:30 PM,54.883194,13,63,12,69,8,76,7,79.74482,8,63.675552,13,29.235693,7,73.9891,4,69.065216,4,-1,-1,-1,-1,-1,-1,-1,-1,82.02324,2,84.1318,6,65.37982,7,117.72401,3,-1,0,-1,0,-1,-1,-1,-1,80.38586,5,75.28409,10,32.451435,12,-1,0,66.383255,2,71.676025,10,56.087868,12,-1,-1,-1,-1,70,8,67,13,68,17,69,13,74,11,79,15,76,9,79,8,81,6,76,3,79,4,78,5,84.77054,12,77.1724,8,70.32349,10,72.81554,3,38.31418,2,86.093155,9,77.96663,8,63.157898,12,69.25208,5,57.471268,3,62.388588,7,71.09004,3,-1,0,69.44444,1,53.209827,4,28.08989,2,58.411213,5,54.773087,14,46.826225,18,45.703842,10,55.07956,9,66.02641,11,77.90368,11,88.676674,13,69.23077,9,71.09005,9,62.111805,2,52.91005,4,71.09004,3,52.966106,10,57.23205,11,45.04504,1,65.55423,11,42.857143,3,45.731705,3,66.66667,8,41.841,2,-1,0,89.82036,3,-1,0,83.682,4,67,7,-1,0,69,6,86,1,66,9,75,4,64,6,73,4,71,6,74,7,68,7,72,7,72,3,73,6,64,13,-1,-1,73,14,74,10,44,19,60,18,69.93007,2,59,16,66,19,56,21,65,20,51.282055,2,63,15,68,17,70,8,64,16,70,17,66,1,69,15,69,20,61,19,67,28,65,8,66,19,71,5,65,14,68,11,68,12,68,18,73,21,73,12,75,21,51,13,58,16,62,15,68,20,76.92309,1,72,8,73,5,62,15,72,16,50.81301,10,68,12,70,18,62,18,70,13,-1,-1,66,7,80,7,80,4,75,9,72,7,73,4,79,10,74,14,72,14,70,22,77,18
4:11 PM,57.72006,4,64,10,68,9,71,9,83.14855,6,79.28118,6,24.644033,6,77.561325,10,50.50505,12,-1,-1,-1,-1,-1,-1,-1,-1,-1,0,57.747833,11,57.90973,12,167.46413,7,-1,0,-1,0,-1,-1,-1,-1,94.33962,2,80.30303,2,33.7859,18,-1,0,64.07828,2,68.67234,7,67.75833,4,-1,-1,-1,-1,69,9,67,11,73,13,73,16,75,15,76,18,77,7,76,12,84,11,74,7,73,8,75,8,73.029465,12,71.13387,8,81.190796,12,69.87578,9,47.393364,2,74.70804,9,73.07805,4,70.42254,9,77.85467,9,59.523808,9,62.111805,4,48.54369,2,-1,0,59.95204,5,49.678196,3,-1,0,64.26735,10,60.827248,10,54.911533,18,48.939644,18,67.91171,8,66.06111,16,70.043106,13,73.22175,14,60.386475,10,66.334984,16,93.16771,3,67.46626,9,67.46626,9,64.28572,9,69.44444,2,56.17978,1,47.826088,11,45.045044,3,64.377686,3,76.754395,7,-1,0,64.28572,9,75.187965,2,-1,0,99.99999,1,68,5,71,2,70,7,76,2,65,8,73,4,69,6,76,4,70,5,75,9,66,12,67,12,69,4,70,7,72,4,-1,-1,63,9,72,13,55,17,65,18,82.64462,2,57,11,64,20,50,11,58,17,45.871555,2,61,15,69,19,61,3,58,17,65,20,67,6,69,17,69,18,66,19,71,16,57,16,62,17,66,10,63,20,63,12,68,23,67,16,69,13,68,14,75,19,58,15,62,18,64,13,71,17,53.763435,3,63,16,68,20,68,8,75,6,82.64462,2,66,12,71,13,66,17,69,16,-1,-1,69,13,78,15,77,5,73,17,69,7,75,11,78,9,74,13,71,14,71,15,76,17
4:11:30 PM,50.411697,5,61,20,65,8,64,18,81.79481,7,90.90909,4,27.52504,6,79.11953,9,76.349434,2,-1,-1,-1,-1,-1,-1,-1,-1,65.454544,6,72.9927,11,59.137287,17,144.30014,5,-1,0,-1,0,-1,-1,-1,-1,88.33923,5,83.35955,8,41.127583,8,69.93007,1,60.30897,4,51.67464,9,71.09005,11,-1,-1,-1,-1,69,8,66,11,70,10,74,16,75,11,79,18,75,8,79,14,83,6,71,9,75,10,76,12,44.263992,10,68.25006,4,66.22516,12,79.365074,6,52.91005,2,81.63802,15,73.03108,10,62.499996,10,66.666664,6,57.283142,7,65.27415,5,64.10256,1,-1,0,69.44444,1,50.03241,5,23.041471,1,62.7615,3,54.347828,7,45.193096,11,64.377686,3,28.328611,4,72.46376,7,73.11586,13,81.86398,13,65.07592,12,65.703026,20,69.44444,1,65.07592,12,66.66667,8,69.25208,10,77.18696,9,58.593754,3,69.20415,12,38.31418,4,81.96721,2,-1,0,-1,0,76.754395,7,53.19149,1,-1,0,69.12441,3,73,2,72,4,67,8,74,4,63,11,70,7,68,3,77,3,71,7,85,1,72,5,69,10,72,6,71,17,64,5,-1,-1,64,15,67,15,62,9,71,14,67.1141,2,51,16,55,23,48,15,57,18,49.668877,3,58,13,67,20,66,6,63,14,67,18,63,3,62,16,66,22,67,15,70,18,63,10,66,17,52,14,51,24,59,14,63,20,67,16,69,22,70,15,74,18,61,17,70,18,70,14,74,24,58.593754,9,65,17,69,19,57,21,68,16,70.92199,2,67,8,71,7,64,15,70,8,-1,-1,69,8,74,19,83,3,72,12,72,5,73,7,79,10,73,9,72,15,78,13,78,17
4:12 PM,42.97033,16,58,18,64,17,67,18,89.83112,10,83.55615,10,27.272728,5,65.27239,6,74.8868,4,-1,-1,-1,-1,-1,-1,-1,-1,71.77034,3,42.466187,9,57.641632,20,140.58107,5,-1,0,-1,0,-1,-1,-1,-1,78.988945,10,84.233955,8,39.66942,8,43.04161,11,57.312252,2,62.337666,8,56.78339,17,-1,-1,-1,-1,69,9,67,8,70,8,76,12,77,15,78,15,74,13,78,15,86,14,72,5,72,8,78,10,69.37799,10,64.46147,7,48.40271,10,67.20431,5,-1,0,68.89453,9,75.15633,10,66.19594,15,70.32349,10,53.317535,9,58.949623,11,90.09008,2,-1,0,-1,0,52.958836,1,29.027578,4,54.945053,8,61.262962,13,49.54583,12,50.93379,6,63.636364,7,65.6045,14,37.846928,9,75,12,49.668873,9,67.91171,8,64.308685,4,64.26735,10,68.55184,16,64.252335,11,71.74393,13,50,3,64.308685,8,42.735046,1,69.12441,3,73.52941,4,42.918457,2,78.32898,6,79.365074,3,-1,0,113.63637,1,69,3,-1,0,69,5,79,2,62,10,71,7,71,10,76,10,77,6,79,9,68,5,73,5,78,1,73,10,52,11,-1,-1,69,12,71,6,51,22,63,17,-1,0,50,7,51,14,52,16,55,20,57.692314,3,63,9,70,14,67,6,62,13,69,22,68,7,66,10,67,23,62,17,72,22,71,9,69,12,55,8,41,20,53,12,63,17,66,13,73,11,72,12,75,20,66,14,71,17,69,12,73,15,61.881187,10,71,12,71,23,57,20,64,20,70.42253,5,63,13,70,14,64,14,67,7,-1,-1,70,12,76,7,80,9,77,9,73,9,77,12,82,13,73,9,75,9,75,12,79,10
4:12:30 PM,38.8685,15,63,15,67,11,66,-1,73.07805,5,80.213905,15,26.781729,3,77.266075,9,66.27621,11,-1,-1,-1,-1,-1,-1,-1,-1,54.545452,1,77.55278,9,65.230896,12,140.37433,7,-1,0,-1,0,-1,-1,-1,-1,70.42254,14,76.86953,20,38.480038,4,33.259422,2,61.928005,12,46.948357,11,69.8306,18,-1,-1,-1,-1,70,7,65,13,66,19,78,10,77,16,80,12,75,10,81,12,86,10,73,6,75,13,79,13,71.64032,9,69.53274,7,67.340065,8,61.188812,7,53.19149,1,54.144882,11,61.3882,9,58.411213,10,69.93007,8,60.893097,9,61.867264,11,78.12501,2,-1,0,64.308685,4,-1,0,30.487804,2,52.950073,7,54.945053,13,53.57143,15,56.625145,10,55.95117,11,65.39236,13,85.76329,10,81.38352,16,51.54639,11,57.369816,13,-1,0,53.50195,11,69.708496,11,61.457417,14,66.964294,18,39.062504,1,49.770287,13,34.72222,1,69.44444,1,63.85696,10,34.72222,1,73.52941,4,81.96721,2,-1,0,112.35956,2,65,3,81,1,73,5,-1,0,66,9,71,4,65,8,77,8,73,4,78,8,70,10,73,11,75,1,72,6,39,5,-1,-1,72,9,72,15,55,10,67,12,71.42858,3,45,18,45,17,57,16,62,22,41.32231,2,61,14,67,21,62,8,63,13,70,16,78,3,62,13,67,23,64,11,70,22,70,7,71,11,65,14,59,19,61,16,71,20,66,17,69,11,68,16,74,12,64,14,70,20,64,16,73,21,55.813953,12,72,11,73,13,66,15,69,23,62.735264,10,64,12,67,22,57,18,67,16,-1,-1,67,14,77,7,82,3,76,13,65,12,73,15,79,14,74,8,72,7,75,20,78,13
4:13 PM,38.68472,15,55,22,66,12,67,14,72.478775,14,66.74161,19,26.816841,5,68.84895,6,72.73343,11,-1,-1,-1,-1,-1,-1,-1,-1,62.98551,5,50.36515,10,71.28539,21,139.86014,4,-1,0,-1,0,-1,-1,-1,-1,76.14213,6,70.03171,4,31.835869,12,35.650623,2,57.312252,4,59.721302,9,68.734146,14,-1,-1,-1,-1,70,8,67,15,68,16,76,12,80,12,81,12,77,5,80,8,-1,0,67,8,73,14,79,13,83.14856,15,80.47901,10,63.559326,12,70.24266,11,48.231514,3,59.713787,8,78.60223,7,43.252594,10,72.72727,8,38.16794,7,67.20431,5,59.88024,2,-1,0,59.88024,2,54.290493,5,27.272728,3,81.96721,2,55.970146,12,48.476456,14,62.03474,10,28.57143,4,65.35948,4,57.624115,13,77.77778,7,65.703026,10,61.6836,17,26.455025,2,60.024014,10,55.331993,11,51.706306,10,70.67139,4,53.19149,1,66.66667,16,33.955856,4,71.09004,3,69.708496,11,-1,0,69.25208,5,81.96721,2,-1,0,107.29614,5,72,7,79,4,73,5,82,2,66,7,74,1,72,6,77,2,69,10,76,13,67,11,70,16,76,8,76,15,66,5,-1,-1,66,18,70,10,62,16,71,18,62.111805,2,43,9,49,15,46,24,57,19,-1,0,63,13,66,22,61,7,60,16,67,20,70,7,64,14,70,16,62,16,67,22,70,1,73,2,72,7,70,12,68,10,72,21,66,12,68,20,70,20,75,15,67,12,70,13,68,16,75,13,50.441364,8,66,17,72,19,64,19,72,13,79.78723,3,69,14,71,23,55,18,65,21,-1,-1,62,11,73,14,80,5,75,8,72,3,75,10,80,7,68,15,69,20,73,16,78,23
4:13:30 PM,46.461205,10,48,24,62,17,70,20,71.20816,6,79.166115,12,26.71614,12,69.13183,11,63.978577,16,-1,-1,-1,-1,-1,-1,-1,-1,71.20816,5,69.66214,10,66.55197,21,140.4604,6,-1,0,-1,0,-1,-1,-1,-1,113.63637,1,77.214455,2,31.515152,13,-1,0,61.02693,5,53.371284,10,70.68525,18,-1,-1,-1,-1,70,15,65,13,69,19,73,14,74,18,78,23,83,7,80,8,84,6,69,4,76,7,76,1,82.38636,10,69.29047,4,71.70795,11,82.72058,9,30.36437,3,67.391716,10,75.15633,10,57.23205,11,80.38586,5,39.308178,10,61.391544,9,89.285706,1,-1,0,47.393364,2,56.991226,4,29.94012,1,44.091713,5,62.388588,7,50.167225,18,55.248615,14,53.95684,6,67.04981,7,55.401665,8,89.82036,3,50,9,67.698265,7,64.308685,4,71.09004,6,70.237045,16,51.02041,11,67.659,10,64.10256,2,48.54369,11,35.971226,1,64.308685,4,60.240963,1,42.735046,1,69.12441,3,72.81554,3,-1,0,79.365074,3,70,1,-1,0,73,4,80,3,63,8,78,4,70,5,74,2,69,10,73,7,65,9,69,18,79,6,70,17,72,15,-1,-1,63,13,71,10,60,17,65,10,86.2069,2,51,11,47,17,42,14,59,16,52.91005,4,60,16,64,22,65,5,63,12,69,22,61,4,66,19,71,22,57,16,67,18,58,7,62,8,70,3,74,7,66,13,70,18,67,17,68,17,70,11,73,18,63,17,70,19,68,15,73,17,54.47942,9,61,20,68,22,66,19,74,17,57.636887,8,66,13,71,11,54,19,60,26,-1,-1,58,18,68,21,83,4,73,18,71,4,71,5,83,1,73,9,73,15,75,17,79,21
4:14 PM,47.021946,7,51,10,63,13,67,20,73.4831,7,83.916084,12,26.650875,6,63.27665,6,64.506454,8,-1,-1,-1,-1,-1,-1,-1,-1,75.40846,3,78.48267,4,76.86677,11,140.4604,6,-1,0,-1,0,-1,-1,-1,-1,94.63723,6,74.81648,6,38.24769,18,35.077465,2,66.383255,2,69.13239,10,67.257034,20,-1,-1,-1,-1,70,6,70,9,65,16,73,13,74,15,79,16,80,8,81,7,89,10,73,3,75,9,82,2,83.782745,12,63.13131,5,75.54945,11,56.17978,4,57.471268,3,85.4575,8,73.044495,14,56.24297,10,72.72727,16,51.440327,10,66.666664,6,-1,0,-1,0,-1,0,61.23967,6,30,3,46.62841,13,55.98622,13,53.324974,17,55.187634,10,43.56244,9,61.391544,9,76.17729,11,78.82882,7,46.666668,7,64.308685,4,72.81554,3,49.668873,9,79.365074,6,61.652287,10,67.62468,16,57.471268,3,74.682594,20,42.735046,1,57.75578,7,-1,0,39.16449,3,64.377686,3,-1,0,-1,0,43.38395,4,65,4,73,4,70,3,72,1,69,6,76,3,68,7,78,5,69,9,76,8,68,14,73,5,76,6,74,12,71,12,-1,-1,67,12,70,14,61,18,67,14,72.72727,4,59,10,51,13,50,18,58,18,44.77612,3,61,13,68,18,63,10,67,11,69,20,64,4,65,12,70,23,66,17,72,24,73,6,75,4,65,8,64,12,64,11,70,16,66,18,68,24,73,17,76,20,66,12,68,17,70,12,73,17,54.945053,6,68,12,74,15,60,22,67,16,64.794815,6,67,9,71,22,64,17,68,11,-1,-1,62,18,74,15,78,5,74,10,74,7,78,9,82,7,74,14,72,17,76,11,78,13
4:14:30 PM,58.275063,5,63,11,65,12,69,8,75.95232,13,79.83236,16,26.5428,8,67.1775,7,70.630745,11,-1,-1,-1,-1,-1,-1,-1,-1,81.41112,1,82.51959,10,72.92792,9,142.70613,9,-1,0,-1,0,-1,-1,-1,-1,53.19149,1,67.6711,1,40.705563,9,-1,0,50.885693,3,72.72727,4,73.43941,11,-1,-1,-1,-1,68,9,66,10,66,16,72,12,79,15,78,17,71,11,79,14,84,13,75,9,75,11,78,8,73.23232,5,72.99981,6,80,8,73.89163,6,-1,0,79.92707,13,60.12506,2,65.466446,8,71.57464,7,48.30918,8,64.59949,15,69.44444,2,-1,0,42.735046,1,53.209827,2,25.773195,1,58.922558,7,74.15255,7,57.531376,11,60.72874,6,53.50195,11,55.897152,20,52.56242,8,75.026794,14,61.349693,12,59.97001,8,71.09004,3,41.666668,5,71.09004,3,62.761505,9,52.910057,6,56.17978,1,59.652927,11,42.826557,4,66.00661,8,72.72727,8,29.94012,1,75,6,66.66667,4,-1,0,81.96721,3,68,2,71,5,72,6,77,5,65,6,71,6,66,2,75,4,77,11,82,9,66,8,71,8,73,3,76,7,68,14,-1,-1,67,10,66,6,60,15,69,20,68.965515,2,58,16,62,17,62,15,59,19,52.631584,3,50,10,67,22,66,3,66,14,71,19,58,12,67,12,68,21,65,14,71,22,65,16,69,13,69,8,73,10,68,13,75,23,65,14,66,20,67,19,75,24,66,19,71,20,70,10,72,18,64.72492,4,67,16,71,16,57,15,64,19,55.084747,13,66,13,68,11,65,18,72,22,-1,-1,70,13,73,12,79,7,76,19,75,6,79,10,81,9,75,8,72,13,73,14,77,16
4:15 PM,36.68977,9,57,15,60,14,68,17,79.54545,7,84.96177,16,19.41887,9,73.49231,14,71.33377,12,-1,-1,-1,-1,-1,-1,-1,-1,-1,0,66.357,5,71.53981,7,140.33994,15,-1,0,-1,0,-1,-1,-1,-1,81.845245,11,83.3916,9,37.65465,14,38.548027,2,164.77272,1,79.36508,11,67.75833,8,-1,-1,-1,-1,72,12,68,9,67,14,73,12,71,10,79,17,66,12,81,6,85,11,70,5,76,8,77,9,83.1422,11,68.04573,2,77.369446,8,73.89163,6,47.393364,2,77.54011,10,74.76077,6,64.27915,14,56.17978,4,57.283142,7,64.26735,5,72.81554,3,-1,0,52.91005,2,54.501328,2,29.94012,1,62.7615,6,57.531376,11,50.93379,12,62.761505,9,31.298906,8,48.104126,17,60.015007,16,70.42254,18,46.38219,10,62.814075,15,78.12501,4,69.16997,7,74.15255,7,50.556118,10,72.81554,3,53.19149,1,67.567566,22,42.735046,1,62.7615,3,62.923523,13,26.455025,1,79.365074,3,-1,0,-1,0,107.29614,5,72,4,76,5,72,5,74,5,67,8,71,4,70,8,72,3,68,4,71,5,68,15,74,16,72,5,73,12,67,10,-1,-1,67,18,70,20,62,12,68,7,-1,0,58,10,60,24,51,23,64,21,60.60606,2,64,12,67,19,61,8,57,13,74,17,66,2,68,16,68,21,65,14,71,20,65,13,64,21,66,14,69,14,67,10,71,17,72,11,69,19,67,15,72,19,62,18,71,22,69,18,76,21,58.548016,5,69,14,71,14,61,19,68,18,64.377686,3,65,14,68,18,61,18,67,9,-1,-1,68,19,76,17,69,8,74,11,64,10,73,12,75,15,71,14,72,18,74,11,76,20
4:15:30 PM,51.030052,9,65,16,68,12,72,15,86.698044,7,58.946815,9,9.948104,10,74.69599,8,70.630745,11,-1,-1,-1,-1,-1,-1,-1,-1,51.652893,5,74.719795,14,58.139538,22,143.03877,15,-1,0,-1,0,-1,-1,-1,-1,81.96721,4,77.41294,5,40.34427,15,30.643517,1,49.081234,1,70.83826,7,74.312614,5,-1,-1,-1,-1,74,10,73,9,73,11,75,16,74,16,77,23,75,9,74,12,84,6,65,8,70,10,75,13,87.37948,7,69.97314,5,74.94647,7,72.9927,6,62.111805,2,88.19951,11,78.69555,5,74.94647,7,73.74631,5,60.634327,13,54.347828,7,69.44444,2,-1,0,57.471268,3,50.573296,1,32.154343,2,51.90311,6,57.142857,12,52.710842,14,65.35948,4,58.67014,9,48.046124,15,47.6758,8,59.52381,17,49.321827,16,67.675156,17,69.44444,2,68.610634,8,64.93507,7,61.391544,9,67.698265,7,51.75983,5,72.38883,14,35.971226,1,62.7615,3,74.4249,11,29.94012,1,70.546745,8,69.44444,1,-1,0,79.365074,3,75,7,81,1,74,5,76,5,65,10,69,10,71,6,78,5,67,7,74,4,63,8,67,13,76,8,73,15,71,9,-1,-1,64,15,69,9,52,23,65,23,71.68458,4,53,8,57,13,36,19,55,13,62.89308,2,58,19,62,25,63,4,47,19,56,18,68,5,74,6,77,13,66,16,70,20,65,12,63,22,65,14,63,20,66,14,70,21,66,15,70,18,72,15,76,19,62,16,65,19,66,16,74,17,62.370068,6,69,16,71,22,64,14,65,15,65.21739,6,63,14,69,19,63,15,67,16,-1,-1,67,14,73,5,76,5,74,14,63,5,75,10,79,11,70,18,71,10,74,18,78,23
4:16 PM,46.443623,9,63,20,70,12,69,15,51.440327,11,81.84337,13,20.038742,5,70.39179,10,50.899624,7,-1,-1,-1,-1,-1,-1,-1,-1,75.40846,3,67.1141,11,64.984184,18,142.41632,10,-1,0,-1,0,-1,-1,-1,-1,77.639755,5,84.430756,6,38.684723,8,36.363636,5,57.760708,8,73.78677,13,55.305912,16,-1,-1,-1,-1,69,10,69,13,70,16,75,17,76,13,79,19,70,2,81,9,84,9,70,6,74,9,77,9,84.77054,12,73.111626,7,76.62836,4,70.8502,7,-1,0,77.67064,7,73.598694,10,65.72295,13,74.2115,8,59.288544,6,56.17977,3,65.789474,3,-1,0,53.19149,1,47.573193,4,24.630543,2,42.19409,6,55.487057,9,54.229935,10,61.53846,8,62.761505,9,61.199512,10,78.03122,13,70.694084,11,43.898155,10,51.052963,16,66.66667,4,45.48408,14,67.1141,22,55.401665,8,70.694084,11,43.859653,2,37.273693,7,42.918457,2,64.338234,7,66.66667,2,-1,0,81.96721,3,66.66667,2,-1,0,105.8201,4,70,7,73,3,75,6,79,3,66,6,71,3,73,9,71,10,72,6,77,4,64,10,66,7,71,2,68,14,66,14,-1,-1,65,19,70,9,62,12,68,15,68.49315,1,55,13,57,21,46,15,47,20,51.02041,1,50,17,49,17,63,4,59,16,59,22,66,3,43,20,57,19,72,8,75,9,70,8,70,15,63,12,61,22,64,16,64,20,64,16,72,17,70,16,75,16,67,9,72,22,67,19,71,24,55.555557,13,62,17,72,18,62,21,68,18,47.468353,3,64,8,65,16,56,19,68,17,-1,-1,69,12,75,15,84,2,70,14,72,6,71,11,78,7,75,9,70,15,71,16,77,22
4:16:30 PM,54.99542,11,59,24,67,15,66,18,93.187,9,79.166115,12,26.535625,9,50.24538,10,70.5808,13,-1,-1,-1,-1,-1,-1,-1,-1,68.181816,5,61.35596,10,59.958885,15,140.4604,6,-1,0,-1,0,-1,-1,-1,-1,84.26967,3,79.6657,5,38.262596,9,-1,0,50.885693,6,70.09345,11,63.481724,13,-1,-1,-1,-1,67,9,68,12,72,13,74,12,78,13,80,23,78,8,82,13,85,10,68,5,73,11,78,7,68.94256,5,46.006626,4,88.42444,11,75,6,53.19149,1,80.26818,9,71.921745,9,63.636364,7,74.96251,10,60.97561,8,67.91171,8,71.09004,3,-1,0,57.471268,3,59.719536,1,32.154343,2,59.97001,8,59.652927,11,49.234135,18,57.518486,14,46.153847,6,52.173912,12,72.75132,11,70.546745,8,61.457417,14,68.23821,11,77.639755,5,42.01681,7,45.42873,16,42.850697,19,58.139538,21,54.644806,2,67.28343,16,36.60322,5,69.44444,1,-1,0,37.5,3,59.288544,6,71.94245,2,-1,0,85.03401,5,60,6,73,5,71,6,74,4,64,8,71,4,71,6,74,5,65,8,75,8,63,9,75,5,67,6,71,9,67,13,-1,-1,72,12,72,6,60,17,67,7,57.971016,4,48,13,51,17,56,15,59,20,-1,0,52,15,59,15,60,7,58,15,59,18,61,4,39,19,48,19,50,19,66,18,69,7,73,8,69,10,69,12,72,12,72,7,70,17,73,11,73,13,78,16,62,16,71,18,68,12,77,19,48.03074,10,68,15,70,22,59,22,70,14,68.32298,11,65,13,68,16,57,14,63,15,-1,-1,64,14,70,17,73,5,75,13,70,3,76,12,80,9,71,15,71,13,73,16,75,22
4:17 PM,54.985332,10,60,18,64,18,67,19,83.98068,8,80.78415,15,26.294008,9,74.22324,9,67.0513,8,-1,-1,-1,-1,-1,-1,-1,-1,75.75757,2,65.14186,15,51.05708,23,140.30986,8,-1,0,-1,0,-1,-1,-1,-1,83.333336,5,82.16545,10,39.263065,13,-1,0,51.262627,5,61.287033,4,68.68687,17,-1,-1,-1,-1,60,9,66,13,65,18,72,13,74,21,78,23,78,6,80,8,81,4,75,4,77,13,77,9,77.54011,10,65.832115,13,73.89163,6,55.147057,6,52.91005,2,82.10646,11,68.766335,8,66.37167,9,67.698265,7,58.333336,7,64.28572,9,69.44444,1,-1,0,61.475407,3,56.136364,3,26.455025,1,55.147057,6,56.550426,12,52.51313,14,54.42671,15,38.722168,8,67.04981,14,51.72414,15,79.075424,13,56.876938,11,65.27415,5,69.44444,2,62.05674,14,70.42254,9,50,9,46.25736,11,-1,0,66.06111,16,69.44444,1,58.997047,4,83.1025,6,-1,0,76.21951,5,74.62686,1,-1,0,-1,0,70,3,-1,0,66,3,74,6,67,11,71,4,71,7,77,3,63,13,76,13,63,9,72,7,71,7,76,3,63,11,-1,-1,69,19,72,12,51,20,65,15,49.140045,4,57,11,66,9,51,20,58,19,56.49718,4,56,15,59,20,59,8,53,13,55,20,60,6,49,14,49,17,58,20,66,16,56,2,71,1,67,6,68,10,60,10,71,18,66,14,72,13,69,17,78,18,62,16,70,17,68,19,73,17,56.818184,4,68,13,71,21,60,20,66,26,46.63213,9,64,12,73,14,50,25,63,16,-1,-1,63,13,70,14,80,5,74,15,71,7,78,11,80,6,73,15,72,10,77,12,78,12
4:17:30 PM,63.572792,5,65,14,68,8,71,14,74.380165,9,63.636364,14,28.203438,5,72.39057,7,66.100655,13,-1,-1,-1,-1,-1,-1,-1,-1,81.81818,3,85.39405,8,67.04446,16,-1,0,-1,0,-1,0,-1,-1,-1,-1,73.68421,14,75.6624,15,38.16794,11,46.62005,1,67.84759,4,70.486176,13,58.36576,22,-1,-1,-1,-1,64,8,63,14,63,17,75,11,78,11,79,10,79,9,82,14,85,5,71,5,76,7,79,5,70.93933,11,83.20654,7,86.666664,13,70.821526,10,53.19149,1,81.36925,7,54.423546,5,76.04563,12,70.224724,5,58.823532,10,61.57636,5,-1,0,-1,0,53.19149,1,47.272728,8,35.335693,2,55.555553,5,58.823532,10,50.30181,10,57.471264,9,43.238995,11,58.997047,16,48.30918,8,81.775696,14,42.40052,13,64.28572,18,56.17978,4,55.928413,10,71.09004,3,61.62695,15,71.57464,7,48.54369,2,50.79007,18,39.717564,9,52.91005,2,67.04981,7,40.48583,4,61.11111,11,94.33962,2,-1,0,87.2093,3,64,1,72,2,70,4,77,2,64,10,73,9,72,10,71,5,70,8,67,11,67,15,71,15,70,4,75,11,70,6,-1,-1,71,14,76,14,67,18,72,13,56.390976,3,58,15,62,21,44,21,54,18,60.60606,2,60,17,64,18,49,8,41,15,38,19,59,6,49,11,46,22,60,16,68,18,68,10,70,8,68,6,67,10,68,11,70,16,71,17,72,19,72,15,79,15,66,15,73,17,69,13,75,14,50.69124,11,63,18,72,13,63,15,68,19,63.492065,8,61,13,66,27,61,16,70,10,-1,-1,60,19,69,18,82,5,74,14,71,6,74,10,80,8,71,10,71,15,73,16,78,18
4:18 PM,51.73688,7,63,12,67,8,72,11,72.61109,15,80.65446,14,25.178345,11,69.474365,5,55.58428,11,-1,-1,-1,-1,-1,-1,-1,-1,63.0063,7,85.44979,6,69.67485,12,139.86014,1,-1,0,-1,0,-1,-1,-1,-1,79.726654,7,72.27273,9,37.168964,12,35.70897,16,66.864296,7,75.54773,5,71.00097,17,-1,-1,-1,-1,60,15,69,12,67,17,75,15,76,17,78,22,79,10,79,8,89,12,70,6,75,11,80,10,81.87464,8,93.14456,3,61.199512,10,69.25208,5,53.19149,1,77.14304,16,74.3095,13,69.20415,8,56.285175,6,59.523815,8,46.38219,5,69.44444,2,-1,0,62.7615,3,48.532883,6,29.94012,1,63.559326,6,60.024014,10,57.932262,13,57.283142,7,44.080605,7,63.636364,14,55.594162,16,70.42254,14,49.164207,10,66.66667,8,36.173634,9,66.137566,10,73.924736,11,55.487057,9,71.94245,6,47.318615,3,52.941177,9,37.5,3,65.31205,9,89.285706,1,30.03003,2,62.7615,6,94.33962,2,-1,2,138.88889,2,72,4,75,3,72,4,76,4,61,11,68,6,70,8,78,6,69,10,76,7,60,15,65,13,70,8,74,11,77,8,-1,-1,68,12,72,10,58,19,68,15,79.365074,3,63,14,67,12,39,19,49,18,-1,0,61,16,63,17,53,11,35,14,32,18,55,10,50,18,56,16,58,12,65,19,64,5,70,2,67,12,70,12,65,11,73,14,63,16,67,18,69,16,75,22,66,14,73,18,72,9,77,15,54.806072,13,62,19,68,15,57,25,68,13,76.33588,8,65,12,71,15,62,19,65,24,-1,-1,50,16,59,14,77,7,73,10,73,5,73,9,79,10,74,12,73,16,74,14,74,26
4:18:30 PM,55.65863,8,59,17,66,7,71,18,84.697914,9,70.65474,12,23.273855,11,62.71268,12,64.62129,13,-1,-1,-1,-1,-1,-1,-1,-1,65.520065,4,79.6284,6,69.89349,7,139.86015,3,-1,0,-1,0,-1,-1,-1,-1,87.2093,3,79.6657,5,39.44629,18,-1,0,53.0303,6,71.41794,16,74.5496,12,-1,-1,-1,-1,69,8,63,18,60,23,76,10,76,11,77,17,80,14,77,10,81,7,74,8,74,6,79,10,74.15932,16,75.32714,7,72.72727,8,78.82882,7,51.90311,3,91.223656,12,50.795315,7,63.02521,18,75.026794,14,60.55363,7,63.37136,10,72.81554,3,-1,0,53.19149,1,53.633465,6,31.38075,3,75,6,59.422752,7,54.545456,12,59.422752,7,49.668873,9,63.87921,11,61.02212,16,76.50765,17,45.385777,12,55.16841,19,69.44444,1,67.698265,7,67.340065,8,58.333336,14,69.73501,10,48.54369,2,77.90368,11,39.062504,2,59.267242,11,-1,0,29.94012,1,81.96721,2,-1,0,85.836914,4,85.47009,2,71,4,69,1,69,6,76,4,70,5,73,4,64,6,75,9,70,6,73,4,67,10,71,7,66,4,68,14,73,9,-1,-1,65,11,70,10,65,13,69,12,56.43341,5,65,12,69,17,43,18,45,19,72.9927,2,53,16,58,18,50,6,33,12,32,16,60,7,58,14,61,13,57,16,63,19,71,8,67,13,65,6,69,4,69,7,69,21,64,17,68,21,69,18,74,20,67,12,71,20,69,11,76,17,52.083332,9,71,11,75,17,60,22,70,15,62.30529,8,62,16,70,12,63,21,65,14,-1,-1,59,15,71,22,70,4,79,16,71,9,72,9,79,14,77,13,76,8,71,10,76,12
4:19 PM,54.319126,12,63,11,65,8,71,11,79.74482,8,83.658676,9,26.644674,7,83.36924,12,59.13904,8,-1,-1,-1,-1,-1,-1,-1,-1,56.46528,5,86.974525,7,61.983475,14,145.9854,11,-1,0,-1,0,-1,-1,-1,-1,77.77778,7,82.19603,11,32.06199,16,-1,0,-1,0,64.93507,8,74.312614,5,-1,-1,-1,-1,69,11,69,16,72,14,73,14,74,13,77,17,81,7,80,9,84,5,72,10,74,9,78,13,81.36925,7,77.83312,14,71.5137,12,78.277885,8,52.91005,2,85.29412,11,76.36852,5,67.1141,12,39.682537,3,58.62069,17,58.043114,14,87.2093,3,-1,0,64.377686,3,54.633934,4,35.971226,1,60.97561,8,63.87921,11,37.31343,9,57.471264,9,58.997047,8,52.710842,14,70.88331,13,88.83248,7,54.285713,19,66.28787,14,76.62836,4,37.21245,11,60.015007,16,60,6,66.66667,4,50,3,79.61783,10,38.31418,2,71.94245,4,67.698265,7,-1,0,69.12441,3,72.81554,3,65.27415,5,77.639755,5,74,2,76,3,79,3,70,1,70,6,74,5,72,7,75,3,71,4,79,8,65,6,73,7,68,3,73,7,66,12,-1,-1,68,10,73,10,64,11,70,11,60.386475,5,66,8,68,12,49,22,59,17,52.63158,2,54,17,61,22,44,8,20,14,24,11,59,5,55,13,61,17,61,16,69,19,63,10,66,12,71,8,67,19,67,13,69,18,68,18,68,21,67,11,74,20,62,18,64,22,71,10,74,19,62.166958,7,71,11,74,16,66,12,70,17,64.7821,11,63,12,69,17,53,21,65,16,-1,-1,71,13,72,17,79,3,77,12,71,7,73,9,75,9,76,14,74,14,71,16,73,23
4:19:30 PM,55.416286,7,63,17,66,9,69,19,88.139015,7,84.69792,12,24.849865,2,68.680954,8,68.08438,13,-1,-1,-1,-1,-1,-1,-1,-1,75.75757,1,73.852646,7,81.75979,8,140.25975,9,-1,0,-1,0,-1,-1,-1,-1,87.71931,4,72.12848,2,39.272728,9,50.38841,4,59.14918,1,78.08143,7,68.977715,13,-1,-1,-1,-1,68,10,66,14,67,13,77,13,75,16,77,22,82,9,83,13,85,8,68,5,73,11,76,7,81.77307,10,73.67025,8,79.36509,9,75,12,47.393364,2,65.05833,13,63.13131,10,67.340065,8,74.94647,7,60.72874,6,61.57636,5,69.44444,2,-1,0,69.44444,1,55.470722,5,27.755749,7,52.91005,4,52.63158,10,59.171597,14,64.00603,17,48.42615,12,58.24111,20,60.28939,15,74.547386,14,62.5,15,58.56515,8,60.06006,4,45.193096,11,69.783676,20,37.960953,14,57.251907,18,42.735046,1,59.194946,15,38.31418,4,66.66667,4,80.38586,5,34.602074,2,73.52941,8,89.285706,1,92.165886,4,83.682,4,69,4,74,7,76,5,79,5,66,8,73,8,72,5,78,5,72,7,76,3,66,9,72,9,74,3,72,10,68,7,-1,-1,61,21,69,18,61,16,72,10,48.82813,5,69,9,69,7,45,17,60,14,73.17073,6,51,15,52,18,42,11,17,11,17,12,60,4,55,17,57,14,65,11,73,17,67,8,71,8,64,12,63,17,62,11,69,20,63,19,66,23,69,20,73,26,63,13,68,18,68,12,72,23,57.208244,5,72,10,74,14,70,14,74,19,69.76743,3,69,12,70,15,59,14,67,19,-1,-1,65,16,73,16,80,8,79,12,74,5,79,10,78,9,77,11,76,9,76,11,79,18
4:20 PM,24.314468,3,60,25,66,14,70,14,52.487926,5,84.96177,8,26.94553,7,60.294456,8,69.211945,10,-1,-1,-1,-1,-1,-1,-1,-1,67.75833,2,67.491554,11,75.08716,16,139.86015,3,-1,0,-1,0,-1,-1,-1,-1,73.74631,5,68.083,13,32.717922,7,37.531277,6,60.30897,4,68.67234,7,77.25985,10,-1,-1,-1,-1,70,9,69,12,71,13,78,11,77,12,80,16,80,13,83,8,87,9,77,9,77,8,76,9,66.82797,8,79.54545,7,76.40068,9,69.93007,8,-1,0,78.125,11,73.78985,14,59.422752,14,63.157898,12,52.966106,10,63.739376,9,62.7615,3,-1,0,53.19149,1,49.242424,4,28.57143,2,80.38586,5,55.555553,15,48.99433,19,57.941376,17,59.523815,8,65.84724,15,58.50585,13,79.662605,17,51.124744,15,62.66786,14,58.997047,4,53.475933,12,68.49315,7,48.48485,16,60.01847,13,59.88024,2,44.642857,13,38.31418,2,64.338234,7,81.775696,7,-1,0,48.355904,5,72.81554,3,80.38586,5,99.99999,1,71,6,74,1,72,7,77,6,65,7,74,3,73,5,78,5,65,11,71,9,68,10,70,11,71,1,76,7,64,3,-1,-1,72,15,72,6,59,23,66,22,-1,0,63,11,70,15,69,8,73,13,65.78947,1,43,15,48,16,42,7,19,14,29,15,58,8,57,14,57,16,64,17,68,15,62,13,59,17,72,9,69,12,71,10,75,14,60,22,64,21,66,15,72,24,64,17,65,27,68,11,72,18,50.81301,10,71,16,71,21,69,15,71,9,68.72852,4,69,12,74,18,66,17,71,15,-1,-1,66,16,72,13,81,9,78,11,74,6,78,9,83,5,73,13,73,13,71,10,78,19
4:20:30 PM,39.54077,19,62,13,66,9,70,11,58.46244,8,63.494434,17,27.652956,4,78.181816,4,69.80519,5,-1,-1,-1,-1,-1,-1,-1,-1,29.80626,1,58.511208,9,67.5386,18,145.45454,4,-1,0,-1,0,-1,-1,-1,-1,71.09004,3,77.46274,8,35.495956,6,89.41878,1,61.515152,6,55.305912,8,70.15493,16,-1,-1,-1,-1,65,10,69,10,71,12,74,11,70,10,76,14,78,8,82,7,87,11,70,7,77,10,84,7,74.15932,8,79.65166,6,48.622368,6,77.77778,7,-1,0,83.25359,12,76.694954,12,70.24266,11,75.921906,14,54.229935,10,60.66734,12,69.12441,3,-1,0,59.88024,2,52.46389,8,30.03003,2,49.57507,7,57.471268,12,55.84757,17,55.46075,13,61.53846,8,64.76684,10,72.01646,14,77.12082,12,53.802013,15,67.08761,17,67.20431,5,54.0054,12,65.07592,12,60.292854,14,65.31205,9,49.999996,2,71.57464,7,33.78378,3,58.411213,5,64.10256,1,53.00354,3,69.44444,2,75.187965,2,88.183426,10,112.6126,5,69,9,75,4,71,5,78,3,66,10,74,9,69,5,76,5,65,12,71,11,68,10,68,5,70,3,71,13,67,10,-1,-1,70,13,70,10,64,14,71,12,60.97561,5,62,16,67,24,64,14,73,16,54.347828,1,42,13,46,14,48,8,28,15,31,15,60,6,54,16,58,19,65,14,69,15,70,9,63,11,64,10,59,19,65,14,68,16,66,15,68,12,67,19,71,17,62,17,65,20,69,22,68,26,49.850452,10,67,12,73,17,63,19,69,25,65.50218,3,70,10,69,7,65,18,72,17,-1,-1,72,9,73,16,82,5,76,11,73,11,73,9,85,6,73,9,74,7,74,11,76,19
4:21 PM,40.919323,10,61,16,66,9,72,9,81.83306,11,81.75278,10,30.219091,2,69.52928,6,48.70982,19,-1,-1,-1,-1,-1,-1,-1,-1,100.26738,5,54.545456,9,63.118473,13,143.54068,6,-1,0,-1,0,-1,-1,-1,-1,49.999996,1,81.54562,7,36.26004,14,-1,0,59.14918,1,55.305912,8,70.11933,19,-1,-1,-1,-1,69,12,69,10,72,10,74,8,76,14,77,24,77,12,82,10,84,7,75,10,78,5,79,10,78.4632,9,76.66621,9,73.52941,8,82.938385,7,47.393364,2,65.55154,11,87.077675,4,64.82983,8,80.93526,9,62.7615,6,64.30868,12,90.09008,2,-1,0,53.19149,1,54.15084,6,27.573528,3,69.20415,4,58.07201,10,56.726097,7,62.7615,3,55.732483,7,63.85696,10,74.96251,10,69.73501,10,60.373222,11,66.666664,12,67.56756,6,55.970146,12,69.962685,15,54.533062,16,73.22175,14,54.495914,4,68.181816,15,42.735046,1,60.827248,5,68.02721,4,34.72222,1,81.96721,4,72.81554,3,44.64286,6,45.731705,3,69,3,77,4,71,7,77,4,67,7,76,3,70,8,76,8,68,7,75,8,54,14,66,12,76,2,69,7,69,10,-1,-1,62,15,68,17,65,11,71,14,65.359474,6,63,9,70,13,62,20,70,22,49.50495,1,48,8,40,16,47,8,33,13,33,15,64,3,56,17,58,15,63,18,65,20,64,5,70,9,65,11,64,17,63,12,68,14,71,13,74,15,72,17,76,16,57,19,61,20,65,13,72,21,52.21932,8,71,22,68,23,65,14,71,17,64.93507,8,65,16,69,20,63,14,66,8,-1,-1,70,14,75,15,77,6,80,10,72,10,75,7,78,14,75,10,75,15,76,8,77,18
4:21:30 PM,38.77639,9,57,16,63,12,69,17,85.58387,9,83.14855,12,24.307241,5,70.816864,10,60.624855,10,-1,-1,-1,-1,-1,-1,-1,-1,62.337666,4,75.524475,9,57.068478,19,144.6281,14,-1,0,-1,0,-1,-1,-1,-1,81.96721,4,79.01537,18,39.373524,15,37.74772,6,68.860245,1,62.695927,9,52.6162,12,-1,-1,-1,-1,70,10,69,13,68,19,75,12,76,10,79,18,75,13,74,8,85,5,72,10,74,13,77,9,66.82797,8,73.67025,8,80,8,67.659,10,53.19149,1,83.29744,8,76.92984,7,51.41388,12,71.57464,7,52.56242,8,68.610634,8,-1,0,-1,0,55.401665,4,53.209827,2,26.455025,2,58.411213,10,59.687782,13,34.07155,12,54.401585,11,68.610634,8,65.861694,12,72.72727,8,77.01421,13,63.07339,11,65.18904,10,90.09008,2,66.137566,10,67.20431,10,51.622414,14,73.86889,16,48.54369,2,72.56895,10,41.841,4,62.499996,5,74.25743,9,35.971226,2,69.28406,6,89.285706,1,64.308685,4,71.94245,2,67,5,76,4,70,5,80,4,63,12,69,8,72,4,78,4,66,6,76,12,60,11,67,10,59,8,70,13,65,10,-1,-1,68,15,72,16,64,16,69,15,56.818176,3,66,9,70,14,61,14,70,14,38.910507,2,50,15,40,17,56,7,43,11,39,18,60,7,57,18,60,16,61,20,72,15,66,5,69,5,66,6,66,10,66,12,69,20,69,13,72,12,69,14,79,14,44,21,63,15,62,17,69,14,55.24862,12,69,12,71,21,67,23,68,24,57.971016,4,65,11,68,17,61,22,68,22,-1,-1,64,16,73,8,80,4,76,12,72,13,77,10,79,7,77,9,74,7,77,13,80,13
4:22 PM,52.264812,11,45,20,59,13,63,12,43.044075,5,83.07619,7,29.09091,4,76.0414,9,68.12421,11,-1,-1,-1,-1,-1,-1,-1,-1,53.73937,4,57.781204,10,66.09119,14,144.30014,5,-1,0,-1,0,-1,-1,-1,-1,77.85467,9,78.01461,10,37.762238,9,31.712473,1,59.301235,5,73.43941,11,63.535763,20,-1,-1,-1,-1,66,10,69,10,69,16,77,8,80,9,81,12,82,6,79,5,91,1,71,11,75,5,79,6,81.77307,10,69.19671,9,63.636364,7,73.52941,8,53.19149,1,82.38636,10,77.51457,10,69.25208,10,80,4,48.42615,12,65.07592,6,-1,0,-1,0,49.019608,3,48.88508,6,31.298906,4,49.999996,4,56.657223,8,50,18,55.096416,12,50.8647,10,61.374794,15,76.754395,7,77.12082,12,63.85696,10,70.24266,11,62.111805,2,68.23821,11,69.93007,8,64.70589,11,73.52941,8,47.318615,3,72.75132,11,41.841,2,51.706306,10,79.365074,3,42.735046,1,83.682,4,76.21951,5,40.48583,4,99.99999,2,66,3,80,2,72,6,76,6,68,4,74,5,69,9,71,5,72,9,73,13,68,12,69,15,73,7,75,9,67,11,-1,-1,71,10,74,6,56,18,64,21,79.36508,2,65,9,69,18,66,8,71,17,54.495914,4,35,13,25,10,57,7,42,17,41,21,63,5,58,14,59,17,63,19,71,17,63,6,67,5,61,3,67,15,65,13,73,15,69,14,70,18,73,11,78,12,63,15,70,12,63,15,71,16,49.50495,16,64,16,69,15,67,12,70,18,82.938385,7,69,18,69,23,62,13,67,20,-1,-1,69,17,74,22,79,2,73,9,65,10,66,8,80,3,74,14,72,14,72,11,77,17
4:22:30 PM,57.796505,8,58,13,63,11,65,17,80.450516,6,79.12784,9,26.52129,3,46.231037,6,58.072235,7,-1,-1,-1,-1,-1,-1,-1,-1,70.2302,3,76.960075,8,65.11225,10,139.86015,3,-1,0,-1,0,-1,-1,-1,-1,80,4,83.35955,4,37.105747,13,-1,0,59.14918,1,55.912197,9,71.51939,15,-1,-1,-1,-1,70,13,67,13,70,18,74,11,75,12,80,15,78,5,80,6,89,6,66,7,68,9,78,5,80.92522,9,80.78415,3,84.427765,9,75.921906,7,53.19149,1,85.37447,10,66.67061,9,66.462166,13,71.57464,7,60,6,72.81554,3,90.09008,2,-1,0,47.393364,2,51.97811,7,28.735634,3,58.027084,6,58.055157,8,51.6055,18,59.414993,13,55.61173,11,60.634327,13,70.87173,20,78.03122,13,64.8415,9,66.87242,13,75.187965,2,69.87578,9,69.68641,12,66.02641,11,63.07339,11,-1,0,66.29449,19,39.062504,2,70.67139,4,69.44444,1,-1,0,69.44444,1,57.471268,3,65.35948,4,-1,0,70,3,76,1,69,5,-1,0,66,10,74,6,70,4,76,3,70,5,76,7,65,10,70,14,68,5,70,17,72,9,-1,-1,68,16,75,11,63,17,73,10,54.794518,8,63,13,66,19,60,17,66,21,51.02041,1,42,12,33,15,50,8,43,17,46,18,65,10,58,14,57,19,65,14,71,18,69,5,68,7,64,6,68,10,67,12,70,15,64,14,67,16,70,13,73,17,65,14,72,10,72,7,78,10,48.87218,13,62,23,70,14,57,19,63,13,68.649895,6,69,8,71,15,68,19,68,24,-1,-1,65,13,75,21,84,6,77,13,78,3,78,4,85,2,71,13,72,14,71,19,74,23
4:23 PM,46.34278,10,64,13,66,12,71,10,75.39854,7,73.7463,11,23.477242,6,76.027695,8,63.35642,8,-1,-1,-1,-1,-1,-1,-1,-1,65.454544,6,81.90008,5,74.719795,16,140.4604,6,-1,0,-1,0,-1,-1,-1,-1,81.69935,5,94.10511,2,37.65465,14,-1,0,61.51515,2,72.15007,5,72.13539,13,-1,-1,-1,-1,70,12,70,9,68,13,71,20,73,21,76,22,81,4,81,9,84,3,78,3,78,5,83,6,87.08056,16,85.28056,8,88.83248,7,88.33923,5,69.44444,1,68.70301,15,76.522804,8,56.550426,12,81.775696,7,57.339447,10,63.85696,10,56.17978,1,-1,0,52.91005,2,50.12176,6,28.08989,2,62.111805,8,55.732483,14,48.52227,22,56.237217,22,46.64179,10,62.41787,19,56.2701,14,80.4829,16,58.043114,14,58.873,14,69.12441,3,72.46376,7,72.02882,12,66.90997,11,75.64297,10,45.04504,1,59.414993,13,40.983604,1,59.88024,2,75,3,35.971226,2,65.466446,8,75,3,29.94012,1,78.12501,4,69,2,74,3,69,5,71,2,61,5,64,3,71,7,75,6,66,9,73,9,67,8,73,6,68,7,71,16,68,9,-1,-1,68,12,75,10,66,10,73,10,49.50495,2,66,12,70,13,60,13,56,17,57.692314,3,44,6,47,13,58,7,52,12,56,18,55,4,58,19,59,21,63,18,68,19,63,9,69,15,67,8,70,12,70,8,72,15,67,12,70,19,67,17,72,24,66,11,71,13,70,15,77,14,42.48088,10,72,9,77,11,52,28,67,17,62.111797,6,63,12,68,14,67,13,69,11,-1,-1,56,25,65,18,82,3,78,13,69,4,77,6,82,6,69,8,69,17,72,14,79,21
4:23:30 PM,53.10406,7,62,12,65,14,66,13,84.88965,11,79.86158,12,31.062332,5,66.78401,10,65.78947,11,-1,-1,-1,-1,-1,-1,-1,-1,72.15007,5,65.06416,12,63.636364,8,140.58107,5,-1,0,-1,0,-1,-1,-1,-1,75.757576,9,77.77533,16,40.91696,13,37.18163,10,59.14918,1,74.719795,7,73.62715,12,-1,-1,-1,-1,64,10,68,9,70,11,69,15,69,15,77,19,75,8,83,12,86,10,69,4,74,7,77,2,76.9966,10,69.29047,4,82.32712,15,80.8314,7,57.14286,4,82.73107,6,76.36852,5,68.42106,13,72.34727,9,46.999275,13,58.922558,7,64.10256,1,-1,0,69.44444,2,54.501328,2,26.483053,5,54.945053,8,57.067604,13,54.42671,15,52.950073,7,59.13272,9,61.46059,17,68.93755,17,73.27286,21,48.84857,14,63.37136,20,69.20415,4,57.670124,10,68.55576,15,58.56515,8,65.07592,12,52.91005,2,70,14,47.393364,2,65.35948,4,77.369446,8,-1,0,44.56328,10,72.81554,3,78.12501,4,106.38298,2,71,4,78,1,71,6,80,3,60,10,67,7,71,5,-1,0,70,12,77,13,60,15,69,11,71,3,74,6,62,17,-1,-1,68,12,69,10,54,19,68,14,69.44444,3,67,8,70,11,51,15,51,14,60.240963,2,45,16,48,15,-1,0,56,14,58,15,60,7,53,14,57,20,63,20,67,20,65,11,63,19,64,13,66,14,64,15,70,22,68,14,69,19,71,16,77,17,61,18,64,26,68,16,73,16,59.52381,3,70,13,78,12,68,13,72,11,60.913696,12,63,15,70,16,52,18,64,15,-1,-1,57,9,56,9,78,9,73,9,74,4,74,12,81,8,72,12,69,13,72,14,77,15
4:24 PM,52.664577,7,62,13,66,9,69,19,64.40927,7,77.47934,9,25.48853,2,65.96591,9,70.39179,12,-1,-1,-1,-1,-1,-1,-1,-1,65.3239,2,74.5496,6,65.43585,16,143.00307,7,-1,0,-1,0,-1,-1,-1,-1,79.726654,7,77.43507,9,35.260612,13,-1,0,56.47045,10,71.87542,9,51.94805,10,-1,-1,-1,-1,66,3,70,9,71,13,75,11,73,12,78,16,74,10,79,12,82,5,74,4,75,9,80,14,64.8894,14,81.16883,5,78.988945,10,62.111797,6,44.444443,4,93.70961,12,81.02415,8,64.338234,7,75,6,60,6,56.17977,3,66.66667,2,-1,0,66.137566,5,52.46389,4,30.012007,5,58.055157,8,53.128685,18,48.94578,13,61.813187,9,58.997047,8,63.37136,20,67.95017,12,78.50242,13,59.316124,17,65.9868,22,69.12441,3,51.085567,8,65.08422,17,65.975494,14,69.25208,10,53.19149,1,56.497173,14,41.55125,3,58.56515,8,73.89163,6,-1,0,65.789474,3,-1,0,113.63637,1,104.166664,3,70,4,74,2,69,7,76,3,63,10,72,6,69,10,71,8,72,5,78,9,64,14,69,17,69,7,75,11,67,8,-1,-1,70,10,74,10,55,17,64,11,70.42254,3,58,11,68,14,39,13,41,15,49.751244,2,51,13,49,17,57,10,51,18,54,18,62,1,58,16,60,17,61,16,69,19,68,8,68,15,63,12,59,20,61,18,68,20,71,10,72,15,74,13,76,13,60,17,69,17,64,21,67,20,65.6168,5,69,20,73,17,67,17,74,12,62.5,4,67,11,70,12,61,18,69,17,-1,-1,63,12,71,14,76,12,74,13,70,5,74,11,79,11,73,13,74,10,70,8,77,17
4:24:30 PM,52.802963,10,58,17,62,13,67,16,71.13387,10,71.11532,12,28.310791,6,67.1775,7,58.636364,6,-1,-1,-1,-1,-1,-1,-1,-1,75.40846,3,66.66667,11,70.81198,15,140.4604,6,-1,0,-1,0,-1,-1,-1,-1,90.09008,4,85.12689,4,37.320576,13,21.818182,1,66.383255,2,67.132866,8,66.7631,10,-1,-1,-1,-1,74,3,68,10,71,12,73,8,74,13,76,18,79,8,81,13,84,13,70,8,73,12,77,6,53.51212,6,81.752785,2,56.58436,11,95.785446,5,46.082943,2,84.20442,11,75.75757,6,70.588234,12,70.224724,5,61.188812,7,66.666664,12,64.10256,1,-1,0,53.19149,1,55.267868,7,-1,0,41.17647,7,56.237217,11,44.308113,13,64.308685,8,59.523815,8,60.373222,11,70.694084,11,71.35017,13,56.258785,8,63.600784,13,74.15255,7,53.802013,15,69.44444,23,48.644894,14,67.21433,18,53.95684,3,73.612686,13,39.494473,5,49.999996,8,63.451775,5,-1,0,50,3,-1,0,68.59756,9,95.785446,5,68,3,74,3,74,4,78,3,62,5,72,7,69,8,76,7,69,12,75,9,67,9,71,11,71,7,76,17,73,12,-1,-1,69,9,71,9,72,14,74,9,62.972294,5,55,14,64,15,36,16,41,14,51.54639,1,51,11,56,18,56,6,53,13,57,17,55,9,59,15,63,19,61,18,66,17,68,9,69,12,69,8,66,14,64,13,69,19,66,16,70,12,73,15,77,13,63,15,70,13,55,18,62,18,54.200542,8,67,13,74,19,63,23,69,19,65.35948,4,67,13,73,11,66,13,68,11,-1,-1,66,17,71,18,80,6,77,14,70,11,76,10,81,6,72,17,74,10,76,14,79,15
4:25 PM,50.2092,11,53,21,59,18,62,19,89.928055,11,63.675552,13,26.401482,5,58.990307,10,59.955387,12,-1,-1,-1,-1,-1,-1,-1,-1,29.80626,1,65.42184,8,65.43959,15,-1,0,-1,0,-1,0,-1,-1,-1,-1,71.94245,2,72.12848,2,38.20533,13,320.8556,1,55.395287,7,64.00379,9,68.734146,14,-1,-1,-1,-1,61,13,64,14,64,12,75,11,75,10,82,16,83,6,85,6,84,3,72,6,74,15,77,8,75.50959,14,68.15703,11,53.846153,7,83.1025,6,52.91005,4,68.87606,13,71.31989,3,67.2182,13,77.77778,7,61.57636,5,58.997047,4,81.96721,3,-1,0,56.17978,4,56.13636,2,42.735046,1,42.372883,4,70,7,53.544106,21,58.949623,11,62.761505,9,64.26735,15,77.12082,12,75.56675,12,60.918465,13,61.457417,14,69.44444,1,59.59475,10,72.75132,11,58.997047,16,64.0615,20,56.17978,2,76.92307,10,-1,0,69.44444,2,74.62686,1,34.72222,1,66.137566,5,79.365074,3,74.94647,7,85.71429,6,70,5,75,7,70,4,80,2,58,6,71,5,71,5,78,4,76,8,76,13,67,14,71,8,72,10,75,8,65,17,-1,-1,71,13,71,10,62,11,69,11,72.463776,1,56,11,69,10,36,14,43,16,54.347828,1,50,12,55,16,54,6,50,15,47,20,67,5,64,12,66,20,59,15,69,22,71,5,70,12,72,8,70,19,64,10,71,21,67,10,68,17,71,13,76,15,67,14,73,13,67,16,75,16,57.14286,8,62,18,68,19,58,15,65,19,69.44444,6,66,15,70,18,64,17,70,11,-1,-1,70,9,77,9,78,4,77,12,76,4,74,9,79,11,74,11,77,9,74,14,77,21
4:25:30 PM,43.723812,8,54,18,61,18,64,11,82.832886,8,85.1454,13,25.668447,8,73.60213,9,53.844223,12,-1,-1,-1,-1,-1,-1,-1,-1,-1,0,62.91287,10,70.12271,16,143.00307,7,-1,0,-1,0,-1,-1,-1,-1,84.61538,11,65.464424,7,39.525692,6,34.965034,13,64.07828,2,64.93507,8,69.38267,13,-1,-1,-1,-1,69,12,67,14,66,16,78,15,77,17,80,20,82,12,81,9,85,5,77,5,74,8,80,7,69.77347,13,69.00994,6,59.267242,11,60,12,43.859653,4,59.917355,10,79.80082,5,53.410023,13,69.44444,2,54.671967,11,62.111797,6,68.02721,4,-1,0,51.90311,3,49.242424,2,29.94012,1,33.955856,4,54.545456,12,54.773087,7,64.28572,9,59.642143,12,63.50082,23,83.547554,13,81.05802,19,62.03474,10,64.252335,11,65.35948,4,56.258785,8,67.1141,12,54.945053,13,67.340065,8,48.231514,3,67.08761,17,47.393364,2,60.0343,7,80.38586,5,37.878784,4,48.622368,6,65.27415,5,75,6,85.47009,2,67,7,73,3,73,5,79,6,63,6,71,5,72,2,74,3,70,13,74,20,66,8,65,13,74,4,72,10,70,10,-1,-1,65,16,72,11,58,15,65,17,44.94383,4,61,6,66,12,34,16,45,15,-1,0,54,12,61,13,64,4,54,13,56,18,54,3,63,16,60,20,69,14,71,16,64,1,-1,0,68,5,67,13,61,11,70,23,68,17,71,14,73,9,77,18,64,14,72,15,68,14,75,14,60.168472,10,63,17,66,20,60,20,67,19,72.9927,4,62,12,69,20,65,18,67,16,-1,-1,71,14,76,11,80,3,76,11,75,4,77,6,89,2,73,14,68,14,75,18,79,23
4:26 PM,53.88229,13,58,19,61,10,70,17,72.15008,9,74.925064,12,26.004982,4,77.407745,8,72.30132,12,-1,-1,-1,-1,-1,-1,-1,-1,70.2302,3,82.41758,11,64.14956,10,136.9342,12,-1,0,-1,0,-1,-1,-1,-1,84.26967,3,71.41574,6,25.608196,6,-1,0,55.31938,5,64.04555,18,70.15493,16,-1,-1,-1,-1,62,12,67,7,68,12,73,18,77,18,81,21,78,9,82,7,87,4,76,6,82,5,79,6,53.410934,5,76.92984,7,50.78486,11,85.15815,7,47.393364,4,79.728745,9,68.90264,13,72.46376,7,58.67014,9,41.365047,8,47.393368,6,75.187965,2,-1,0,62.111805,2,53.60908,7,29.205606,5,54.021614,9,60,15,36.95652,17,52.277817,14,35.161743,5,66.00661,8,70.694084,11,85.197014,16,62.04757,12,66.04292,24,62.7615,3,60.97561,8,64.61232,13,58.36576,12,66.22516,12,46.583855,3,64.87889,15,38.071064,3,65.789474,6,92.165886,4,35.971226,1,60,6,60.240963,1,104.166664,3,109.28961,4,72,6,77,3,66,7,75,7,64,11,76,5,69,6,72,6,75,5,76,3,62,16,67,22,68,3,72,14,68,12,-1,-1,69,14,71,10,55,22,65,17,70.175446,4,64,11,69,18,29,16,41,15,46.403717,4,46,14,49,17,52,12,52,17,59,15,68,4,60,15,59,20,63,16,65,22,62,10,70,11,71,5,66,4,71,9,71,14,66,11,67,13,67,14,73,20,70,9,74,17,69,13,74,17,53.191494,3,68,15,73,15,52,20,59,23,70.42253,5,65,15,69,20,57,16,65,21,-1,-1,69,14,75,16,79,1,75,14,73,8,76,10,82,8,70,19,70,14,71,20,74,18
4:26:30 PM,57.29564,5,63,13,63,14,70,20,73.86363,13,65.87615,12,22.889404,10,72.490005,9,61.754993,8,-1,-1,-1,-1,-1,-1,-1,-1,62.695923,6,85.39405,8,62.71652,10,138.91034,15,-1,0,-1,0,-1,-1,-1,-1,80.2139,9,65.71955,14,33.511845,17,-1,0,-1,0,71.379005,12,73.59956,9,-1,-1,-1,-1,69,8,70,14,67,16,72,17,75,15,76,19,78,4,77,13,84,10,73,7,76,10,81,5,91.328995,6,78.550476,3,53.763443,4,78.12501,4,22.865852,3,64.61675,11,72.564735,10,63.157898,12,69.582504,14,50.607285,5,66.666664,10,64.10256,1,-1,0,59.88024,2,52.300964,3,23.474178,3,55.732483,7,51.100628,13,45.01385,13,64.26735,10,45.91368,10,61.11111,11,53.89718,13,81.12094,11,69.87578,9,66.90997,11,81.69935,5,61.78288,14,67.50675,15,60.362175,12,70.42254,9,-1,0,74.183975,15,39.525696,4,54.644806,2,70.67139,4,32.414913,4,53.19149,1,79.365074,3,83.682,4,99.99999,1,68,5,77,2,71,3,78,5,61,12,71,7,70,8,78,6,71,7,73,10,67,10,79,4,67,8,67,24,67,13,-1,-1,69,7,73,7,65,20,70,13,70.224724,5,62,12,64,21,30,15,44,18,46.72897,2,53,12,54,19,61,7,52,15,57,18,61,9,62,13,69,18,61,15,68,19,67,3,73,3,65,9,70,17,69,14,71,18,61,13,65,19,68,11,74,11,64,17,69,19,75,9,77,17,55.487057,9,68,14,74,18,54,19,60,17,61.559505,9,65,11,68,21,63,17,66,19,-1,-1,68,12,75,20,79,8,77,12,74,10,75,10,79,10,75,14,73,12,72,16,79,14
4:27 PM,54.985332,10,65,9,66,9,69,8,72.72727,8,73.909836,14,25.83732,9,74.53775,12,45.79535,10,-1,-1,-1,-1,-1,-1,-1,-1,-1,0,51.67464,9,66.51885,12,139.86015,3,-1,0,-1,0,-1,-1,-1,-1,74.55268,15,77.3798,6,39.978344,16,-1,0,73.81818,4,72.72727,6,75.45814,7,-1,-1,-1,-1,69,12,66,22,67,17,75,14,74,16,77,19,78,9,78,10,84,14,74,4,73,12,75,8,65.60629,13,72.2265,6,79.726654,7,81.96721,2,42.735046,1,77.199524,8,90.18759,6,47.748978,7,70.32349,10,54.229935,10,61.199512,10,-1,0,-1,0,53.19149,1,54.501328,2,28.08989,2,62.7615,6,58.57295,11,54.945053,13,65.18904,10,50,11,57.941376,17,58.685448,15,79.559364,13,52.521008,15,66.462166,13,113.63637,1,64.82983,8,66.666664,14,58.78031,16,69.82156,18,48.622368,6,65.6045,14,35.335693,2,63.559326,6,74.62686,1,31.38075,3,56.17978,4,81.96721,4,72.81554,3,15.015015,1,63,3,64,1,62,5,74,6,65,6,76,3,70,9,73,6,70,6,74,9,67,11,69,8,71,4,73,9,66,16,-1,-1,68,14,71,9,69,6,73,9,75.30121,5,62,15,65,12,37,16,45,17,43.10345,1,58,15,61,18,63,4,50,16,56,20,69,5,59,15,63,18,63,15,68,19,69,15,65,20,68,7,70,12,68,11,71,20,64,17,68,14,63,14,69,17,63,9,71,8,71,11,76,13,55.555557,3,70,11,73,12,64,17,71,19,65.12301,9,67,12,71,16,64,16,68,21,-1,-1,65,16,70,18,76,6,77,15,69,3,75,10,80,8,73,10,73,11,72,11,76,14
4:27:30 PM,44.06442,14,62,11,68,10,66,15,66.7631,12,78.641075,15,28.607754,6,74.10599,8,60.46119,11,-1,-1,-1,-1,-1,-1,-1,-1,82.02324,2,56.46528,5,66.69961,9,140.37433,7,-1,0,-1,0,-1,-1,-1,-1,-1,0,81.941864,4,34.17635,15,37.002106,17,79.204056,4,45.644733,8,67.920586,13,-1,-1,-1,-1,69,7,70,9,72,15,74,8,72,11,78,13,75,10,80,12,83,12,70,5,75,9,79,11,91.30982,11,79.65166,6,58.36576,12,72.72727,8,-1,0,81.87464,8,97.12511,2,70,7,85.47009,2,47.368423,9,64.30868,12,66.666664,6,-1,0,-1,0,53.209824,6,28.129393,4,57.283142,7,57.471268,12,55.928413,10,54.824566,5,45,9,50.86072,13,61.02212,16,65.73541,16,52.950073,14,68.855934,13,70.224724,5,48.123196,10,68.21283,10,70.42254,9,60,6,45.04504,1,64.28572,18,34.72222,1,57.471268,3,81.96721,2,32.67974,2,72.46376,7,94.33962,2,81.69935,5,-1,0,69,6,-1,0,74,3,79,2,61,12,69,8,71,5,83,2,68,10,78,13,63,7,66,10,63,6,74,8,59,16,-1,-1,67,16,70,10,60,15,71,10,72.9927,4,62,5,70,8,42,15,48,19,58.47953,2,55,14,63,24,63,11,60,16,63,21,59,2,52,17,55,22,60,15,67,17,66,9,64,14,65,13,66,14,62,17,69,16,67,11,67,18,68,15,72,22,62,12,70,19,70,10,75,12,53.19149,7,71,15,74,14,68,12,71,11,78.29978,7,68,11,71,20,62,17,69,17,-1,-1,70,13,73,20,78,4,77,8,70,11,69,14,75,15,71,15,69,17,69,19,71,17
4:28 PM,41.637753,5,61,20,65,15,74,13,70.33585,8,73.809814,12,23.940945,6,69.8052,8,65.61813,15,-1,-1,-1,-1,-1,-1,-1,-1,63.302265,6,83.59457,8,61.92985,15,139.86014,2,-1,0,-1,0,-1,-1,-1,-1,66.66667,2,81.38821,3,39.769543,13,-1,0,54.171856,6,65.47469,13,68.181816,10,-1,-1,-1,-1,68,5,65,10,70,11,71,13,71,19,72,20,78,7,79,6,82,7,70,11,69,14,75,16,76.019714,10,79.24432,10,87.36559,13,72.93355,9,54.644806,2,67.63059,11,81.752785,8,73.52941,8,71.09004,3,59.95204,5,66.66667,2,57.471268,3,-1,0,-1,0,52.66075,5,34.72222,1,67.04981,7,58.36576,12,55.82694,16,62.761505,9,55.788006,8,63.44171,16,56.249996,9,60.01847,13,43.277557,15,53.28099,19,81.69935,5,53.50195,11,57.003258,14,51.72414,15,72.34727,9,53.19149,1,52.26481,18,40.322582,3,56.17978,4,69.93007,8,24.999998,2,44.64286,6,81.96721,3,65.27415,5,71.94245,4,69,4,77,1,70,5,78,1,59,5,73,5,68,5,78,6,70,8,76,11,65,11,71,14,70,4,70,14,68,10,-1,-1,67,15,69,16,65,17,68,12,60.240963,2,62,10,69,11,41,16,56,17,69.93007,2,55,13,57,22,59,8,58,13,67,20,60,8,48,17,49,19,56,15,64,21,65,5,68,16,65,9,63,21,65,10,68,15,62,22,66,23,68,14,73,20,53,15,60,19,66,12,74,17,53.418808,5,71,11,71,7,66,13,71,11,68.965515,2,71,11,72,10,61,20,67,19,-1,-1,68,9,75,20,-1,0,74,21,71,6,76,8,80,11,73,10,70,18,71,15,76,18
4:28:30 PM,43.143295,7,59,20,60,10,71,10,85.58387,9,77.96663,10,27.409777,6,68.680954,8,60.123047,11,-1,-1,-1,-1,-1,-1,-1,-1,89.41878,1,60.204693,10,65.37982,14,145.45454,4,-1,0,-1,0,-1,-1,-1,-1,-1,0,86.65795,2,38.190804,17,-1,0,63.782986,3,79.051384,7,72.13539,13,-1,-1,-1,-1,67,12,68,11,73,12,72,10,72,19,79,15,72,2,81,8,87,6,69,4,70,4,76,8,70.30303,8,79.65166,6,67.340065,8,87.2093,6,53.19149,1,90.42406,9,71.921745,9,56.22837,13,71.57464,7,55.401665,8,68.49315,7,81.74387,6,-1,0,69.44444,1,200.48701,1,26.455025,1,49.40712,5,53.89718,13,50.307438,18,59.97001,8,60.362175,12,62.805305,18,71.428566,15,71.74393,13,62.499996,10,60.706398,11,45.992115,7,63.739376,9,62.35386,16,61.391544,9,55.732483,14,49.099834,6,67.50675,15,38.109756,5,65.07592,6,71.09004,3,37.453182,2,69.44444,2,85.47009,2,35.54502,3,71.94245,2,70,4,73,2,68,4,79,1,68,7,68,2,65,6,77,6,72,8,78,8,61,16,68,12,71,5,75,11,63,12,-1,-1,71,8,74,5,61,18,70,18,56.818184,1,61,17,66,14,50,14,62,15,54.644806,2,60,14,64,19,68,3,53,14,57,21,62,6,50,11,52,20,61,17,63,22,67,5,74,9,65,5,65,21,60,14,67,21,68,14,71,12,67,20,74,19,58,15,63,23,65,19,70,18,48.179874,9,69,11,73,16,68,16,68,12,70.09345,6,70,10,71,8,66,13,68,9,-1,-1,66,16,73,18,81,4,77,15,69,2,75,6,81,8,69,16,69,15,70,16,76,20
4:29 PM,55.532703,9,58,18,64,16,65,16,50.13369,6,84.84849,14,28.379528,5,79.641914,8,63.707478,10,-1,-1,-1,-1,-1,-1,-1,-1,-1,0,54.545456,14,69.270355,20,143.00307,7,-1,0,-1,0,-1,-1,-1,-1,78.86436,5,82.003845,9,44.01557,13,-1,0,67.058655,5,50.81875,6,67.53246,13,-1,-1,-1,-1,66,7,67,13,67,13,73,14,72,13,76,20,76,6,79,8,84,7,71,3,71,7,79,8,87.181335,10,75.757576,10,67.340065,8,85.71429,6,35.335693,2,72.93763,11,75.25587,12,72.02882,12,73.98274,12,41.97761,9,60.0343,7,87.71931,4,-1,0,-1,0,51.344234,3,29.94012,1,51.813473,8,59.726963,14,56.639393,18,53.71531,12,50.556118,10,63.99317,15,81.79959,16,76.190475,16,58.616646,20,64.63528,14,74.62686,1,50,9,57.531376,11,64.70589,11,55.218105,20,52.91005,2,57.636887,8,35.54502,3,58.055157,8,89.285706,1,53.19149,1,78.82882,7,75.187965,2,113.63637,1,-1,0,70,2,-1,0,74,4,76,3,64,10,74,1,69,5,70,1,73,8,77,9,70,7,74,8,71,5,73,12,72,9,-1,-1,57,10,69,10,65,13,69,10,67.56756,3,63,12,64,17,61,19,70,16,53.763443,1,53,11,64,16,60,3,48,15,52,18,63,3,52,16,51,16,65,10,69,22,67,9,70,13,67,4,69,18,67,13,68,22,64,16,71,15,70,11,74,9,58,21,64,22,58,19,64,24,50.69124,11,62,19,67,17,65,13,70,12,69.72112,7,69,11,71,11,66,12,70,7,-1,-1,68,11,72,7,83,5,74,12,68,2,75,8,84,3,77,6,73,9,73,9,80,12
4:29:30 PM,50.09915,8,56,16,61,14,63,19,76.60879,6,54.020683,7,26.975992,10,42.644627,4,65.442375,9,-1,-1,-1,-1,-1,-1,-1,-1,-1,0,79.6284,12,64.06345,12,145.45454,4,-1,0,-1,0,-1,-1,-1,-1,84.745766,8,63.522503,16,37.04275,12,38.358265,10,59.14918,2,47.70739,12,71.24951,18,-1,-1,-1,-1,67,8,67,13,70,17,75,8,75,10,82,14,77,11,79,9,86,7,74,3,75,9,80,4,65.17049,15,80.30839,4,70.32349,10,75.03411,11,42.735046,1,64.145096,8,74.21824,9,59.523808,9,74.96251,10,58.997047,12,67.50675,15,64.10256,1,-1,0,62.7615,3,53.847836,4,22.779045,4,53.95684,6,52.277817,14,56.772102,14,58.997047,12,58.290157,9,59.171597,14,61.1951,17,77.72021,12,55.594162,16,68.807335,12,87.2093,3,60.240967,18,66.462166,13,48.491383,9,72.34727,9,-1,0,64.298836,21,40.48583,4,57.14286,4,81.96721,3,41.841,2,81.96721,3,99.99999,1,81.69935,5,71.94245,2,71,3,75,1,72,2,-1,0,70,10,77,3,68,8,75,2,71,8,75,16,64,10,69,10,74,6,75,6,70,16,-1,-1,68,18,73,11,58,11,68,10,78.125,3,62,9,68,12,66,16,68,19,57.971016,4,60,17,69,21,63,4,43,13,40,18,63,2,55,12,55,19,59,16,65,18,66,1,72,3,66,8,71,10,67,11,71,20,65,14,70,15,70,15,76,22,63,11,69,10,48,14,51,19,58.411213,5,64,22,70,22,57,21,65,14,41.666668,5,68,8,72,12,65,16,66,12,-1,-1,69,6,74,8,82,5,78,9,71,4,73,9,81,6,73,10,72,13,74,12,78,18
4:30 PM,51.78366,9,62,23,65,12,69,20,54.896793,10,72.478775,14,28.86003,3,68.50042,5,48.863636,6,-1,-1,-1,-1,-1,-1,-1,-1,73.71007,3,89.209854,7,60.993313,12,145.45454,4,-1,0,-1,0,-1,-1,-1,-1,74.4249,11,75.6624,15,38.28541,17,-1,0,57.567654,7,74.64115,13,68.02239,16,-1,-1,-1,-1,68,12,70,5,68,14,77,12,78,15,82,22,78,11,74,10,80,8,71,8,75,9,78,9,60.46705,8,78.91413,2,54.30566,14,73.74631,5,53.95684,3,85.4575,8,73.47179,12,54.347828,7,80.2139,9,44.15011,8,75,9,78.12501,2,-1,0,-1,0,51.14931,4,33.333332,3,60.893097,9,55.970146,12,50.86072,13,55.831264,9,60.373222,11,72.46376,7,63.07339,11,76.40068,9,54.976852,19,64.8824,16,80.38586,5,69.26952,11,67.319466,11,58.175137,19,57.941376,17,50,3,76.62836,16,30.03003,2,52.91005,4,78.82882,7,40.983604,1,50.76142,4,75.187965,2,95.785446,5,-1,0,69,5,75,3,74,4,-1,0,68,3,75,1,70,8,78,5,73,8,76,10,66,10,68,16,70,3,69,13,72,8,-1,-1,66,13,72,15,59,22,66,18,72.11539,3,63,6,71,11,62,10,74,14,52.91005,2,58,13,58,16,63,1,32,8,27,17,66,4,53,18,59,14,65,14,70,19,69,8,72,7,69,5,66,10,67,9,70,14,66,15,67,20,68,15,72,18,65,18,73,19,48,15,54,18,53.497948,13,56,14,68,16,54,22,64,22,63.07339,11,67,5,69,16,63,17,68,8,-1,-1,70,14,71,12,82,1,76,7,71,10,74,11,78,12,77,13,77,13,72,8,78,11
4:30:30 PM,51.640667,8,59,14,69,11,71,6,70.70707,14,68.181816,12,28.86003,3,55.16862,7,63.522728,13,-1,-1,-1,-1,-1,-1,-1,-1,89.41878,1,76.46558,6,74.93412,13,139.86015,3,-1,0,-1,0,-1,-1,-1,-1,65.789474,6,78.62568,5,33.165054,15,-1,0,64.07828,2,77.78317,8,57.781204,10,-1,-1,-1,-1,61,17,61,18,64,20,76,11,76,10,77,12,70,12,75,12,83,13,74,-1,74,10,76,9,71.900826,12,68.81095,7,79.365074,6,79.365074,3,-1,0,70.11606,12,72.31405,7,67.95017,12,71.65605,9,65.789474,3,62.111805,8,-1,0,-1,0,50,3,49.242424,2,20.242914,2,48.622368,6,52.185257,16,51.25285,9,62.7615,3,47.892723,5,61.188812,7,73.20644,10,67.763794,14,52.935513,11,57.471268,6,62.7615,3,54.347828,16,67.99162,13,55.401665,12,67.04981,7,48.54369,2,76.92307,10,42.857143,3,64.308685,4,82.938385,7,-1,0,71.94245,2,75.187965,2,92.165886,4,99.99999,2,72,4,81,2,68,10,76,5,69,8,62,1,71,2,77,1,68,12,76,13,69,12,70,13,73,6,73,19,67,12,-1,-1,67,13,70,16,64,12,69,17,65.10417,5,56,18,65,19,64,9,70,15,54.347828,1,49,9,53,14,48,8,24,12,20,11,76,1,51,10,56,13,63,14,70,16,69,7,80,1,71,9,72,11,70,12,73,16,73,12,69,12,74,15,74,17,64,14,68,15,52,11,62,15,62.674095,9,63,18,67,20,57,16,68,16,60.97561,8,67,15,68,24,63,11,67,16,-1,-1,71,12,74,9,75,6,80,14,72,9,67,13,76,16,77,8,77,9,75,13,78,18
4:31 PM,57.34919,9,65,10,69,15,71,13,64.26735,11,64.42884,20,25.919168,9,74.69599,8,60.624855,10,-1,-1,-1,-1,-1,-1,-1,-1,78.48267,4,80.115715,12,62.987404,22,137.65416,8,-1,0,-1,0,-1,-1,-1,-1,99.99999,1,83.648994,2,40.294075,19,37.531277,6,57.312252,2,72.72727,6,69.53387,9,-1,-1,-1,-1,69,6,69,11,68,12,79,11,75,9,79,19,82,7,80,4,88,3,70,9,68,17,74,14,65.90909,8,86.61308,5,66.666664,10,80.93526,9,45.731705,3,63.29805,8,77.51457,10,47.892723,10,70.24266,11,59.13272,9,66.666664,6,68.02721,4,-1,0,71.94245,4,46.31714,5,29.94012,1,62.7615,6,55.555553,15,45.300114,8,59.422752,7,61.7284,7,65.07592,12,70,7,75.0469,8,62.388588,7,57.894737,11,59.88024,2,50.962627,9,69.28406,6,61.29032,19,71.428566,15,51.75983,5,75.75757,8,-1,0,71.94245,4,89.285706,1,40.983604,1,52.91005,2,50,3,-1,0,-1,0,76,1,-1,0,74,4,85,2,67,10,73,6,73,2,75,1,73,7,78,7,64,16,66,16,73,5,70,17,65,15,-1,-1,70,8,72,13,65,13,69,18,56.818176,3,63,8,64,18,60,18,66,18,72.463776,1,64,10,67,15,47,6,23,11,23,13,58,5,55,10,56,18,65,10,70,13,62,10,68,12,66,7,68,11,73,9,74,12,70,10,71,12,73,11,73,15,69,13,67,19,64,15,70,21,63.291138,7,64,14,69,17,59,19,63,22,58.548016,10,65,10,69,11,65,19,68,22,-1,-1,70,11,73,16,81,4,79,10,67,8,68,7,78,7,72,9,65,11,70,8,77,14
4:31:30 PM,58.08326,11,64,10,67,8,72,11,73.31378,6,79.74482,8,21.212122,7,77.561325,10,59.92196,22,-1,-1,-1,-1,-1,-1,-1,-1,30.643517,2,63.35129,10,57.012096,14,145.45454,8,-1,0,-1,0,-1,-1,-1,-1,86.2069,7,74.45679,9,37.14185,14,34.604572,8,61.16563,7,67.68825,12,67.465,20,-1,-1,-1,-1,76,7,71,6,70,9,66,9,73,12,79,8,74,6,80,4,84,4,71,6,71,7,77,6,84.80949,7,-1,0,59.13272,9,74.906364,4,41.841,2,78.125,11,61.3882,9,50.377834,8,74.15255,7,34.891838,10,69.23077,9,90.09008,2,-1,0,59.88024,2,45.271267,3,30,3,52.56242,8,64.26735,10,60.0343,7,61.57636,5,57.339447,10,60.66734,12,77.639755,10,75,12,61.813187,9,64.70589,11,79.365074,3,65.789474,6,62.063614,16,54.080627,11,57.471268,3,45.04504,1,58.353806,19,30.03003,2,64.93507,7,89.285706,1,41.841,2,60,6,68.119896,5,56.17978,4,113.63637,1,69,1,77,1,74,3,81,1,67,8,72,5,69,5,75,5,74,8,76,10,67,7,71,7,72,5,71,18,64,18,-1,-1,72,11,75,10,69,14,71,14,74.07407,2,64,12,67,20,64,12,67,22,55.555557,3,57,14,65,16,52,4,33,13,33,13,59,2,55,17,57,14,62,11,70,19,64,8,61,21,63,8,69,15,69,11,70,14,63,23,64,24,69,14,73,15,69,14,72,14,72,10,73,15,69.93007,2,63,17,70,19,62,17,69,15,66.77797,8,67,13,68,21,61,18,68,14,-1,-1,69,17,74,22,72,4,72,8,69,6,76,6,81,6,68,18,67,9,68,16,73,17
4:32 PM,51.768764,11,66,9,70,7,71,9,72.56894,11,79.166115,12,24.538443,7,87.844734,4,68.40909,7,-1,-1,-1,-1,-1,-1,-1,-1,61.98347,6,81.81818,12,66.95954,18,139.86014,4,-1,0,-1,0,-1,-1,-1,-1,83.93286,7,78.09047,8,39.263065,13,-1,0,58.216232,4,67.68825,12,57.168484,17,-1,-1,-1,-1,68,9,67,14,70,14,71,11,71,17,75,19,76,11,81,14,84,12,62,3,72,5,79,5,85.4575,8,78.91413,2,81.775696,7,69.44444,2,53.19149,1,59.76213,7,77.65583,6,68.23821,11,65.466446,8,60.51437,8,64.82983,8,78.12501,2,-1,0,59.88024,2,50.51641,8,28.735634,6,57.14286,4,65.66604,7,61.728394,12,55.555553,5,54.744522,9,62.388588,14,67.95017,12,77.18696,9,60.827248,10,70,7,69.44444,1,70.8502,7,70.546745,8,62.597813,8,65.07592,12,45.04504,2,57.510147,17,31.779663,3,64.308685,4,82.938385,7,-1,0,81.69935,5,73.52941,4,89.82036,3,85.47009,2,67,7,75,1,65,2,79,1,63,4,75,2,72,4,81,2,67,9,77,2,71,11,74,12,65,3,72,9,63,12,-1,-1,66,14,72,11,68,13,73,9,54.347828,1,67,11,69,15,64,15,68,21,-1,0,52,13,53,18,56,7,41,13,42,14,57,2,51,16,57,17,65,17,68,13,67,5,66,18,61,4,59,21,64,17,73,16,62,14,68,16,68,22,71,27,64,10,70,15,69,14,77,16,65.07592,6,70,14,70,19,59,22,66,19,59.523815,4,64,14,70,13,65,21,69,20,-1,-1,69,14,72,12,81,7,74,18,72,8,71,8,80,7,73,12,74,16,72,15,73,20
4:32:30 PM,48.317825,9,64,13,66,15,70,10,76.07455,8,77.866455,8,23.03926,8,77.008354,7,57.03927,12,-1,-1,-1,-1,-1,-1,-1,-1,61.287033,1,72.24563,12,50.034412,18,136.36363,5,-1,0,-1,0,-1,-1,-1,-1,79.52286,16,72.294975,13,41.416443,10,-1,0,63.856556,4,70.15493,12,67.132866,16,-1,-1,-1,-1,61,15,62,16,64,22,76,13,76,12,76,20,79,12,84,5,86,8,74,9,76,8,79,11,91.25874,9,92.89076,6,94.08603,7,79.365074,3,53.00354,3,79.582886,11,68.04573,2,55.487057,9,71.09004,6,57.23205,11,51.75983,5,-1,0,-1,0,53.19149,1,48.70834,4,20.297699,3,45.454548,5,62.7615,12,53.124996,17,63.559326,12,51.25285,9,63.244053,17,69.22257,13,75.75757,16,63.559326,12,65.6045,14,69.44444,2,58.56515,8,70.24266,11,58.823532,10,67.319466,11,56.17978,1,54.884747,20,32.67974,2,71.42857,5,78.86436,5,-1,0,78.32898,6,81.96721,2,81.96721,3,75.07507,5,66,1,67,1,71,3,76,2,66,8,72,2,72,6,76,5,73,6,76,11,68,10,74,6,76,8,76,9,65,13,-1,-1,65,12,71,13,66,14,74,13,57.471268,5,68,8,74,11,65,13,70,19,62.5,2,47,13,47,17,52,8,46,16,47,11,65,5,57,15,62,19,60,16,70,15,68,10,69,11,69,12,66,19,66,10,70,14,68,9,72,12,73,11,78,11,52,18,54,21,62,22,70,21,72.46377,3,69,10,74,15,60,16,62,19,71.42858,6,62,16,69,18,60,19,68,12,-1,-1,69,19,73,18,76,4,76,12,69,12,73,9,81,10,71,12,69,16,69,12,75,18
4:33 PM,51.136364,6,52,19,63,15,68,12,88.26125,4,80.80808,8,26.027142,7,72.490005,9,76.49883,8,-1,-1,-1,-1,-1,-1,-1,-1,62.695923,3,38.891586,4,54.235535,12,145.45454,4,-1,0,-1,0,-1,-1,-1,-1,-1,0,83.4558,6,36.662365,9,48.810253,8,62.77056,4,71.5137,11,64.22509,14,-1,-1,-1,-1,66,9,63,12,66,15,73,14,70,14,75,19,81,10,79,6,85,5,68,13,76,8,79,6,89.06634,6,75.15633,5,75.921906,7,105.8201,4,-1,0,82.5153,8,75.75757,6,68.07867,9,69.44444,2,44.35995,7,62.7615,3,65.27415,5,-1,0,52.91005,2,51.59592,5,31.779663,3,59.13272,9,53.71531,12,37.488285,8,62.388588,7,47.393364,8,67.811935,15,61.188812,14,75.693855,18,60.01847,13,67.91171,16,59.88024,2,59.13272,9,66.137566,10,56.947613,10,63.559326,6,53.19149,1,53.946617,19,35.650623,4,56.726097,7,-1,0,32.67974,2,76.754395,7,-1,0,69.20415,4,113.63637,1,72,5,67,3,69,4,-1,0,64,8,75,3,72,5,77,2,72,7,77,8,64,8,68,13,76,2,75,9,69,11,-1,-1,71,17,73,9,64,15,73,15,69.93007,2,64,11,72,11,70,9,74,11,72.463776,2,36,13,36,14,50,6,45,14,49,14,62,5,64,16,66,15,56,16,64,20,68,12,68,13,68,12,66,14,63,10,70,17,66,14,73,17,67,8,77,18,45,13,49,18,63,15,66,21,59.665867,5,51,15,67,20,64,12,71,17,68.49315,1,65,18,68,19,60,18,68,17,-1,-1,64,20,72,10,80,4,74,14,71,5,75,9,80,9,68,16,66,20,67,15,76,16
4:33:30 PM,41.660465,14,47,21,63,12,65,14,60.337883,9,77.25985,12,27.272726,4,83.36924,6,70.307396,8,-1,-1,-1,-1,-1,-1,-1,-1,63.0063,7,50.583115,12,55.701363,19,145.45454,4,-1,0,-1,0,-1,-1,-1,-1,99.99999,1,120.454544,2,41.797283,4,43.636364,2,54.707153,6,41.127583,8,57.509403,13,-1,-1,-1,-1,57,9,62,12,63,18,72,15,70,13,78,23,84,6,81,10,84,5,72,7,72,7,79,6,92.329544,13,79.80082,5,75.64297,10,81.69935,5,53.19149,1,86.634796,13,80.5116,7,71.09004,12,76.14213,6,62.111797,6,63.451775,5,79.365074,3,-1,0,58.13953,2,49.119316,7,26.455025,2,55.555553,5,53.89718,13,53.57143,15,62.499996,5,49.239033,11,59.422752,14,74.4249,11,77.55946,15,47.91239,14,64.298836,21,71.09004,3,65.07592,12,67.811935,15,59.090908,13,66.964294,9,51.020405,3,53.24298,11,29.013542,3,59.88024,2,64.10256,1,35.273373,4,59.88024,2,60.72874,6,76.62836,4,81.96721,2,68,4,78,1,73,4,75,2,64,7,69,1,71,3,77,1,67,9,75,5,64,6,72,12,64,5,66,13,75,6,-1,-1,74,11,74,6,65,18,71,10,69.44444,3,64,11,72,18,65,14,76,16,41.32231,1,31,11,21,6,59,5,47,20,50,15,60,4,59,11,61,16,52,16,64,17,70,8,66,10,67,9,65,24,61,10,68,19,64,17,66,21,70,20,77,18,59,11,68,16,65,13,67,18,59.880238,6,39,18,44,20,54,14,68,12,60.53269,5,67,8,71,16,63,19,65,20,-1,-1,64,13,68,17,69,2,72,15,74,7,76,6,81,6,73,7,71,10,71,7,77,11
4:34 PM,45.78156,14,58,18,62,10,69,13,67.04209,10,80.30839,5,28.607754,3,81.157585,8,43.96471,7,-1,-1,-1,-1,-1,-1,-1,-1,66.92694,6,75,11,62.281467,19,140.13655,13,-1,0,-1,0,-1,-1,-1,-1,83.682,4,87.92303,6,30.816639,14,-1,0,53.646927,2,43.427906,10,68.80734,11,-1,-1,-1,-1,70,8,66,11,66,15,68,7,70,10,79,12,77,9,81,6,87,1,77,3,77,8,79,5,83.8843,7,78.550476,3,79.61783,10,104.6025,5,-1,0,83.782745,6,78.550476,3,68.49315,7,83.682,8,59.241703,10,66.02641,11,64.10256,1,-1,0,-1,0,38.983585,1,34.602074,2,64.308685,4,60.01847,13,52.47376,7,61.57636,5,52.63158,10,66.964294,9,60.29685,13,73.333336,11,51.67959,12,65.861694,12,69.44444,2,50.505047,11,69.25208,20,62.89308,16,67.40682,17,45.04504,1,66.666664,14,40.983604,1,58.593754,3,90.09008,2,42.735046,1,71.09004,3,89.285706,1,94.78673,4,57.14286,4,68,8,75,3,69,9,78,3,65,7,66,2,69,6,76,4,71,10,77,5,63,9,72,5,79,1,75,11,66,14,-1,-1,68,14,72,5,66,14,73,11,68.49315,4,67,11,71,12,64,12,65,16,70.42254,1,35,13,20,9,63,8,59,11,63,16,61,3,57,18,62,21,67,13,68,15,67,4,66,4,68,8,63,12,58,12,69,14,64,17,62,19,66,13,72,21,65,17,74,17,64,8,74,23,50.9684,10,38,15,45,19,58,22,64,17,52.55255,7,60,6,70,11,64,12,67,16,-1,-1,67,15,67,21,76,7,79,9,72,8,75,7,78,5,74,13,70,14,72,17,76,21
4:34:30 PM,48.7013,15,62,23,62,13,68,-1,96.200096,4,72.15007,12,27.47882,4,56.56241,9,63.596924,6,-1,-1,-1,-1,-1,-1,-1,-1,97.402596,1,77.12082,11,65.11225,10,139.86015,3,-1,0,-1,0,-1,-1,-1,-1,84.26967,6,80.76455,7,36.107872,16,51.457977,1,72.088066,2,68.610634,16,65.245766,20,-1,-1,-1,-1,66,12,67,14,70,12,73,11,75,20,78,19,80,7,76,5,86,4,74,10,76,6,77,5,85.29412,11,79.4043,9,74.94647,7,81.69935,5,47.393364,2,83.837395,13,80.47901,10,70.24266,11,71.42857,5,73.52941,4,71.09004,6,75.07507,5,-1,0,40.983604,1,55.125725,6,25,3,57.471264,9,59.652927,11,41.260315,11,62.499996,5,56.657223,8,57.388813,16,70.588234,12,77.821014,16,60.01847,13,63.291134,9,58.13953,2,63.559326,12,65.975494,14,52.941177,18,71.53615,19,45.04504,2,64.70589,11,39.16449,3,58.411213,5,75.921906,14,42.134834,3,79.365074,3,75.187965,2,53.19149,1,-1,0,65,1,74,1,71,5,74,3,65,12,71,4,69,3,70,2,67,12,76,16,67,12,69,13,69,5,71,4,69,10,-1,-1,71,12,74,12,66,12,72,6,73.52941,1,66,12,71,13,50,22,55,13,51.54639,1,38,10,25,11,63,7,59,17,58,12,65,6,67,16,67,19,59,21,66,21,62,9,65,8,68,6,64,5,69,10,71,16,66,13,66,17,66,19,67,20,64,16,72,20,69,17,76,15,46.05263,7,48,15,44,20,54,19,63,17,72.36842,11,62,10,69,20,64,11,68,13,-1,-1,66,9,65,16,82,2,74,13,73,5,75,5,80,1,73,8,76,8,76,13,79,11
4:35 PM,42.75679,7,59,13,64,13,65,6,75.28703,8,79.86158,12,17.92784,4,81.064095,3,54.959106,11,-1,-1,-1,-1,-1,-1,-1,-1,77.29113,7,66.01568,8,74.49627,15,143.00307,7,-1,0,-1,0,-1,-1,-1,-1,74.25743,9,78.01461,10,40.225258,10,38.23279,6,56.725033,3,69.48465,8,70.588234,11,-1,-1,-1,-1,66,15,62,17,65,15,77,10,79,12,81,11,75,12,76,16,82,13,77,4,72,4,79,4,66.64215,10,84.80325,1,82.81573,8,74.2115,8,53.19149,1,78.4632,9,71.31989,3,72.72727,8,77.639755,10,58.708416,12,62.7615,6,76.62836,4,-1,0,69.44444,1,52.300964,3,34.72222,1,54.570263,8,53.816048,11,49.532192,18,58.19158,13,46.826225,9,59.523815,16,75,12,73.20644,10,61.652287,10,63.39814,15,99.99999,1,53.674652,13,66.28787,7,55.658627,12,64.30868,12,54.644806,2,60.28939,15,30.487804,2,65.35948,4,63.636364,7,42.735046,1,75.07507,5,69.12441,3,32.851513,5,81.69935,5,62,4,78,5,69,2,75,1,66,7,73,2,70,8,76,5,71,10,78,15,59,16,67,16,70,5,67,17,70,5,-1,-1,72,11,72,7,66,16,73,13,66.66667,1,68,9,70,9,41,13,47,12,47.96163,4,38,11,41,15,65,6,58,12,63,14,64,6,68,12,71,14,65,18,67,19,74,10,73,6,65,10,69,12,64,17,70,18,65,14,66,18,70,15,71,16,61,13,66,18,70,12,74,19,55.732483,7,46,16,44,18,59,20,64,19,68.37607,8,64,13,66,15,64,14,67,18,-1,-1,71,10,77,12,77,5,74,8,75,5,72,8,78,11,71,15,73,13,75,14,82,14
4:35:30 PM,57.93903,7,62,16,66,12,73,13,72.92173,9,77.96663,10,25.759363,8,71.218254,6,63.94369,12,-1,-1,-1,-1,-1,-1,-1,-1,65.71742,1,89.41878,3,69.16996,7,145.45454,4,-1,0,-1,0,-1,-1,-1,-1,78.12501,2,83.648994,2,38.636364,17,40.10695,2,55.31938,5,66.66667,11,70.12271,14,-1,-1,-1,-1,59,9,58,15,58,20,73,10,75,16,82,13,80,11,80,11,86,5,72,4,72,14,74,13,83.782745,6,81.16883,5,60.51437,8,113.63637,1,53.19149,1,91.30982,11,78.125,11,71.09004,12,72.9927,6,60.06006,4,70.09345,6,81.96721,3,-1,0,65.35948,4,53.209827,2,27.593817,5,57.736713,5,57.067604,13,54.452274,17,54.945053,13,58.997047,8,56.818184,19,58.043114,14,64.75801,19,60,15,64.252335,11,57.14286,4,61.391544,9,70,14,59.726963,14,69.20415,4,56.17978,1,72.56895,10,35.54502,3,60.72874,6,74.62686,1,31.055902,1,70.224724,5,75,3,93.16771,3,138.88889,2,74,1,82,1,66,2,85,2,66,9,74,3,71,3,73,2,72,10,76,11,57,15,66,19,66,8,68,15,69,13,-1,-1,68,12,69,10,63,15,72,13,89.285706,2,70,12,72,15,49,11,51,12,53.763443,1,41,16,45,12,64,4,57,15,63,16,69,5,66,15,68,17,69,15,75,12,63,16,58,21,71,12,71,14,67,15,69,17,64,14,69,13,68,12,73,14,54,14,53,19,65,14,70,12,60.483868,6,45,14,46,18,63,14,64,19,64.81481,7,63,12,69,21,58,14,66,17,-1,-1,55,12,70,17,82,9,74,10,67,13,72,17,79,13,74,11,70,15,72,18,80,16
4:36 PM,49.984383,8,57,20,65,12,72,15,70.5816,10,77.416504,7,29.752066,6,67.73177,7,69.80519,10,-1,-1,-1,-1,-1,-1,-1,-1,61.287025,3,67.340065,7,64.44794,18,142.6025,8,-1,0,-1,0,-1,-1,-1,-1,65.27415,5,75.59908,6,36.52118,17,-1,0,59.14918,2,93.64027,4,72.31405,7,-1,-1,-1,-1,67,7,65,13,68,14,69,15,70,20,77,15,83,5,83,10,85,10,69,10,72,15,76,9,79.582886,11,81.16883,5,78.82882,7,80.8314,7,52.91005,2,57.612843,10,65.30826,3,72.34727,9,65.27415,5,65.66604,7,69.20415,8,-1,0,-1,0,58.13953,2,56.13636,2,29.94012,1,58.411213,5,58.36576,12,49.073063,9,62.28766,11,56.24297,10,67.04981,14,71.428566,15,74.31875,18,51.622414,14,61.153168,21,73.74631,5,64.29278,13,69.93007,8,66.666664,10,70,14,-1,0,70.588234,12,40.983604,1,64.252335,11,89.285706,1,32.67974,2,78.86436,5,94.33962,2,69.20415,4,83.682,4,74,4,73,4,65,4,73,5,68,5,74,4,69,9,76,4,70,5,77,6,68,12,72,10,72,8,71,20,63,11,-1,-1,67,13,74,12,66,12,72,11,91.74311,2,65,12,71,13,39,14,49,17,47.393364,2,46,13,46,17,62,5,58,11,60,17,-1,0,62,13,67,19,65,15,72,17,63,10,62,18,65,14,62,16,67,15,74,17,63,16,67,17,68,11,75,16,59,13,60,16,61,16,62,19,60.790276,4,61,12,63,13,64,16,67,18,66.48936,5,69,11,70,19,63,17,68,20,-1,-1,67,12,69,14,80,4,71,13,76,7,78,8,80,9,74,9,73,5,75,11,76,16
4:36:30 PM,50.32384,18,64,11,68,12,72,17,90.90909,6,83.333336,11,25.642591,7,63.47644,8,59.589798,8,-1,-1,-1,-1,-1,-1,-1,-1,54.545452,2,62.738346,17,66.083916,18,143.54068,6,-1,0,-1,0,-1,-1,-1,-1,81.96721,1,-1,0,37.4797,15,-1,0,-1,0,68.80734,11,68.64385,13,-1,-1,-1,-1,63,8,70,10,67,10,72,9,76,10,79,14,77,12,81,10,85,8,76,4,77,9,79,13,60.116085,11,85.120865,4,73.20644,10,79.365074,3,54.644806,2,87.878784,8,76.78133,6,43.38395,8,66.137566,5,45.500504,9,56.17978,4,38.56041,6,-1,0,42.735046,1,42.77056,8,32.67974,2,53.00354,3,60.97561,8,48.622368,6,57.471268,3,50.93379,12,60,9,67.50675,15,85.71429,6,63.02521,18,64.93507,14,71.09004,3,53.846153,14,63.0063,14,57.80347,14,69.25208,10,51.75983,5,63.171192,20,36.764706,4,62.7615,6,81.96721,4,34.72222,1,69.12441,3,-1,0,75.921906,7,69.25208,5,73,5,73,6,73,5,75,4,63,9,70,5,67,3,78,3,71,9,74,15,65,7,69,4,79,3,73,13,56,16,-1,-1,69,12,73,13,56,20,67,15,86.95652,2,65,9,69,12,41,16,45,18,54.945053,1,48,12,49,16,66,3,58,17,60,19,64,4,62,13,64,16,62,13,72,19,64,4,72,3,65,12,65,18,62,12,71,16,62,19,66,23,62,21,70,24,63,15,70,16,66,16,68,18,68.259384,4,62,17,64,17,54,20,62,16,73.52941,5,66,11,70,20,63,15,68,22,-1,-1,64,14,74,21,81,3,76,9,73,5,77,9,78,5,71,11,68,16,73,12,77,16
4:37 PM,51.750904,15,54,19,65,14,68,14,96.7118,13,77.649025,13,24.271845,11,79.886055,5,72.56976,9,-1,-1,-1,-1,-1,-1,-1,-1,85.22727,2,72.50419,13,67.294426,13,139.86015,3,-1,0,-1,0,-1,-1,-1,-1,100,5,85.6312,9,39.97631,9,35.617367,7,60.90609,8,57.502743,14,71.71136,16,-1,-1,-1,-1,69,10,70,10,70,7,69,12,76,17,80,16,75,8,80,11,85,5,71,5,76,10,80,7,88.468575,12,76.36852,5,53.816048,11,78.32898,6,23.474178,3,80.55555,11,79.80082,5,68.23821,11,70.09345,6,43.424316,7,64.8415,9,89.285706,1,-1,0,69.44444,1,69.02012,3,30.03003,2,59.241703,5,56.772102,14,38.814396,11,58.922558,7,46.25736,11,64.93507,14,64.93507,14,83.682,8,57.932262,13,68.610634,8,83.682,4,68.55576,15,65.6045,14,52.051437,17,59.52381,17,41.841,2,59.523815,16,34.72222,1,59.88024,2,73.333336,11,35.971226,1,67.56756,6,74.62686,1,81.96721,2,112.35956,2,72,5,76,2,75,8,74,5,62,7,70,5,70,5,79,3,71,9,75,6,64,12,67,16,75,3,71,7,61,16,-1,-1,71,15,74,6,64,14,72,14,63.29114,3,61,14,69,18,44,14,55,16,54.945053,1,44,11,52,17,65,5,60,16,60,15,-1,0,65,16,66,19,63,13,67,19,62,7,65,15,68,4,70,7,69,8,74,16,66,12,70,17,66,15,72,18,55,15,66,19,67,12,75,15,50.062576,16,65,17,68,18,56,18,64,22,75.30121,5,64,10,67,16,64,18,68,17,-1,-1,72,13,75,19,84,4,73,11,72,8,77,11,81,13,60,18,64,11,72,13,77,15
4:37:30 PM,46.4756,11,57,19,64,13,70,15,62.881786,7,85.58387,9,14.802022,6,77.561325,10,56.065952,13,-1,-1,-1,-1,-1,-1,-1,-1,-1,0,77.00535,12,62.045456,13,139.86014,4,-1,0,-1,0,-1,-1,-1,-1,81.74387,6,77.46273,12,41.69562,11,-1,0,50.284863,4,70.51121,14,67.950165,11,-1,-1,-1,-1,63,14,64,16,64,19,71,16,76,12,80,15,80,6,82,4,-1,1,73,9,75,11,81,9,78.4632,9,83.80263,5,74.15255,7,77.77778,7,-1,0,83.42923,9,73.111626,7,67.81751,11,70.67139,4,64.338234,7,68.119896,5,31.055899,3,-1,0,53.19149,1,50.12176,6,24.999998,2,60.827248,5,55.928413,10,53.89718,13,59.687782,13,63.600784,13,60.012634,19,65.789474,19,69.962685,15,53.1511,14,67.659,10,60.72874,6,60.024014,10,71.57464,7,57.510147,17,65.975494,14,53.763443,4,62.738686,23,36.194416,7,72.81554,3,67.56756,3,34.602074,2,67.340065,8,52.447556,6,85.836914,4,81.96721,2,72,4,79,1,72,8,75,3,62,14,73,10,68,3,74,8,69,11,75,10,63,11,70,13,72,5,70,17,67,10,-1,-1,68,14,71,8,63,19,72,13,60.53269,5,63,8,69,15,48,18,52,16,54.151627,3,44,16,50,18,61,8,59,14,60,19,57,2,62,19,64,21,64,15,69,18,67,10,66,10,64,8,64,16,67,14,68,18,70,8,70,8,69,14,75,19,54,16,58,19,62,19,69,21,48.154095,6,63,17,71,18,59,16,67,20,62.949646,7,60,11,65,17,66,10,67,15,-1,-1,68,15,70,18,78,2,74,14,74,4,75,4,80,3,70,20,68,15,73,12,79,21
4:38 PM,40.934677,4,61,10,65,12,71,8,83.658676,9,81.818184,9,4.592141,5,70.36363,9,72.467255,7,-1,-1,-1,-1,-1,-1,-1,-1,77.55278,3,77.29113,7,52.575943,9,143.54068,6,-1,0,-1,0,-1,-1,-1,-1,84.26967,6,76.11662,8,38.20533,13,38.548027,2,47.563255,2,73.14524,14,67.22939,15,-1,-1,-1,-1,66,6,68,11,66,14,71,17,75,18,80,21,74,9,79,10,83,12,79,1,78,4,70,1,49.133503,7,76.78133,6,72.93355,9,73.74631,5,47.393364,2,71.88449,16,65.622536,12,54.884747,10,76.21951,5,62.597813,8,71.94245,6,69.44444,1,-1,0,51.90311,3,37.929974,3,32.154343,2,57.471268,6,63.229576,13,54.071247,17,57.142857,12,60,9,53.946617,19,70.833336,17,70.688034,15,54.976852,19,67.516884,18,22.222221,2,50,9,70.694084,11,58.055157,8,70.224724,5,54.644806,2,45.454548,15,45.731705,3,58.411213,5,-1,0,26.455025,2,64.308685,4,75,3,85.47009,2,69.44444,1,-1,0,75,3,80,3,78,2,63,8,71,4,71,4,78,11,68,11,74,11,61,13,70,9,67,5,70,12,68,11,-1,-1,68,11,72,10,60,15,67,13,31.746033,2,63,14,68,16,49,14,54,18,53.763435,3,45,13,52,16,65,7,57,14,58,18,67,6,67,12,67,22,63,19,68,22,67,5,71,3,64,8,68,15,66,11,72,18,70,9,73,12,75,5,77,8,53,16,55,19,66,16,71,20,54.44646,12,64,16,70,15,61,17,70,14,76.21951,5,54,13,61,21,61,17,62,15,-1,-1,68,9,73,15,75,11,71,15,75,3,77,9,79,6,74,9,69,18,74,16,78,14
4:38:30 PM,55.65863,4,55,19,62,15,66,19,81.77729,12,68.206184,14,10.063738,7,71.01289,7,74.48725,10,-1,-1,-1,-1,-1,-1,-1,-1,58.862003,3,72.50419,13,65.43585,16,142.41632,10,-1,0,-1,0,-1,-1,-1,-1,93.16771,6,85.12689,4,40.10695,4,-1,0,64.07828,1,74.26763,9,52.44755,7,-1,-1,-1,-1,64,10,64,14,67,17,74,15,74,17,80,10,76,15,76,14,82,8,74,3,78,9,80,9,75.757576,9,68.59338,12,37.821484,5,79.365074,6,69.44444,1,88.19951,11,72.2265,6,63.480206,17,66.19594,15,53.846153,14,72.46376,7,53.95684,3,-1,0,69.44444,1,50.573296,2,34.72222,1,61.57636,5,57.894737,11,50.90236,22,56.732224,15,61.037643,12,60.76389,21,73.21275,17,65.94036,23,63.07339,11,64,16,65.789474,3,57.941376,17,68.49315,14,54.30566,14,71.70795,11,48.54369,2,74.62686,16,29.94012,1,69.20415,4,71.09004,3,35.971226,1,69.12441,3,62.7615,6,71.09004,3,74.62686,1,74,3,73,1,82,1,75,2,65,6,75,2,68,8,73,3,69,7,78,7,64,13,68,10,69,8,68,15,63,13,-1,-1,65,15,70,11,59,21,70,16,102.04082,2,62,13,68,14,52,17,60,18,59.701492,4,50,14,53,18,57,8,57,10,60,20,65,4,65,16,66,19,65,15,68,19,69,5,71,7,67,4,70,11,68,17,71,21,69,16,72,18,73,14,79,17,61,7,70,10,66,15,71,21,39.525692,10,65,16,68,21,56,19,68,13,64.81481,7,54,11,60,16,57,16,63,21,-1,-1,68,10,70,14,75,11,76,9,72,11,74,8,79,9,76,14,76,10,75,19,73,12
4:39 PM,53.872047,8,59,17,67,10,70,14,39.32054,5,66.30323,9,26.294008,9,73.84932,10,55.386993,9,-1,-1,-1,-1,-1,-1,-1,-1,69.33744,6,69.204155,11,69.30389,15,139.86014,2,-1,0,-1,0,-1,-1,-1,-1,69.12441,3,76.43054,5,38.540016,17,39.643986,17,64.590904,7,73.31378,10,69.33744,12,-1,-1,-1,-1,63,12,62,16,68,14,77,13,76,12,75,15,73,12,80,10,84,13,71,13,74,10,78,10,77.70633,11,77.96663,8,68.68132,10,64.27915,14,69.44444,1,58.279747,11,73.67025,8,77.639755,10,77.639755,5,60.024014,10,66.425125,11,89.285706,1,-1,0,38.684723,4,51.104534,13,27.964207,5,60,6,57.636887,8,57.941376,17,59.288544,6,43.47826,10,57.427254,15,60.29685,13,69.25208,15,64.54063,17,55.407803,25,90.09008,2,61.188812,14,64.8824,16,57.388813,16,64.28572,18,52.91005,2,66.964294,18,40.983604,2,68.02721,4,76.47059,13,-1,0,71.09004,6,79.365074,3,67.04981,7,78.86436,5,72,5,-1,0,78,4,74,1,67,6,72,2,69,6,77,2,68,4,69,11,64,10,70,15,68,10,73,9,62,13,-1,-1,65,14,72,12,63,18,71,11,62.111805,2,61,16,68,18,52,16,63,16,55.24862,4,49,15,55,21,52,5,55,15,64,20,58,6,63,13,67,18,63,12,68,22,67,4,71,11,75,6,68,9,66,9,71,15,64,18,70,16,71,17,77,18,68,12,74,18,71,11,74,9,70.14028,7,64,17,67,22,39,20,54,16,65.78947,7,64,11,70,15,50,24,59,16,-1,-1,68,15,72,16,82,2,76,13,67,11,72,13,80,17,70,17,73,15,73,8,75,15
4:39:30 PM,34.219234,10,65,15,66,13,70,15,78.24726,11,66.66667,11,26.249016,5,32.04173,1,52.997437,10,-1,-1,-1,-1,-1,-1,-1,-1,75.75757,1,87.693665,10,76.24164,15,142.70613,9,-1,0,-1,0,-1,-1,-1,-1,100,3,82.503105,7,36.855038,14,-1,0,58.922558,10,68.99351,17,71.82283,18,-1,-1,-1,-1,69,8,69,13,72,11,74,15,75,11,79,17,78,9,80,6,90,4,68,12,70,8,75,18,81.16883,5,78.91413,2,76.21951,10,79.726654,7,34.72222,1,81.09619,11,64.17717,15,43.1566,7,60.0343,7,51.75983,5,65.466446,8,69.44444,1,-1,0,64.377686,3,50.185772,7,27.894003,4,58.055157,8,55.970146,12,50.79826,7,47.393364,2,58.055157,8,61.652287,10,56.550426,12,73.46188,16,44.247787,9,56.94761,15,99.99999,2,67.49156,12,58.417423,22,59.194946,15,63.694267,16,45.04504,2,66.666664,14,29.390156,8,54.824566,5,56.947613,5,42.735046,1,71.24352,11,71.94245,4,80,8,81.79959,8,64,7,75,10,76,5,77,2,66,15,67,3,72,2,75,2,71,10,76,13,68,8,63,18,69,2,73,14,66,12,-1,-1,68,17,69,15,63,12,72,13,62.5,2,62,13,68,12,42,16,51,19,48.638134,5,58,13,58,21,61,6,55,17,62,23,55,7,61,14,68,20,63,15,69,18,61,16,65,14,70,4,70,15,67,12,71,22,65,15,68,18,69,17,76,16,65,16,73,19,74,10,79,17,42.105263,4,67,9,72,10,40,17,43,18,59.642143,6,63,14,70,12,53,13,67,15,-1,-1,61,17,69,16,78,3,75,11,71,8,72,10,78,8,71,9,69,10,70,25,74,18
4:40 PM,58.471386,7,64,11,65,12,69,14,57.610325,10,81.35042,16,24.75588,9,60.44986,11,50.531162,10,-1,-1,-1,-1,-1,-1,-1,-1,-1,0,77.92208,5,82.0707,13,142.1801,11,-1,0,-1,0,-1,-1,-1,-1,89.285706,1,77.41294,5,36.52118,17,44.70939,1,69.37798,2,79.16612,10,68.610634,16,-1,-1,-1,-1,66,13,66,18,67,17,72,11,74,20,77,27,79,7,81,7,88,3,74,6,73,8,76,5,70.19072,10,69.00994,6,75.07507,5,69.44444,2,59.88024,2,75.44225,11,68.15703,11,67.811935,15,67.372475,14,42.27053,7,61.813187,9,70.67139,4,-1,0,41.841,2,50.573296,4,26.455025,2,44.444443,8,57.283142,7,53.00354,3,62.7615,3,61.53846,8,49.0479,17,77.85467,9,70.49892,13,48.54369,11,60.55363,14,-1,0,49.239033,11,60.975613,17,63.784554,18,55.208836,23,52.91005,2,54.184223,18,39.062504,2,70.09345,6,74.62686,1,33.333332,3,85.47009,2,89.285706,1,71.94245,2,81.96721,2,66,6,71,3,70,9,74,9,68,4,75,5,71,9,75,4,70,12,73,16,67,12,66,11,68,2,70,16,67,14,-1,-1,73,11,75,9,58,24,66,21,62.240658,3,57,11,58,14,38,17,56,17,67.56757,1,59,13,63,22,64,5,61,15,63,20,66,7,59,14,66,26,62,14,71,16,63,12,59,19,61,17,60,17,63,9,72,18,50,20,63,19,70,11,75,15,65,17,70,16,64,20,73,16,62.111805,4,70,14,75,17,40,17,37,12,62.72401,7,61,12,69,18,60,15,69,10,-1,-1,57,14,71,18,72,5,76,14,71,4,74,8,82,2,70,14,68,14,72,16,75,18
4:40:30 PM,59.181328,6,66,14,68,9,71,14,83.658676,9,81.16882,13,18.098864,8,52.75765,7,62.531162,14,-1,-1,-1,-1,-1,-1,-1,-1,62.695923,3,51.666874,7,58.849907,10,145.45454,4,-1,0,-1,0,-1,-1,-1,-1,79.36509,9,81.941864,22,41.77728,16,45.965275,3,64.07828,1,80.2139,4,75,11,-1,-1,-1,-1,64,11,64,19,66,22,72,13,73,17,76,19,78,8,79,6,83,7,75,2,72,9,81,3,89.7944,5,73.07805,4,57.75578,7,65.789474,6,-1,0,83.00893,10,55.978508,4,71.24352,11,70.24266,11,52.941177,9,50.395966,14,62.111805,2,-1,0,59.88024,2,52.46389,4,32.67974,2,38.631344,7,55.803577,15,49.999996,16,57.14286,16,35.997116,10,61.728394,12,60.827248,10,71.5137,12,63.87921,11,64.59949,15,49.261086,4,57.894737,11,71.35017,13,50,12,66.84492,15,56.17978,1,75,9,29.94012,1,52.91005,4,70.67139,4,38.31418,2,84.26967,6,75.187965,2,69.12441,3,71.94245,2,70,3,73,2,71,6,73,2,63,14,70,11,71,5,77,6,72,13,74,18,66,14,68,18,71,5,68,18,69,13,-1,-1,70,9,72,9,59,17,69,16,58.13953,2,62,16,62,23,40,17,57,15,48.3871,3,58,13,65,16,53,2,55,11,58,16,67,4,64,15,67,22,60,17,70,26,68,8,67,15,63,12,57,21,62,12,68,19,70,12,73,15,55,16,70,22,63,10,68,17,68,18,74,18,60.483868,3,65,19,72,17,50,14,49,21,66.84492,5,61,12,66,12,63,18,70,19,-1,-1,67,12,76,10,77,5,73,14,73,6,77,8,82,6,72,11,74,13,76,11,78,14
4:41 PM,44.517338,19,60,14,65,9,70,16,74.40477,11,74.341545,14,20.948807,8,79.14919,12,68.10264,12,-1,-1,-1,-1,-1,-1,-1,-1,67.75833,2,53.28935,14,71.56854,16,139.86014,4,-1,0,-1,0,-1,-1,-1,-1,67.20431,10,74.3007,17,42.67425,11,44.385998,9,53.0303,3,68.467094,9,61.77288,10,-1,-1,-1,-1,70,9,69,12,69,19,72,8,75,13,79,14,86,9,83,8,86,4,74,4,73,9,77,7,87.56039,11,76.36852,5,79.05139,8,81.74387,6,-1,0,69.37799,10,71.31989,6,71.65605,9,58.997047,4,67.2182,13,60.827248,10,42.08754,5,-1,0,53.19149,1,55.267868,7,26.737967,3,52.30125,5,59.194946,15,51.25285,9,55.555553,5,44.326244,10,60.625397,19,49.8132,16,77.16049,15,49.75124,12,67.659,10,79.365074,3,69.20415,8,64.26735,15,53.410023,13,68.337135,12,45.04504,1,60.379536,21,-1,0,63.636364,7,76.14213,6,42.918457,2,83.333336,5,85.03401,5,-1,0,77.77778,7,68,3,75,4,71,5,76,3,68,8,72,3,68,8,75,8,71,10,73,18,61,13,66,19,69,8,71,18,62,18,-1,-1,65,18,70,15,65,12,68,13,72.463776,1,51,14,53,18,52,22,59,19,68.49315,1,58,14,62,16,60,11,53,16,58,18,56,3,64,11,68,14,59,13,67,21,66,10,68,17,65,6,65,17,63,17,72,21,64,21,65,23,73,18,75,18,60,15,68,19,66,15,74,15,53.097343,6,67,18,73,18,50,22,60,16,68.49314,3,64,13,66,21,57,20,68,13,-1,-1,66,14,74,16,77,4,74,11,70,4,78,9,79,4,69,17,71,18,71,14,72,21
4:41:30 PM,42.949177,12,55,20,62,15,67,17,87.077675,5,74.96252,11,28.527958,5,66.464386,9,60.775665,15,-1,-1,-1,-1,-1,-1,-1,-1,67.75833,2,82.95887,12,64.06345,12,140.25975,9,-1,0,-1,0,-1,-1,-1,-1,81.74387,6,73.150536,6,40.735962,10,-1,0,59.91736,7,46.906406,14,61.889694,15,-1,-1,-1,-1,68,8,66,9,71,10,75,14,74,16,77,23,80,5,78,11,87,9,76,3,80,12,79,3,84.69626,11,76.78133,6,87.71931,8,75.07507,5,53.00354,3,87.008705,8,75.75757,6,60.51437,8,70.09345,6,56.3063,5,51.41388,4,51.124744,5,-1,0,53.19149,1,52.7102,6,28.129393,4,52.91005,2,60.386475,10,46.38219,15,65.38461,17,39.89362,9,60.29685,13,64.655174,12,76.79181,18,40.22122,16,64,16,65.789474,6,39.682537,6,63.636364,7,71.09004,12,66.25098,17,-1,0,57.941376,17,32.67974,2,66.137566,5,75.56675,12,34.72222,1,61.652287,10,80.38586,5,-1,0,-1,0,69,6,78,4,66,4,75,4,60,11,70,6,72,6,77,4,70,10,74,11,64,20,65,19,69,7,71,19,58,18,-1,-1,64,15,65,19,52,18,67,16,80.64516,1,50,12,52,14,53,17,56,16,55.020634,8,55,16,65,20,59,4,53,18,59,20,62,8,62,16,68,19,61,11,69,18,67,11,67,9,68,13,68,20,67,12,66,17,61,19,65,20,68,21,73,25,67,20,71,17,60,20,70,24,49.603176,10,65,16,71,16,51,21,57,17,67.873314,3,59,15,64,18,64,15,67,22,-1,-1,66,13,74,13,83,4,74,15,74,7,79,9,84,6,71,12,69,8,78,10,78,14
4:42 PM,49.6771,10,50,23,58,15,66,18,81.818184,9,78.466545,14,28.067986,3,83.36924,6,68.34075,8,-1,-1,-1,-1,-1,-1,-1,-1,11.679969,1,75.45814,7,68.32125,7,146.29048,7,-1,0,-1,0,-1,-1,-1,-1,85.836914,4,74.81649,2,39.14746,12,-1,0,64.07828,1,72.31405,14,68.02239,16,-1,-1,-1,-1,67,10,66,12,69,11,72,14,76,13,82,12,81,7,79,9,86,8,73,7,74,7,77,8,77.4442,19,80.78415,6,75.493614,13,78.24726,10,-1,0,79.92707,13,75.15633,10,80.527084,11,73.22175,7,48.355904,5,69.16997,7,76.62836,4,-1,0,71.94245,2,54.442596,9,29.94012,1,63.559326,6,66.137566,10,41.58513,17,57.471268,6,58.67014,9,58.309036,16,58.139538,21,72.84079,14,53.1511,14,63.244053,17,66.66667,4,39.12363,10,63.0063,14,45.91368,10,66.666664,6,56.17978,1,69.49525,19,29.94012,1,67.46626,9,-1,0,32.67974,2,60,6,-1,0,-1,0,104.166664,3,70,3,72,2,67,9,75,6,61,9,65,8,71,7,75,4,70,9,74,14,56,15,60,11,66,13,67,18,66,19,-1,-1,65,13,70,11,51,20,60,20,61.224487,3,49,14,48,14,49,13,45,19,53.57143,3,52,12,49,19,62,10,58,15,63,19,59,5,61,17,63,24,62,15,70,19,68,5,76,3,61,12,69,10,65,13,71,19,67,13,70,17,69,18,74,22,60,19,66,24,66,13,71,16,57.66062,7,63,15,72,17,61,22,67,18,72.07206,8,65,17,66,17,60,20,66,14,-1,-1,68,13,70,19,83,5,75,14,74,7,76,14,82,9,74,16,76,14,71,15,78,18
4:42:30 PM,63.319767,7,48,20,58,13,66,13,86.08815,10,82.41409,13,26.902815,4,79.641914,8,70.11338,13,-1,-1,-1,-1,-1,-1,-1,-1,64.36041,4,48.7013,6,59.21498,10,146.62756,10,-1,0,-1,0,-1,-1,-1,-1,99.99999,2,82.053505,5,46.355907,6,54.545456,3,-1,0,75.54773,5,63.0063,7,-1,-1,-1,-1,60,15,58,18,65,15,76,16,72,17,79,15,64,8,68,14,76,14,75,6,74,9,80,10,84.77054,12,78.64108,4,63.0063,14,80,8,42.918457,2,79.47238,15,82.34519,12,65.861694,12,73.333336,11,63.739376,9,66.666664,6,78.12501,4,-1,0,52.91005,2,54.633934,4,14.044945,1,50.556118,10,63.157898,12,55.248615,14,76.62836,4,61.867264,11,63.07339,11,77.355835,11,69.26952,11,57.339447,20,63.291138,14,79.365074,3,46.23044,13,63.480206,17,43.58655,14,65,13,-1,0,49.129078,22,53.19149,1,53.95684,6,66.66667,4,-1,0,56.17978,4,64.10256,1,-1,0,121.35923,5,71,5,76,2,72,5,77,1,63,11,68,8,68,12,73,6,70,6,82,5,68,10,71,15,62,9,71,11,65,20,-1,-1,66,14,71,9,51,18,55,17,58.13953,2,39,12,43,15,54,19,57,14,55.555553,1,55,14,55,16,64,10,64,15,63,19,61,7,61,16,64,20,61,19,66,23,69,4,73,7,65,4,70,10,67,7,72,17,64,12,71,12,72,11,81,11,59,17,63,22,67,17,72,22,55.387707,11,64,19,69,23,56,16,67,19,62.761505,9,60,15,64,19,59,22,62,17,-1,-1,67,11,75,11,76,3,76,13,75,3,73,7,75,8,71,14,74,17,72,17,76,26
4:43 PM,53.607327,12,61,16,63,11,67,18,58.936203,8,72.92173,9,28.885502,6,81.157585,8,69.0874,11,-1,-1,-1,-1,-1,-1,-1,-1,75.75757,2,72.405464,9,67.474945,15,139.86014,1,-1,0,-1,0,-1,-1,-1,-1,85.03401,5,78.49526,11,32.73195,14,32.92482,6,63.782986,3,71.77034,6,58.08326,11,-1,-1,-1,-1,65,6,64,14,62,15,71,17,76,14,74,30,68,11,74,12,80,3,77,2,72,12,74,7,91.859375,12,74.17518,5,86.7679,8,76.14213,6,41.841,2,72.0676,11,77.1724,8,67.95017,12,71.09004,12,60.01847,13,66.02641,11,83.333336,5,-1,0,-1,0,-1,0,31.779663,3,56.818176,6,62.03474,10,49.580475,13,56.17978,4,56.58436,11,60.44325,18,70.778564,14,71.189285,17,67.99162,13,52.029137,10,71.57464,7,52.521008,15,73.22175,14,52.185257,16,66.539925,21,48.231514,3,59.30893,23,-1,0,62.111805,2,67.698265,7,-1,0,62.499996,5,69.44444,2,-1,0,69.44444,1,76,2,79,1,71,4,78,2,65,7,70,4,68,8,74,7,64,9,75,12,70,9,71,7,68,9,70,18,68,18,-1,-1,72,12,75,10,50,19,61,16,61.983463,3,43,12,45,18,52,20,64,16,54.347828,1,60,10,61,20,67,4,60,19,65,19,68,6,60,20,65,20,63,16,67,17,66,3,-1,0,67,8,68,9,67,13,69,19,67,15,70,12,67,11,73,12,65,14,76,13,68,18,72,23,52.677788,12,67,19,70,19,52,25,59,21,70.175446,4,64,12,72,15,58,16,64,20,-1,-1,66,16,71,19,72,4,72,13,57,4,59,14,72,13,70,17,73,12,74,13,77,17
4:43:30 PM,56.426327,6,63,10,62,13,70,10,71.16171,8,75.20054,9,18.365473,11,86.22995,4,53.827747,9,-1,-1,-1,-1,-1,-1,-1,-1,72.72727,2,68.467094,9,50.063576,12,139.86015,3,-1,0,-1,0,-1,-1,-1,-1,73.22175,7,78.81431,12,37.980232,13,43.636364,2,56.958473,7,62.876606,8,63.559322,11,-1,-1,-1,-1,71,6,67,10,71,11,76,15,76,15,78,16,79,6,75,4,85,2,62,6,60,12,67,11,79.99755,18,70.66938,15,80.527084,11,78.32898,6,47.393364,2,80.26818,9,73.949905,6,58.997047,12,77.369446,8,62.03474,10,66.137566,10,81.96721,4,-1,0,57.471268,6,46.489742,4,27.573528,3,55.555553,5,57.894737,11,54.773087,14,60.97561,4,57.14286,8,56.818184,13,75,12,69.93007,16,60.744114,16,61.349693,18,77.31959,3,70.588234,12,54.347828,7,49.8132,16,67.20431,10,51.020405,3,53.816048,22,-1,0,79.365074,3,65.31205,9,42.735046,1,70.32349,10,44.64286,6,-1,0,81.96721,2,74,1,76,3,73,8,73,2,62,11,71,8,71,6,74,2,66,12,72,18,58,14,68,15,69,4,76,6,65,13,-1,-1,63,14,68,12,46,18,55,13,72.9927,2,47,11,46,16,44,18,53,20,45.731705,3,57,18,67,19,63,10,57,21,62,17,74,3,64,19,68,20,64,20,66,22,67,11,70,10,71,7,69,5,68,14,69,14,64,14,67,15,70,15,72,18,65,11,73,11,71,10,78,11,56.737587,8,69,15,70,25,53,19,50,20,67.91171,8,62,17,66,20,53,19,67,16,-1,-1,65,19,70,17,84,4,76,15,53,8,68,8,78,3,69,15,72,15,71,13,77,12
4:44 PM,57.115658,6,62,13,67,13,67,17,47.89272,11,74.38729,19,14.049054,8,63.619926,12,69.474365,6,-1,-1,-1,-1,-1,-1,-1,-1,64.04554,6,76.71653,10,62.579468,15,140.30986,8,-1,0,-1,0,-1,-1,-1,-1,78.32898,6,83.3916,9,36.148018,19,61.287033,1,59.14918,1,74.833694,9,65.430756,11,-1,-1,-1,-1,69,7,68,8,69,14,77,17,72,8,76,13,81,10,80,11,83,13,57,6,73,6,75,6,76.9966,10,79.65166,6,80.738174,14,64.8824,16,42.735046,1,88.691795,16,77.51457,10,73.22175,14,65.35948,4,48.638134,10,69.93007,8,78.12501,2,-1,1,69.44444,2,47.30593,3,27.894003,4,57.636887,8,57.369816,13,52.91005,8,58.055157,8,46.49197,11,58.57295,11,58.333336,14,65.29851,14,60,9,62.56015,13,64.377686,3,64.93507,7,66.40106,20,58.67014,9,58.57295,11,-1,0,62.7615,12,42.735046,1,55.555553,5,28.57143,2,-1,0,113.63637,1,75.187965,2,-1,0,93.16771,3,66,4,66,1,74,2,77,4,68,5,70,4,72,7,75,5,64,11,77,9,53,19,64,15,70,10,75,14,62,11,-1,-1,65,14,69,14,40,15,58,13,54.347828,1,44,12,42,19,46,14,49,19,54.347828,1,58,12,64,16,64,6,55,16,62,19,61,7,62,19,64,16,63,19,67,22,60,11,63,15,64,12,70,16,68,14,69,22,55,25,59,21,64,17,70,15,66,16,71,15,71,14,75,16,57.915062,3,70,15,74,12,44,21,46,19,63.559326,6,64,13,67,18,59,21,63,16,-1,-1,65,15,69,16,80,7,76,13,72,7,77,8,79,5,67,11,65,19,62,17,72,20
4:44:30 PM,39.75616,10,67,14,66,14,71,12,69.45516,9,75.46732,13,25.608196,3,50.469482,11,61.463696,16,-1,-1,-1,-1,-1,-1,-1,-1,52.956757,2,75.49544,16,67.48071,22,140.37433,7,-1,0,-1,0,-1,-1,-1,-1,74.906364,4,68.83117,8,30.596632,11,43.427906,5,59.14918,1,55.848583,12,61.76183,19,-1,-1,-1,-1,63,12,61,15,69,16,65,15,67,14,71,21,80,8,76,7,83,9,74,6,75,9,78,12,83.8843,7,78.64108,4,74.96251,10,75,6,41.841,2,76.83702,18,68.99351,17,76.99711,16,81.190796,12,67.99162,13,64.23983,6,81.96721,3,-1,0,57.471268,3,50.03241,5,27.573528,3,56.17978,4,52.47376,7,54.627247,17,63.437138,11,64.29278,13,54.555378,20,79.726654,14,72.56895,10,51.72414,15,58.62647,14,60.97561,4,68.21283,10,67.372475,14,61.93229,15,66.37167,18,53.19149,1,66.666664,18,40.322582,3,54.884747,10,-1,0,-1,0,69.44444,1,70.67139,4,-1,0,85.47009,2,73,5,74,3,63,2,69,2,69,4,72,3,71,6,77,6,69,6,73,7,58,10,59,10,62,5,62,16,71,12,-1,-1,68,12,71,11,35,17,46,18,54.545456,3,45,13,52,18,48,19,50,20,61.34969,2,55,13,62,22,66,6,66,14,70,20,61,6,61,17,66,24,63,17,66,18,64,11,62,13,64,11,64,17,63,19,67,21,66,12,62,15,61,22,70,19,61,15,65,16,70,19,73,10,36.855034,6,70,14,73,11,50,16,56,13,65.35948,8,66,8,66,18,63,18,64,18,-1,-1,64,16,70,15,77,6,73,12,74,6,73,9,78,17,69,17,69,16,69,14,72,18
4:45 PM,52.08333,11,60,15,67,13,71,18,83.14855,12,72.61109,15,21.923416,5,67.46862,11,66.27621,11,-1,-1,-1,-1,-1,-1,-1,-1,51.457977,1,61.349697,11,70.3942,10,140.58107,5,-1,0,-1,0,-1,-1,-1,-1,-1,0,-1,0,36.174152,14,51.457977,1,60.90609,8,75.89813,15,65.045685,21,-1,-1,-1,-1,69,9,68,7,69,12,72,20,68,15,72,19,75,10,81,12,80,9,73,7,75,9,79,10,66.518845,12,82.879036,9,52.950073,7,78.12501,4,-1,0,81.87464,8,73.03108,10,63.44171,16,67.00168,16,57.14286,8,63.229576,13,81.96721,3,-1,0,56.17978,4,52.573086,9,30.33367,6,52.30125,10,53.816048,11,52.342976,21,56.899,16,60.55363,7,59.34718,12,70.754715,18,66.489365,15,63.636364,14,62.388588,14,79.365074,6,58.411213,10,70.694084,11,57.369816,13,64.26735,10,45.04504,1,50.556118,10,37.878784,4,62.7615,3,49.999996,2,38.31418,2,71.09004,6,89.285706,1,-1,3,72.9927,6,73,4,76,5,71,8,78,5,63,4,67,3,73,3,73,4,74,9,72,16,59,9,69,6,62,6,61,12,63,6,-1,-1,67,13,72,12,40,14,46,17,61.224487,3,49,12,53,17,58,16,60,20,45.731705,3,55,15,57,16,63,6,64,14,69,18,64,3,66,16,69,21,60,18,67,22,65,7,70,13,65,9,64,14,65,16,70,17,62,11,71,15,72,13,73,14,58,20,65,19,66,14,72,15,59.880238,10,70,18,73,13,59,20,68,15,55.970146,6,63,13,65,16,66,14,69,19,-1,-1,63,17,72,16,78,9,72,16,73,8,75,10,80,6,75,10,76,13,71,14,75,14
4:45:30 PM,54.929962,10,56,14,62,18,67,21,82.41409,13,64.62732,9,21.248716,10,76.57733,14,53.78073,14,-1,-1,-1,-1,-1,-1,-1,-1,65.71742,1,57.75401,9,53.38621,10,139.86014,2,-1,0,-1,0,-1,-1,-1,-1,85.03401,5,83.417274,5,35.557663,5,-1,0,98.16247,2,58.932663,9,72.13539,13,-1,-1,-1,-1,72,11,68,17,67,19,74,7,72,16,77,18,74,14,74,10,84,7,72,6,75,11,78,8,68.331764,11,76.36852,5,78.67133,9,81.190796,12,-1,0,82.2395,7,74.27213,4,70.546745,8,73.22175,7,58.86427,17,63.07339,11,68.02721,4,-1,0,59.88024,2,53.847836,4,30.487804,2,54.347828,9,63.89776,12,48.123196,10,62.499996,5,58.07201,10,58.708416,18,69.73501,10,77.72021,12,58.96958,19,51.90311,12,106.38298,2,53.995678,15,66.90997,11,58.770344,13,72.34727,9,49.999996,2,68.49315,14,36.764706,4,50.79826,7,58.823532,10,39.525696,4,68.23821,11,-1,0,71.09004,3,70.67139,4,65,5,69,4,73,5,79,4,62,12,70,11,73,1,71,2,72,9,77,11,63,15,66,22,64,5,70,9,53,13,-1,-1,69,16,75,13,50,16,58,19,41.32231,1,44,14,48,21,53,16,59,18,48.899757,4,55,15,53,24,56,10,54,19,60,18,62,4,64,13,69,18,64,18,68,23,70,10,72,6,64,7,65,17,65,15,70,20,60,15,66,20,66,10,75,16,59,13,64,18,65,18,69,18,56.49717,10,65,12,69,15,63,19,70,9,59.08419,8,64,17,67,14,65,16,68,15,-1,-1,75,11,75,21,77,6,79,15,67,9,69,8,74,11,74,17,73,11,75,11,77,14
4:46 PM,51.377197,6,57,21,64,11,67,22,80.450516,12,86.85581,12,23.140497,7,81.701256,13,46.054325,10,-1,-1,-1,-1,-1,-1,-1,-1,55.376095,4,73.4001,16,60.523712,21,141.67651,14,-1,0,-1,0,-1,-1,-1,-1,72.81554,3,76.23705,14,37.445393,9,59.61252,2,61.51515,2,54.545456,6,72.72727,4,-1,-1,-1,-1,67,12,66,13,66,21,75,11,77,9,79,14,80,7,82,10,86,6,70,10,69,7,74,11,65.90909,4,81.752785,2,64.252335,11,71.09004,6,46.082943,2,67.48371,12,81.07974,13,51.903114,9,72.9927,6,59.422752,7,66.666664,6,66.66667,2,-1,0,-1,0,44.37658,4,29.027578,4,55.555553,5,63.44171,16,51.706306,10,49.999996,4,57.142857,12,64.61232,13,63.98538,14,75.693855,18,60.386475,10,62.642372,11,69.28406,6,58.685448,15,50,10,53.333332,16,54.84461,12,53.95684,3,37.759594,12,34.72222,1,64.308685,4,74.62686,1,29.94012,1,69.44444,1,17.667847,1,83.682,4,81.96721,2,72,3,77,2,65,5,73,3,56,8,69,4,65,9,74,10,68,5,77,9,67,10,72,13,70,11,71,19,45,7,-1,-1,67,18,67,17,62,17,74,15,67.56757,4,40,16,44,21,49,21,58,20,51.02041,1,56,15,57,20,65,6,59,16,61,22,55,8,58,13,62,19,63,13,71,15,67,3,67,5,70,7,71,17,68,9,68,21,65,14,67,18,63,15,71,23,65,11,72,14,67,11,71,20,60.706398,11,64,18,69,16,60,16,66,15,71.88499,9,68,10,71,9,64,17,67,14,-1,-1,67,16,76,14,80,2,76,16,70,8,72,10,80,8,69,9,66,13,73,16,75,17
4:46:30 PM,53.93865,8,57,22,62,11,67,17,77.94992,16,71.31989,15,24.625488,8,67.24353,10,69.80519,10,-1,-1,-1,-1,-1,-1,-1,-1,47.18465,5,71.97327,14,59.835075,17,144.30014,10,-1,0,-1,0,-1,-1,-1,-1,80.527084,11,80.49242,17,42.530567,12,35.061356,7,59.14918,1,56.957783,17,61.709072,23,-1,-1,-1,-1,69,15,70,13,71,14,69,14,73,16,76,14,82,7,80,11,83,8,72,8,75,11,78,12,75.58382,10,68.25006,4,35.971226,1,69.44444,1,-1,0,53.391705,9,71.921745,9,69.23077,9,74.97116,13,50,12,69.20415,8,81.96721,3,-1,0,53.19149,1,52.393944,7,32.67974,2,65.27415,5,52.956753,12,44.273907,15,59.414993,13,62.28766,11,63.333332,19,71.02272,15,78.04371,15,56.818176,12,59.5632,18,61.475407,3,62.597813,8,68.07867,9,57.251907,18,67.1141,12,51.41388,4,43.398815,19,26.455025,1,57.471268,3,-1,0,69.44444,1,62.7615,3,69.44444,1,41.841,4,94.78673,4,72,3,77,3,68,4,76,3,63,8,71,6,69,9,72,9,69,10,73,13,71,4,73,9,67,9,68,13,58,12,-1,-1,62,10,68,8,57,16,69,14,65.146576,4,43,16,43,18,46,19,58,25,43.47826,1,54,15,64,21,64,7,60,16,61,20,66,6,57,21,61,24,58,16,65,16,57,4,70,7,66,5,68,9,69,8,71,11,64,17,65,22,70,19,74,17,56,16,62,20,72,11,75,12,47.784534,11,69,15,71,21,61,21,67,17,50.9165,10,66,11,69,12,65,15,69,9,-1,-1,67,14,73,12,78,6,72,8,75,5,77,8,80,9,65,12,62,13,70,14,76,16
4:47 PM,49.586777,5,58,18,63,14,62,20,56.395218,10,72.20464,21,23.653711,10,70.36363,15,71.77033,12,-1,-1,-1,-1,-1,-1,-1,-1,81.81818,3,74.08551,8,63.239567,17,140.30986,8,-1,0,-1,0,-1,-1,-1,-1,79.36509,9,71.84168,12,35.219017,8,58.027077,1,62.011242,10,73.32894,13,64.50842,18,-1,-1,-1,-1,68,9,69,8,69,12,67,13,72,11,77,21,77,5,84,6,82,6,78,5,75,11,80,6,78.125,11,76.71222,15,71.94245,8,81.818184,9,53.19149,1,55.94999,5,65.30826,3,44.247787,9,70.546745,8,42.579075,7,63.739376,9,67.56756,3,-1,0,53.19149,1,56.13636,4,32.154343,2,60.72874,6,62.326874,9,51.83789,11,57.840614,9,59.59475,10,65.55944,15,73.91304,17,81.86398,13,63.08101,19,66.37167,18,64.308685,4,60.292854,14,65.597664,18,60.893097,9,75,6,49.40712,5,44.3097,19,35.971226,1,69.12441,3,81.96721,2,38.31418,2,79.365074,3,90.09008,2,47.393364,4,100,3,70,6,77,4,71,5,70,2,66,7,-1,0,67,3,73,3,71,13,75,8,64,9,66,14,68,2,76,8,61,16,-1,-1,68,17,73,12,56,21,66,15,55.24862,6,51,14,54,17,55,18,60,20,53.00354,3,56,13,62,25,59,6,56,14,66,21,67,6,62,16,64,18,56,25,62,23,65,8,66,8,65,6,64,11,67,13,67,14,69,19,70,21,70,17,72,27,54,13,57,14,64,14,73,13,58.593754,9,70,11,72,15,66,17,66,21,66.44519,8,64,13,69,16,63,15,63,11,-1,-1,72,12,71,9,80,5,75,12,77,4,75,9,80,7,66,10,70,12,69,13,76,19
4:47:30 PM,51.457973,6,64,9,67,4,69,5,67.465004,8,77.649025,13,28.148457,9,59.645752,13,58.636368,18,-1,-1,-1,-1,-1,-1,-1,-1,-1,0,74.5496,12,63.93286,23,139.86014,1,-1,0,-1,0,-1,-1,-1,-1,81.96721,4,78.72846,4,38.56041,11,-1,0,55.58598,1,71.87542,9,71.00097,17,-1,-1,-1,-1,61,12,58,18,59,18,70,11,72,13,77,22,74,13,81,10,85,9,75,2,79,6,79,4,76.12214,12,97.54195,4,83.84146,11,75.026794,14,-1,0,67.04893,10,73.949905,6,38.31418,4,74.906364,4,43.923866,6,62.388588,7,89.285706,1,-1,0,59.88024,2,49.89899,4,28.735634,3,52.91005,4,55.555553,15,46.928326,11,60.362175,12,61.53846,8,67.81751,11,74.62686,16,78.22685,12,63.39814,15,59.34718,12,65.27415,5,69.68641,12,73.68421,14,51.124744,15,61.074917,15,52.91005,2,60.206417,21,40.51864,5,59.88024,2,70,7,-1,0,66.666664,10,69.25208,5,92.165886,4,35.54502,3,69,4,72,3,73,8,77,5,63,12,74,5,68,2,78,3,67,5,76,6,62,17,70,8,72,6,68,13,69,8,-1,-1,70,12,72,10,65,16,70,16,65.29851,7,62,11,67,18,53,21,59,18,70.42254,3,56,18,59,21,59,12,56,14,63,24,64,4,58,17,61,22,63,18,67,17,70,8,70,8,60,9,60,15,61,22,67,22,69,11,70,14,65,12,67,17,51,17,55,21,67,10,70,17,52.581257,11,66,11,73,12,65,14,72,16,67.97583,9,68,11,67,19,61,18,66,14,-1,-1,69,9,73,12,80,5,73,11,68,4,73,7,78,10,68,18,67,14,69,15,75,17
4:48 PM,50.226017,10,64,13,62,10,69,13,76.75251,9,76.81185,17,27.272726,4,62.078922,11,67.1875,11,-1,-1,-1,-1,-1,-1,-1,-1,61.287033,1,74.08551,8,59.24254,16,139.86014,1,-1,0,-1,0,-1,-1,-1,-1,78.32898,6,77.3798,6,39.794838,15,-1,0,66.383255,4,80.30474,13,66.55943,20,-1,-1,-1,-1,59,16,60,21,58,19,71,16,73,16,76,24,76,8,82,11,87,10,72,8,74,12,78,11,75.58382,10,78.64108,4,64.70589,11,87.2093,3,47.393364,2,80.67208,10,73.06423,17,65.18904,10,78.988945,10,40.369087,7,61.349693,6,89.285706,1,-1,0,-1,0,57.184753,6,34.72222,1,55.487057,9,56.237217,11,52.954292,19,57.65535,18,59.288544,6,68.610634,8,77.473175,13,76.04563,12,58.62069,17,67.372475,14,75.75757,8,65.07592,12,66.02641,11,63.587685,19,69.962685,15,48.231514,6,63.667233,15,39.062504,2,63.739376,9,72.34727,9,46.082943,2,54.824566,5,75.187965,2,-1,0,93.16771,3,69,5,76,3,71,8,75,6,66,11,72,6,71,8,75,5,69,2,77,12,64,10,65,9,69,7,76,9,63,8,-1,-1,65,11,71,9,64,15,71,12,75.187965,2,47,12,52,14,57,16,60,16,48.859936,3,51,16,50,22,58,6,53,20,61,22,62,8,58,17,60,22,58,17,66,20,66,18,68,17,67,10,68,15,67,14,70,18,64,12,68,13,67,13,70,9,56,14,57,18,70,14,74,19,66.518845,6,66,12,71,14,63,14,70,11,56.603767,3,63,11,69,16,67,14,66,18,-1,-1,67,14,72,12,77,9,72,15,68,13,75,13,79,11,74,12,74,14,73,15,77,14
4:48:30 PM,43.586548,14,56,19,62,11,65,16,84.69792,3,69.01991,7,23.05387,5,68.35846,9,61.64462,15,-1,-1,-1,-1,-1,-1,-1,-1,63.72132,5,66.92694,12,60.369324,17,140.25975,9,-1,0,-1,0,-1,-1,-1,-1,92.165886,4,90.340904,3,39.794838,15,36.49635,11,51.83861,1,61.807877,8,66.58652,12,-1,-1,-1,-1,73,5,67,14,66,13,73,10,73,13,79,13,77,10,78,8,84,9,70,11,74,9,79,10,83.42923,9,81.752785,2,57.471268,6,76.14213,6,46.72897,4,80.071785,16,76.78133,6,66.425125,11,70.09345,12,51.813473,8,66.90997,11,59.88024,2,-1,0,69.44444,1,53.770462,5,12.406948,2,52.966106,5,57.471268,12,42.235218,13,52.91005,4,59.59475,10,61.728394,12,84.38818,12,92.59259,7,62.642372,11,67.46626,9,85.836914,4,65.18904,10,68.23821,11,65.31205,9,66.666664,14,54.644806,2,68.610634,8,40.322582,3,64.338234,7,-1,0,42.735046,1,69.44444,1,42.444824,5,-1,0,106.38298,2,70,5,-1,0,69,3,77,2,66,10,72,7,67,9,76,7,60,13,74,13,69,7,69,13,74,3,69,12,67,9,-1,-1,71,13,74,8,61,18,69,11,54.945053,1,48,13,52,15,53,11,57,17,46.948357,2,56,15,56,19,65,3,58,20,60,22,62,9,58,19,63,23,60,17,68,24,67,11,74,13,67,13,65,23,62,14,67,17,58,19,59,23,66,14,74,19,52,14,57,18,67,11,73,19,65.07592,6,70,15,73,20,62,15,68,17,72.46377,5,63,10,71,10,61,16,69,13,-1,-1,72,10,69,17,79,9,74,13,71,7,75,9,78,9,72,12,71,11,73,8,76,16
4:49 PM,49.8132,10,54,22,66,13,68,16,81.02415,10,78.64108,10,21.121185,4,72.8402,4,61.51897,7,-1,-1,-1,-1,-1,-1,-1,-1,59.61252,2,76.04563,11,68.876366,17,140.4604,6,-1,0,-1,0,-1,-1,-1,-1,83.24662,16,74.03208,17,38.4369,11,30.643517,1,56.460583,7,61.76183,19,68.8126,15,-1,-1,-1,-1,65,10,68,13,64,14,75,10,74,9,78,14,76,9,83,4,82,1,67,7,78,8,78,10,85.900475,11,74.17518,5,74.96251,10,71.94245,8,-1,0,69.7861,9,78.69555,5,64.27915,14,78.24726,10,59.422752,14,60.362175,12,75.187965,2,-1,0,74.62686,1,57.184753,6,30,3,63.451775,5,62.18905,15,54.545456,6,60,6,45.55809,8,63.559326,12,72.604065,15,80,12,60.918465,13,65.18904,10,70.67139,4,65.703026,10,67.95017,12,59.25926,16,64.252335,11,52.91005,2,53.124996,17,-1,0,60.06006,4,89.82036,3,38.684723,4,81.96721,4,71.94245,4,-1,0,85.836914,4,72,6,80,3,72,7,-1,0,69,8,71,1,69,7,78,6,70,7,73,9,51,13,64,12,72,1,73,14,67,8,-1,-1,67,14,69,15,66,16,71,11,51.54639,1,50,14,57,13,49,18,57,21,58.13954,3,63,6,67,14,65,4,61,18,65,20,64,2,60,21,65,23,59,21,68,20,66,5,70,10,62,13,64,20,64,12,68,25,66,16,67,22,63,21,67,25,54,14,63,18,67,14,71,19,58.47953,10,70,11,76,20,66,16,71,19,46.2963,3,64,14,70,15,57,17,69,12,-1,-1,69,15,75,11,84,4,75,12,70,6,73,6,77,5,71,16,71,10,73,15,77,18
4:49:30 PM,57.56776,12,38,17,60,9,63,17,86.16976,8,81.339714,17,30.529171,6,64.20039,9,62.84713,8,-1,-1,-1,-1,-1,-1,-1,-1,53.475933,3,77.83655,13,52.883404,16,140.4604,6,-1,0,-1,0,-1,-1,-1,-1,81.74387,6,79.09773,7,44.70939,1,-1,0,63.782986,3,77.212975,14,66.01568,16,-1,-1,-1,-1,63,13,59,16,60,21,73,14,77,15,80,19,81,12,80,10,81,8,68,5,73,8,79,4,67.94751,11,73.07805,8,75.757576,9,79.726654,7,52.91005,2,92.39592,6,80.78415,3,58.027084,6,69.25208,5,55.831264,9,67.04981,7,-1,0,-1,0,-1,0,53.159435,5,28.129393,4,55.555553,5,57.034225,9,57.840614,9,64.23983,6,56.675064,9,64.011375,18,60.373222,11,75.022064,17,61.074917,15,67.04981,14,-1,0,63.37136,10,70.8502,7,62.28766,11,74.2115,8,52.966106,5,73.64975,9,33.670033,4,52.91005,2,73.74631,5,34.72222,1,66.137566,5,74.62686,1,-1,0,91.46341,6,66,3,75,8,71,6,81,6,62,8,74,3,72,5,78,1,69,7,72,15,56,8,64,9,70,4,73,13,65,18,-1,-1,68,13,72,13,66,13,67,19,65.35948,4,53,12,57,16,49,20,57,17,53.763443,2,60,15,68,22,64,4,64,12,67,18,60,4,61,17,63,22,59,23,66,23,67,8,65,16,68,10,66,15,63,11,69,24,67,15,67,17,70,19,73,18,52,17,59,17,59,13,68,19,57.361374,12,70,14,74,18,69,16,71,19,69.44444,2,67,13,70,22,60,16,68,14,-1,-1,65,10,73,12,82,7,70,10,74,7,76,8,80,3,74,15,71,10,69,10,75,20
4:50 PM,39.978344,16,27,18,49,8,62,16,72.92173,9,80.450516,12,23.096169,6,70.93108,9,63.10074,16,-1,-1,-1,-1,-1,-1,-1,-1,78.48267,4,76.36364,7,68.32125,14,139.86014,1,-1,0,-1,0,-1,-1,-1,-1,78.12501,2,84.430756,6,39.272728,9,43.636364,2,66.383255,6,70.10983,10,59.519596,14,-1,-1,-1,-1,61,9,60,14,55,15,76,14,73,11,78,19,79,7,78,9,84,7,75,6,74,9,75,5,90.53446,10,63.555016,10,71.65605,9,60.706398,11,56.17978,4,85.681816,13,75.15633,10,71.09004,12,73.89163,6,58.055157,8,69.44444,2,89.285706,1,-1,0,59.88024,2,50.497475,6,27.593817,5,57.471268,3,60.386475,10,59.414993,13,59.59475,10,60,9,69.87578,9,70.043106,13,73.22175,14,51.83789,11,65,13,85.47009,2,63.636364,14,67.811935,15,63.559326,12,65.703026,10,52.91005,2,67.675156,17,32.154343,2,57.471264,9,80.38586,5,-1,0,69.12441,3,67.56756,3,-1,0,93.16771,3,69,4,75,4,69,6,78,8,63,12,76,5,68,6,74,2,68,7,80,6,62,16,66,18,70,2,66,10,68,10,-1,-1,62,13,74,10,57,16,70,15,58.823532,5,66,10,64,18,51,16,60,21,68.49315,1,61,14,67,16,59,9,59,19,55,23,53,5,66,9,68,21,62,17,66,21,72,3,68,16,63,9,63,19,64,19,69,18,69,10,67,12,72,12,71,17,49,14,52,20,64,12,67,19,54.84461,12,64,12,71,21,65,16,72,14,69.87578,9,68,11,72,16,58,19,65,20,-1,-1,62,15,75,10,80,5,75,13,73,10,73,11,77,11,70,17,73,13,74,11,79,15
4:50:30 PM,37.274796,15,22,13,46,14,59,16,67.465004,8,80.80808,16,30.506407,5,75.350464,11,70.027504,9,-1,-1,-1,-1,-1,-1,-1,-1,54.545456,3,72.405464,9,58.889515,22,144.30014,5,-1,0,-1,0,-1,-1,-1,-1,87.2093,6,88.56951,4,39.16084,14,40.662212,7,69.37798,2,70.129875,9,71.33711,13,-1,-1,-1,-1,59,11,60,15,58,20,75,12,75,15,81,17,76,8,80,10,84,9,73,7,73,13,77,8,86.0432,5,71.31989,3,70,7,45.95588,5,47.393364,2,82.5153,8,64.63288,11,67.319466,11,76.62836,8,63.913467,13,63.451775,5,64.10256,2,-1,0,53.19149,1,56.13636,1,29.94012,1,67.698265,7,57.840614,9,54.401585,11,56.625145,10,61.7284,7,59.98286,14,78.84363,12,74.2115,8,58.043114,14,61.553024,13,64.377686,3,51.6055,9,67.50675,15,59.77496,17,71.5137,12,42.857143,3,67.63788,13,37.453182,2,50.93379,6,84.26967,3,42.134834,3,79.365074,3,57.14286,4,-1,4,149.25372,2,73,2,81,3,70,8,80,5,63,10,74,8,69,4,77,9,72,7,74,6,65,10,73,7,69,8,67,21,60,9,-1,-1,64,16,68,11,58,17,69,13,81.96721,2,65,10,71,14,65,18,70,20,61.34969,4,58,14,65,23,61,4,56,16,63,18,62,6,66,16,64,21,66,14,71,21,71,4,72,2,72,5,62,16,59,16,64,19,59,17,63,25,70,8,74,13,48,14,49,14,67,16,70,20,41.133457,9,63,10,71,17,58,14,66,15,70.588234,6,70,10,73,14,67,14,71,16,-1,-1,63,17,70,20,87,5,75,15,73,6,75,12,76,9,74,8,67,16,70,21,72,22
4:51 PM,41.505737,12,31,15,48,12,66,13,73.31378,6,69.03143,13,26.056744,6,64.20039,9,69.80519,15,-1,-1,-1,-1,-1,-1,-1,-1,89.41878,2,66.40317,14,61.849594,18,140.4604,6,-1,0,-1,0,-1,-1,-1,-1,81.74387,6,81.26618,9,40.756252,12,97.402596,1,55.31938,5,71.84912,12,57.95857,18,-1,-1,-1,-1,69,10,68,10,68,10,70,16,72,18,75,19,78,9,79,12,84,9,73,11,74,9,78,11,81.01205,14,78.64108,8,81.96721,4,66.137566,5,53.19149,1,86.29668,8,54.808537,9,68.21283,10,60.706398,11,61.53846,8,55.555553,10,75.07507,5,-1,0,59.88024,2,50.573296,4,27.573528,3,49.321827,8,57.670124,10,45.717033,19,60.292854,14,39.808914,5,61.652287,10,86.88784,11,74.54128,13,65.43075,12,66.124115,13,81.96721,2,56.947613,10,67.659,10,52.63158,10,63.157898,12,54.644806,2,68.49315,14,41.841,2,60.72874,6,74.62686,1,-1,0,77.31959,3,81.96721,2,68.119896,5,107.91368,3,71,4,79,3,71,2,83,2,65,8,77,4,69,6,76,7,72,9,72,11,67,6,69,6,70,2,73,9,63,11,-1,-1,65,13,71,12,58,18,69,15,55.379745,7,59,12,69,13,63,13,72,14,41.66666,1,60,19,65,23,69,8,62,16,67,21,64,3,58,18,62,24,65,15,69,19,61,7,65,8,72,6,72,7,60,8,57,23,57,20,62,15,67,18,70,23,52,13,57,19,68,10,71,16,60.679615,10,64,20,65,22,52,12,63,15,59.241703,5,65,7,67,12,62,17,69,14,-1,-1,71,9,77,20,74,7,77,11,68,5,76,8,82,9,66,14,62,13,69,14,73,13
4:51:30 PM,51.250763,7,33,16,48,14,60,13,84.697914,9,79.86158,12,25.269238,7,62.049065,6,54.971592,9,-1,-1,-1,-1,-1,-1,-1,-1,81.41112,1,70.72344,8,58.471386,16,144.30014,5,-1,0,-1,0,-1,-1,-1,-1,80.645164,6,72.27273,3,40.07012,16,-1,0,60.30897,4,65.77838,13,64.42376,21,-1,-1,-1,-1,64,11,63,21,67,18,72,11,69,13,77,12,75,5,78,10,82,3,73,3,75,9,80,5,66.57483,11,78.550476,3,82.938385,14,73.52941,8,-1,0,90.08077,6,74.27213,4,71.94245,6,41.55125,3,63.636364,7,50.556118,10,53.19149,1,-1,0,69.44444,1,54.796883,9,30.03003,2,65.466446,8,52.935513,11,51.41388,16,55.928413,10,48.491383,9,61.601643,18,55.46075,13,77.355835,11,67.659,10,58.26272,11,71.09004,3,61.11111,11,70.694084,11,51.83789,11,67.04981,14,53.00354,3,67.372475,14,35.046726,3,57.471268,3,71.94245,2,53.19149,1,71.94245,2,62.111805,2,89.82036,3,90.09008,2,74,5,78,2,75,6,78,2,70,6,73,3,69,7,77,8,69,7,72,12,66,10,69,13,69,3,71,6,62,16,-1,-1,66,14,75,13,63,14,70,13,60.344822,7,59,13,65,16,61,15,70,13,51.54639,1,66,12,67,16,67,7,62,16,65,26,73,7,63,18,67,25,57,17,64,22,68,5,77,6,65,6,68,14,67,9,71,19,57,15,60,19,51,15,61,16,51,16,59,20,67,11,68,19,61.475407,6,70,10,73,12,50,24,55,21,68.807335,3,59,11,67,16,64,15,68,10,-1,-1,68,12,74,12,80,4,69,13,67,6,76,14,81,2,70,19,67,19,72,13,73,21
4:52 PM,57.491917,8,35,12,45,13,56,20,83.658676,9,83.98068,8,26.378778,9,75.36807,10,68.50043,12,-1,-1,-1,-1,-1,-1,-1,-1,56.621582,9,70.187164,7,59.958885,15,143.54066,13,-1,0,-1,0,-1,-1,-1,-1,74.25743,9,70.304214,12,41.298244,13,54.545452,1,65.596725,3,66.357,5,63.332897,16,-1,-1,-1,-1,68,7,68,15,64,18,70,17,71,16,71,25,78,6,82,7,79,3,68,5,74,15,77,3,81.26892,10,65.99093,10,61.199512,10,76.21951,5,41.841,4,87.37948,14,79.4043,9,69.87578,9,71.94245,6,60.97561,4,66.66667,2,89.285706,1,-1,0,52.91005,2,49.435154,9,31.38075,3,56.17978,4,53.59877,14,51.93906,15,64.93507,7,55.331993,11,61.188812,14,67.95017,12,78.26087,18,43.58655,14,63.89776,12,85.47009,2,63.229576,13,60.362175,12,69.22257,13,70.24266,11,53.19149,1,66.80731,19,34.72222,1,59.241703,5,68.23821,11,44.444443,4,79.365074,3,52.91005,2,93.16771,6,36.945816,3,73,4,76,1,70,7,77,3,61,5,75,4,70,5,76,2,73,2,76,8,64,11,67,11,69,5,72,14,69,4,-1,-1,69,15,76,14,56,21,70,12,62.111805,2,66,10,68,11,51,23,63,17,59.171593,2,61,12,70,14,62,4,62,11,64,17,70,4,65,16,69,24,50,20,52,22,68,12,65,19,70,7,70,12,64,15,68,17,55,16,57,18,35,15,44,20,49,11,53,15,65,14,71,18,61.0998,6,69,12,72,22,54,15,57,15,68.07867,9,59,16,64,19,56,16,64,16,-1,-1,68,14,74,10,82,2,74,22,65,4,72,10,77,3,71,9,72,18,77,8,76,17
4:52:30 PM,55.335968,7,41,17,50,15,51,16,75.20054,9,77.416504,7,27.024998,6,84.368866,8,72.07026,5,-1,-1,-1,-1,-1,-1,-1,-1,52.6162,3,75.06255,12,60.14238,14,139.86015,3,-1,0,-1,0,-1,-1,-1,-1,68.68132,10,72.73825,10,33.091274,12,39.28844,6,64.07828,1,71.09005,11,69.204155,11,-1,-1,-1,-1,72,9,72,10,67,21,70,14,74,14,72,17,82,6,81,8,84,8,66,4,74,6,74,4,91.888466,11,102.3751,6,70.09345,12,58.290157,9,29.94012,1,67.34007,8,68.25006,4,69.93007,8,80.2139,9,52.941177,9,66.02641,11,64.10256,1,-1,0,53.19149,1,54.633934,8,32.154343,2,57.283142,7,56.947613,10,47.669495,9,61.7284,7,36.0036,8,62.56015,13,69.582504,14,77.01421,13,62.814075,15,64.54063,17,71.42857,5,47.058823,8,70.224724,5,66.666664,12,60.373222,11,58.13953,2,64.61232,13,-1,0,52.91005,2,77.12082,6,53.19149,1,99.99999,2,94.33962,2,83.682,4,93.16771,3,74,7,72,2,74,4,75,1,67,10,75,4,71,4,77,3,70,12,71,14,67,11,69,11,66,6,66,15,63,12,-1,-1,73,11,74,5,66,16,71,20,68.30601,5,62,16,68,14,62,18,71,14,49.50495,4,60,13,67,23,64,4,65,14,71,15,61,8,70,10,69,16,43,21,52,23,63,10,57,16,67,12,62,20,58,15,65,24,57,21,61,20,39,18,45,21,50,15,53,20,67,11,69,14,71.174385,4,64,14,74,15,64,17,65,23,51.282055,4,65,11,68,17,53,18,66,17,-1,-1,67,8,73,16,70,5,72,8,74,6,79,9,79,9,68,13,71,11,69,13,75,23
4:53 PM,52.573933,12,55,18,56,14,63,20,73.4831,7,73.809814,12,27.272728,5,71.218254,6,67.70943,6,-1,-1,-1,-1,-1,-1,-1,-1,65.71742,1,67.43256,9,76.73196,10,139.86015,3,-1,0,-1,0,-1,-1,-1,-1,78.12501,4,81.80275,8,39.263065,13,-1,0,55.31938,5,67.68825,12,57.00088,13,-1,-1,-1,-1,68,9,66,12,66,13,73,12,72,11,76,22,73,8,76,12,80,7,76,3,78,13,81,10,78.125,11,73.07805,4,87.5,7,81.69935,5,69.44444,1,51.564716,11,70.75061,13,44.510387,9,71.30125,8,48.231514,3,68.119896,5,38.31418,2,-1,0,53.19149,1,48.144394,5,28.328611,4,58.922558,7,63.437138,11,55.98622,13,54.824566,5,60.386475,10,65.18904,10,49.239033,11,72.99271,18,52.277817,14,63.559326,6,66.28787,7,56.475903,15,67.04981,14,47.619045,10,75.921906,7,52.91005,2,75,9,42.735046,1,85.47009,2,-1,0,29.94012,1,81.69935,5,-1,0,227.27274,1,74.62686,1,74,5,-1,0,72,8,78,2,70,4,73,1,71,6,79,6,68,8,74,13,64,16,66,11,67,5,71,15,72,10,-1,-1,74,9,75,10,68,13,73,7,70.42254,3,68,14,69,21,64,16,74,19,52.19207,5,64,13,71,12,68,6,65,14,70,18,61,4,69,14,74,15,53,12,61,18,61,8,61,17,59,12,53,17,62,16,66,17,59,21,57,18,31,13,32,18,47,15,53,19,63,20,68,19,62.499992,6,68,12,69,15,56,10,67,17,64.43299,5,67,17,70,20,63,18,68,16,-1,-1,61,12,75,14,76,9,75,14,73,3,74,7,79,7,75,7,74,14,73,12,76,19
4:53:30 PM,49.490368,14,57,20,63,13,68,21,71.581955,14,72.63551,19,26.737967,11,78.81232,5,61.541103,10,-1,-1,-1,-1,-1,-1,-1,-1,65.454544,3,78.014946,12,60.20642,11,139.86014,4,-1,0,-1,0,-1,-1,-1,-1,98.039215,6,93.68687,7,37.757767,13,46.820133,2,61.02693,5,64.00379,9,71.41794,8,-1,-1,-1,-1,62,6,67,11,70,13,75,11,75,12,78,18,84,10,83,11,88,11,72,3,73,9,75,9,59.82671,6,80.30839,4,79.36509,9,70.224724,5,42.735046,1,88.19951,11,82.34519,7,50.718513,12,75.493614,13,39.717564,9,65.31205,9,64.377686,3,-1,0,52.91005,2,52.300964,6,-1,0,66.137566,5,54.021614,9,54.249546,12,55.555553,5,52.47376,7,59.978188,11,73.64975,9,72.34727,9,51.72414,15,61.074917,15,38.31418,2,56.550426,12,70.32349,10,47.672466,17,61.93229,15,45.04504,1,67.63788,13,38.31418,4,64.338234,7,74.62686,1,40.322582,3,55.831264,9,71.94245,4,23.696684,3,70.67139,4,63,3,71,1,71,6,77,3,62,9,72,8,76,3,77,2,71,7,78,2,68,9,70,11,72,7,72,12,63,18,-1,-1,66,10,73,11,67,13,74,13,73.31378,5,70,8,72,7,65,16,71,18,61.728394,3,65,15,73,19,65,5,64,13,70,18,65,5,68,15,72,19,67,18,75,15,70,6,65,10,38,7,42,17,51,13,57,21,51,13,47,19,35,17,31,16,49,16,51,19,58,15,65,22,55.64388,7,67,17,69,19,47,17,56,15,69.93007,2,65,6,71,15,61,24,64,21,-1,-1,64,13,70,19,84,4,78,5,62,5,67,10,78,16,68,12,66,9,74,13,78,15
4:54 PM,51.834133,13,61,10,62,12,69,11,78.59576,12,54.284885,15,23.376623,12,70.96685,16,67.346504,18,-1,-1,-1,-1,-1,-1,-1,-1,56.232426,2,81.78673,13,67.27725,17,143.54068,6,-1,0,-1,0,-1,-1,-1,-1,74.62686,1,-1,0,38.23279,6,25.850927,2,57.91175,3,73.80982,10,70.65474,10,-1,-1,-1,-1,67,10,63,12,67,13,70,15,77,14,81,18,75,10,80,11,85,5,71,8,75,7,81,13,80.301605,13,82.34519,7,55.401665,8,88.33923,5,-1,0,71.933525,8,69.29047,8,62.03474,10,77.31959,3,54.525623,10,54.229935,10,54.229935,5,-1,0,45.95588,5,50.12176,6,28.409088,3,57.471268,6,54.080627,11,44.84305,14,56.02241,16,41.841,8,68.337135,12,67.04981,14,81.845245,11,65,13,72.34727,9,41.841,4,56.876938,11,64.30868,12,49.636,15,67.91171,8,36.363636,4,62.805305,18,-1,0,64.377686,3,72.9927,6,-1,0,62.111805,2,81.96721,4,75.07507,5,103.80622,6,68,5,74,4,71,4,85,1,62,9,69,7,66,4,75,6,69,8,76,15,64,9,73,4,72,4,72,13,60,13,-1,-1,68,5,71,9,64,11,71,10,108.695656,1,67,10,73,13,64,14,73,10,54.704594,5,64,13,71,22,64,9,65,15,72,20,66,4,66,16,69,16,65,13,72,15,73,8,66,21,51,9,48,14,52,11,59,15,45,15,46,13,43,13,41,18,49,17,56,21,61,16,65,15,47.12939,11,67,17,69,17,52,22,51,21,63.29114,6,63,13,65,15,65,11,70,11,-1,-1,67,19,73,21,75,6,73,11,76,6,77,9,83,9,73,14,71,21,73,16,79,15
4:54:30 PM,54.874702,5,60,17,64,11,67,16,65.18904,11,81.16882,13,12.415506,12,67.24353,10,42.916622,14,-1,-1,-1,-1,-1,-1,-1,-1,61.287025,3,80.2139,8,68.58526,17,142.6025,8,-1,0,-1,0,-1,-1,-1,-1,56.17977,3,90.27643,7,40.70556,8,35.58086,10,65.90909,5,67.491554,11,70.405136,19,-1,-1,-1,-1,70,5,67,8,70,13,71,18,73,11,80,14,71,9,78,13,81,4,72,6,77,10,78,8,91.286835,5,-1,0,85.40373,11,75.07507,5,46.082943,2,59.82671,6,90.18759,6,59.97001,8,67.46626,9,60.0343,7,62.499996,5,69.44444,1,-1,0,53.19149,1,51.6366,7,29.013542,3,55.147057,6,63.07339,11,53.695515,17,55.658627,12,56.26407,15,60.975613,17,60.55363,14,76.47059,13,56.550426,12,73.52941,8,59.88024,2,59.241703,10,68.610634,8,52.931595,13,61.457417,14,48.54369,2,68.691246,19,40.48583,4,58.411213,5,62.7615,6,32.67974,2,71.09004,3,89.285706,1,71.94245,4,85.47009,2,72,4,78,4,68,5,81,3,64,6,74,1,72,9,74,6,70,7,77,6,60,14,66,15,69,4,76,5,67,14,-1,-1,62,19,71,13,64,8,75,8,61.34969,4,67,5,71,11,68,11,74,17,48.076927,1,67,8,72,11,68,2,57,16,68,19,64,12,68,12,71,20,63,15,70,17,71,1,70,1,65,10,58,16,59,12,66,20,42,14,54,15,46,15,45,18,57,15,60,15,53,21,56,23,57.012543,10,60,16,67,16,49,20,55,21,61.224487,12,63,13,65,17,59,20,66,14,-1,-1,70,12,75,8,79,5,73,16,70,6,73,11,76,7,72,14,72,13,70,11,75,16
4:55 PM,47.27667,16,58,10,62,16,63,12,78.8799,8,77.639755,11,8.404538,6,60.791702,11,69.0874,11,-1,-1,-1,-1,-1,-1,-1,-1,82.02324,2,77.78317,8,57.29565,10,145.45454,8,-1,0,-1,0,-1,-1,-1,-1,72.9927,6,79.9477,9,39.383003,14,42.613636,1,56.126957,5,74.719795,14,72.31405,14,-1,-1,-1,-1,68,12,70,12,70,11,71,11,73,16,78,20,74,8,79,9,83,3,72,5,69,6,75,4,65.191986,10,85.28056,8,94.78673,4,69.20415,4,45.045044,3,85.7819,12,72.087654,11,57.034225,9,78.32898,6,41.62331,8,69.23077,9,65.789474,3,-1,0,-1,0,57.39915,10,30.03003,2,49.627792,8,61.652287,10,51.54639,13,60,12,64.70589,11,67.85715,19,67.77109,18,74.62686,16,49.636,15,62.326874,18,64.23983,6,57.894737,11,71.94245,8,55.401665,12,64.82983,8,49.40712,5,67.91171,16,39.062504,2,62.7615,3,-1,0,39.682537,3,69.12441,3,87.2093,3,89.92806,5,99.99999,1,74,6,78,2,73,8,78,6,62,7,70,7,67,4,77,2,66,8,74,13,56,9,69,6,71,7,70,15,67,8,-1,-1,65,12,69,13,59,19,69,18,62.5,2,67,6,72,9,67,10,73,9,50.33557,3,69,11,75,16,64,2,67,10,73,16,69,4,65,14,69,18,67,14,74,21,68,6,68,5,69,6,68,7,63,14,69,13,51,14,60,17,44,13,50,18,51,13,57,19,57,18,63,17,53.69928,9,56,15,62,21,42,19,55,16,63.1769,7,68,9,66,17,64,19,67,16,-1,-1,59,16,70,19,80,5,73,14,67,7,73,11,76,4,69,10,69,18,69,19,74,18
4:55:30 PM,49.751244,11,59,18,63,13,65,16,72.478775,7,78.641075,15,28.527958,5,73.9891,4,63.596924,12,-1,-1,-1,-1,-1,-1,-1,-1,75.75757,1,77.096054,4,46.449898,8,140.4604,6,-1,0,-1,0,-1,-1,-1,-1,57.14286,4,47.572887,5,39.860138,19,-1,0,-1,0,58.46244,10,77.55278,9,-1,-1,-1,-1,66,13,67,18,65,22,73,18,70,15,76,22,80,7,80,9,88,4,69,7,71,10,75,7,81.23553,15,75.00751,8,48.01921,8,72.93355,9,42.735046,1,87.181335,5,80.78415,3,73.439415,12,70.546745,8,63.07339,11,69.28406,6,58.997047,4,-1,0,74.62686,1,47.9798,1,29.94012,1,43.541367,6,53.87931,10,60.51437,8,62.7615,6,58.67014,9,59.241703,5,75.93458,13,79.726654,14,59.13272,18,63.291134,18,66.666664,6,45.63233,7,68.42106,13,58.997047,12,71.94245,8,40.983604,2,68.09339,14,42.134834,3,59.241703,5,89.285706,1,-1,0,69.44444,1,-1,0,39.808914,5,74.906364,4,69,5,72,2,77,6,78,2,66,9,77,4,69,5,70,5,71,7,74,9,60,13,68,11,69,2,68,9,69,13,-1,-1,67,13,74,13,60,17,69,16,62.111805,8,61,11,69,18,62,7,74,11,62.111805,2,67,8,73,10,70,3,68,16,74,17,64,3,70,12,75,15,67,16,73,18,61,3,-1,0,65,3,70,9,69,11,75,17,69,14,72,17,37,17,56,22,43,16,49,19,65,11,71,15,48.61111,7,58,18,57,19,50,16,54,18,57.803474,10,58,13,59,20,63,16,68,12,-1,-1,68,11,73,15,79,3,72,8,67,6,73,10,81,6,71,12,68,12,71,11,78,17
4:56 PM,52.637352,8,60,18,58,14,66,18,81.818184,9,72.92173,9,25.179668,8,63.966938,6,71.45413,13,-1,-1,-1,-1,-1,-1,-1,-1,66.518845,4,74.44169,11,72.1319,12,145.45454,4,-1,0,-1,0,-1,-1,-1,-1,64.10256,2,64.76051,4,38.794773,10,37.462536,5,68.860245,1,75.54773,5,55.305912,8,-1,-1,-1,-1,62,10,65,15,69,16,72,14,72,10,81,13,78,9,78,8,86,11,69,7,76,9,83,4,88.38384,7,73.156456,3,66.666664,12,69.20415,8,48.231514,3,69.135414,12,75.15633,5,70.67139,4,89.82036,3,57.636887,8,64.377686,3,55.658627,6,-1,0,62.111805,2,54.15084,3,15.090544,3,53.846153,7,52.30125,10,54.080627,11,61.867264,11,54.884747,10,68.42106,13,66.66667,8,86.2069,7,63.157898,12,64.338234,7,74.15255,7,59.194946,15,68.09339,14,51.30597,11,67.63788,13,45.04504,1,64.87889,15,53.19149,1,59.422752,7,69.25208,5,-1,0,71.09004,3,42.881645,5,77.31959,3,138.88889,2,71,7,72,2,71,4,69,1,71,8,82,1,68,6,77,6,73,8,79,4,67,9,70,9,67,9,74,10,59,10,-1,-1,74,13,77,9,63,15,69,17,66.96428,3,60,13,68,18,58,20,69,17,45.87156,3,75,4,72,7,66,7,68,11,72,11,72,4,70,15,72,16,69,13,77,13,72,10,69,11,67,4,71,7,70,13,75,15,67,15,62,12,52,13,54,10,44,13,53,18,66,13,70,17,75.75757,2,52,15,60,21,51,23,57,18,52.63158,7,64,9,66,14,56,21,64,19,-1,-1,69,10,73,16,76,7,74,16,77,4,76,9,92,3,72,13,70,19,71,11,76,15
4:56:30 PM,54.158607,7,63,8,63,13,69,16,83.07619,7,78.162575,13,27.137043,6,62.899548,9,59.99628,9,-1,-1,-1,-1,-1,-1,-1,-1,57.72006,4,87.27273,4,78.58498,15,142.6025,8,-1,0,-1,0,-1,-1,-1,-1,113.63637,1,89.89145,1,29.644266,8,81.41112,1,65.59673,9,68.93581,8,70.65474,10,-1,-1,-1,-1,71,6,70,6,73,5,70,12,71,9,76,14,78,10,81,12,87,9,74,5,75,8,81,8,65.01514,8,76.19296,7,83.1025,6,79.365074,3,53.19149,1,72.93763,11,68.202805,13,52.447556,12,67.91171,8,62.499996,5,71.94245,6,69.44444,1,-1,0,69.44444,1,47.65396,5,32.154343,2,61.349693,6,59.97001,8,58.708416,12,65.55944,15,63.636364,7,59.422752,14,68.855934,13,75.64297,10,57.624115,13,66.66667,8,67.56756,6,62.597813,8,62.642372,11,55.594162,16,69.25208,15,47.318615,3,53.995678,15,35.046726,3,63.636364,7,67.20431,5,35.971226,1,62.111805,2,71.94245,2,-1,0,53.19149,1,69,3,74,3,70,5,75,3,64,7,64,1,75,5,74,3,75,7,81,11,66,11,75,8,72,2,71,10,69,9,-1,-1,71,13,74,11,67,15,73,14,53.57143,3,66,11,69,18,53,21,62,23,54.644806,2,64,15,73,17,75,1,71,6,74,9,72,4,68,16,72,9,67,17,75,13,67,17,66,16,69,13,65,17,71,9,77,15,65,16,63,26,64,17,67,23,48,15,54,17,67,11,71,16,59.241703,5,61,14,65,16,47,16,53,17,60.97561,8,59,15,61,19,62,15,65,14,-1,-1,59,14,71,19,80,9,71,14,72,6,73,13,80,11,68,9,73,9,71,13,73,16
4:57 PM,39.17088,8,66,11,72,12,73,8,50.881954,12,63.851856,16,28.708134,5,82.35445,5,67.99207,15,-1,-1,-1,-1,-1,-1,-1,-1,-1,0,63.559322,11,61.008312,13,140.58107,5,-1,0,-1,0,-1,-1,-1,-1,77.12082,6,79.14227,10,33.22903,20,-1,0,64.07828,2,81.81818,3,73.497246,14,-1,-1,-1,-1,72,4,70,12,68,10,73,14,73,12,74,17,84,7,82,10,89,9,69,4,75,14,80,12,85.22727,12,78.69555,5,54.773087,7,74.4249,11,-1,0,87.878784,6,73.78985,7,55.487057,9,72.75132,11,40.899796,12,73.52941,8,66.66667,2,-1,0,51.54639,2,50.573296,4,29.94012,1,47.368423,9,59.241703,10,47.862156,15,58.962265,15,63.291134,9,54.30566,14,75,15,57.95982,15,55.698368,13,58.823532,10,52.91005,4,66.666664,6,73.20644,10,56.625145,10,69.28406,6,58.13953,2,64.70589,11,-1,0,74.906364,4,85.47009,2,35.971226,3,70.8502,7,74.62686,1,-1,0,77.31959,3,73,3,92,2,72,8,74,6,67,7,72,2,75,5,-1,0,63,8,76,12,69,13,74,9,72,8,76,8,67,11,-1,-1,73,11,77,7,66,16,73,12,73.52941,1,68,16,73,15,68,16,75,20,-1,0,57,17,64,22,66,7,64,14,69,9,79,1,72,5,74,9,66,9,75,11,63,12,67,17,69,10,67,20,66,16,74,9,67,17,72,17,49,17,46,19,45,14,48,16,64,16,71,16,55.91054,7,69,12,71,15,49,15,56,19,62.836624,7,65,12,68,16,60,18,66,18,-1,-1,66,16,70,15,82,4,71,10,74,10,78,9,84,14,69,10,74,8,71,11,77,9
4:57:30 PM,52.160954,7,60,19,68,13,70,13,80.65446,14,61.012817,12,27.409777,6,51.890583,9,55.844154,12,-1,-1,-1,-1,-1,-1,-1,-1,-1,0,75.89813,15,65.625,22,139.86014,1,-1,0,-1,0,-1,-1,-1,-1,80,8,78.857315,8,38.55711,15,39.241337,1,68.860245,1,66.18255,12,65.84964,12,-1,-1,-1,-1,65,10,69,12,71,12,72,10,73,12,78,10,73,11,79,11,84,6,73,10,78,11,81,9,85.37447,10,81.752785,4,81.25,13,99.99999,4,41.841,2,65.41846,8,75.52519,13,73.52941,8,81.775696,7,60,9,61.813187,9,69.25208,5,-1,0,-1,0,53.770462,5,27.964207,5,58.027084,6,60.51437,8,51.93906,15,59.97001,8,50.46257,12,65.16588,11,67.99162,13,84.74576,13,68.55576,15,57.003258,14,64.308685,4,56.726097,7,67.340065,8,68.23821,11,68.07867,9,52.91005,2,49.54583,12,37.5,3,71.09004,3,-1,0,35.046726,3,74.25743,9,65.789474,3,-1,0,90.09008,4,71,10,72,4,77,2,105,1,64,15,66,9,71,6,79,3,68,6,75,8,62,8,64,12,73,8,75,10,69,10,-1,-1,72,13,71,9,63,15,71,7,86.2069,2,68,14,72,10,70,14,76,15,48.780487,2,59,17,65,19,63,4,60,11,65,21,65,8,67,14,71,9,71,7,71,10,64,7,73,10,65,9,63,15,69,11,72,13,68,10,75,8,29,8,27,14,47,17,46,19,61,15,68,15,56.122448,11,67,16,72,18,53,20,62,18,70.42254,3,59,12,63,19,65,16,69,15,-1,-1,68,9,76,13,73,3,74,7,70,5,77,11,80,7,70,10,74,11,69,12,73,19
4:58 PM,45.454544,13,59,22,69,8,72,14,90.909096,7,84.17508,7,26.414263,6,70.711754,13,52.86638,14,-1,-1,-1,-1,-1,-1,-1,-1,49.140045,2,67.75833,8,72.48301,13,139.86014,1,-1,0,-1,0,-1,-1,-1,-1,84.745766,8,76.41292,11,39.29788,5,53.563457,6,62.85608,5,72.50419,13,67.83268,17,-1,-1,-1,-1,68,9,71,11,71,14,76,14,71,9,75,17,82,5,82,7,85,5,74,6,75,9,80,7,69.16996,7,78.91413,1,73.22175,7,71.94245,4,56.17978,4,91.223656,8,78.550476,3,52.63158,10,73.20644,10,58.708416,6,62.642372,11,69.44444,1,-1,0,57.471268,3,52.7102,6,19.48558,5,55.555553,5,57.471268,12,55.555553,10,57.471268,3,38.722168,8,50.86072,13,61.349693,12,55.788006,8,49.75124,12,61.349693,12,81.69935,5,66.28787,14,53.674652,13,60.28939,15,67.340065,8,52.21932,4,67.49156,12,34.72222,1,59.88024,2,66.137566,5,-1,0,53.19149,1,81.96721,4,-1,0,178.57141,1,70,3,77,1,70,10,78,7,65,3,66,3,72,9,72,10,73,3,73,7,57,8,64,9,73,5,63,9,71,10,-1,-1,66,15,71,9,67,9,73,12,65.57377,4,67,8,72,9,71,14,79,8,62.499992,3,46,15,54,17,65,6,60,13,63,19,68,3,64,11,68,19,63,13,69,10,64,7,62,14,69,6,72,15,71,7,77,10,64,16,73,10,63,15,67,11,51,13,55,19,62,16,66,25,55.126797,10,65,14,70,15,55,20,67,18,68.143105,8,59,16,66,17,61,16,66,18,-1,-1,69,14,74,13,82,5,75,8,73,6,71,10,75,5,72,16,70,13,68,12,69,20
4:58:30 PM,28.536488,7,62,15,70,11,74,9,97.75171,8,83.698166,13,26.414263,6,68.80407,9,77.561325,6,-1,-1,-1,-1,-1,-1,-1,-1,-1,0,70.187164,7,67.049805,11,143.54068,6,-1,0,-1,0,-1,-1,-1,-1,81.74387,6,90.56732,2,37.531277,6,-1,0,67.058655,5,70.7808,16,69.38267,13,-1,-1,-1,-1,70,10,64,15,68,15,72,12,70,17,73,22,80,3,78,6,86,4,70,4,68,8,78,6,54.24616,8,80.78415,3,44.97751,6,99.99999,1,57.14286,4,89.51998,8,79.65166,6,70.42254,9,69.12441,3,46.53568,9,67.698265,7,69.20415,4,-1,0,-1,0,53.209827,4,28.08989,2,54.229935,10,62.597813,8,42.11332,11,58.411213,5,54.945053,8,63.229576,13,60.483875,9,79.559364,13,55.17827,13,47.669495,9,43.1566,7,63.85696,10,67.81751,11,62.5,15,52.08333,11,44.247784,3,70.043106,13,35.971226,2,60,6,68.75,11,34.64203,3,60.72874,6,78.12501,2,-1,0,99.99999,2,73,2,74,2,72,6,78,6,64,12,70,14,74,2,75,5,69,8,75,6,67,7,71,10,69,8,68,8,69,9,-1,-1,65,10,71,10,60,15,69,13,54.945053,2,69,8,70,15,67,12,74,12,58.47953,2,66,11,69,13,61,7,60,18,63,19,65,4,66,15,70,18,66,15,70,20,68,4,70,8,67,6,69,17,66,15,71,14,70,9,73,15,67,14,73,15,48,12,54,13,64,15,70,20,64.655174,6,63,19,66,22,63,15,69,14,64.93506,11,66,11,71,13,58,21,65,16,-1,-1,69,12,74,16,78,3,78,13,74,3,76,6,81,7,75,14,70,10,67,11,70,22
4:59 PM,51.15635,8,67,13,66,7,74,4,86.08815,10,83.55615,10,27.0027,3,73.82276,7,83.29029,9,-1,-1,-1,-1,-1,-1,-1,-1,51.701855,4,69.723785,13,51.25481,17,142.6025,8,-1,0,-1,0,-1,-1,-1,-1,81.96721,1,94.10511,2,40.662212,14,-1,0,55.25313,2,78.48267,6,71.87542,9,-1,-1,-1,-1,72,8,67,16,70,18,75,14,74,14,77,17,74,5,79,8,84,7,75,3,75,7,80,6,71.48492,10,61.862343,13,57.14286,8,75,6,-1,0,71.48492,10,71.31989,3,70.8502,7,78.12501,4,55.147057,6,65.789474,3,79.365074,3,-1,0,-1,0,52.300964,3,26.455025,2,54.127197,8,58.57295,11,62.7615,12,57.471268,6,52.47376,7,60.53269,15,75.64297,10,71.48864,17,44.247787,9,68.68132,10,55.555553,5,61.7284,7,66.137566,5,59.241703,10,69.93007,8,50,3,75.921906,7,40.983604,1,58.593754,3,69.28406,6,-1,0,53.19149,1,89.285706,1,-1,0,69.44444,2,69,4,71,3,72,3,72,2,67,5,71,5,66,9,74,8,71,7,76,8,63,13,68,12,81,1,76,9,57,9,-1,-1,73,12,74,14,59,12,70,10,66.66667,4,63,9,67,12,66,11,72,14,72.463776,1,68,11,75,10,75,2,62,13,69,17,62,9,61,19,62,21,64,14,74,19,75,3,71,5,65,3,72,9,68,10,73,17,69,11,70,15,72,10,77,16,47,13,54,18,66,12,72,12,56.68935,10,61,14,64,22,59,18,65,23,57.915062,6,66,13,69,14,61,14,68,14,-1,-1,65,18,72,19,86,8,78,14,69,4,72,5,81,6,74,7,74,8,72,14,72,10
4:59:30 PM,49.4868,9,55,22,64,13,68,13,90.909096,7,85.12087,5,25.440975,5,71.01289,7,72.52488,8,-1,-1,-1,-1,-1,-1,-1,-1,65.3239,2,79.435135,3,71.057976,12,143.54068,6,-1,0,-1,0,-1,-1,-1,-1,89.92806,5,76.43054,5,40.191387,14,-1,0,62.85608,5,54.545456,12,61.075874,13,-1,-1,-1,-1,68,9,66,6,71,12,77,9,77,10,76,7,83,9,82,11,88,6,68,1,74,5,78,7,83.8843,7,78.91413,2,63.98538,14,51.813473,8,59.88024,2,54.7721,9,76.19296,7,46.72897,8,70,7,58.997047,8,69.44444,2,78.12501,2,-1,0,-1,0,47.70796,6,26.455025,1,63.559326,6,57.339447,10,51.85185,14,67.56756,6,60.483875,9,57.14286,16,62.18905,15,70.09345,12,59.194946,15,60.714287,17,71.94245,2,47.368423,9,52.173912,12,62.642372,11,70,7,54.644806,2,50.30181,10,39.494473,5,57.034225,9,-1,0,-1,0,64.308685,4,85.47009,2,-1,0,107.91368,3,71,3,79,3,73,4,76,3,64,7,65,2,68,9,74,8,70,7,74,8,64,9,70,8,73,8,73,10,68,9,-1,-1,66,15,74,10,60,19,69,16,90.90909,2,62,10,68,10,63,16,69,15,57.636887,4,69,9,74,12,69,3,69,11,76,12,79,1,67,12,72,19,64,18,71,21,65,9,69,3,71,11,74,10,71,13,76,16,68,16,70,18,70,15,73,18,50,14,55,14,63,15,70,17,57.14286,8,66,15,72,14,58,19,66,19,56.980057,4,64,16,70,24,64,16,67,14,-1,-1,63,14,73,9,80,5,77,9,74,4,74,11,80,6,79,6,77,10,76,8,76,10
5:00 PM,51.555252,5,64,8,66,12,71,14,44.91556,5,85.7633,2,30.88644,5,78.18182,6,82.354454,6,-1,-1,-1,-1,-1,-1,-1,-1,50.13369,5,70.07981,6,67.561356,14,139.86014,2,-1,0,-1,0,-1,-1,-1,-1,77.355835,11,78.01461,10,37.05174,14,37.5,11,-1,0,78.48267,4,67.43256,9,-1,-1,-1,-1,70,12,71,12,71,11,77,13,76,5,77,10,78,11,81,11,83,13,74,7,71,10,77,11,82.2395,14,67.77516,12,87.04063,9,62.7615,3,-1,0,67.63059,11,59.8659,11,75.757576,9,57.14286,8,44.510387,9,45.33679,7,58.13953,2,-1,0,52.91005,2,48.13408,8,-1,0,60.51437,8,59.171597,14,52.950073,7,56.726097,7,48.476456,14,63.559326,12,56.52174,13,64.59949,15,47.581284,12,61.652287,10,69.12441,3,60.386475,10,62.063614,16,52.956753,12,51.6055,9,45.04504,1,68.855934,13,35.971226,1,63.636364,7,64.377686,3,-1,0,55.658627,6,-1,0,-1,0,117.18751,3,71,4,81,2,72,6,80,4,63,8,73,5,71,6,78,3,70,7,72,5,66,10,69,6,72,5,75,7,68,14,-1,-1,65,13,66,10,61,17,69,16,65.21739,3,61,12,64,21,65,14,72,15,64.10256,4,66,8,70,16,70,4,68,8,74,12,66,2,72,12,74,13,66,13,71,17,68,6,69,8,66,6,69,5,68,14,73,21,68,14,71,21,55,15,62,18,46,14,50,12,69,11,74,13,55.350555,3,68,14,73,14,63,16,66,15,72.88629,5,66,12,68,22,65,19,69,22,-1,-1,67,15,71,12,82,6,77,10,75,12,77,14,81,7,71,14,74,20,75,10,77,18
5:00:30 PM,55.09642,15,69,11,66,12,70,13,57.944885,9,78.36991,16,27.924292,6,35.164234,4,87.256485,1,-1,-1,-1,-1,-1,-1,-1,-1,68.93581,8,86.85581,10,75.99883,10,136.36363,5,-1,0,-1,0,-1,-1,-1,-1,74.906364,4,79.50796,8,41.127583,8,46.62005,1,51.91152,8,65.87615,10,71.51939,15,-1,-1,-1,-1,68,6,64,18,68,19,74,17,76,13,79,19,73,11,78,13,85,5,73,8,74,14,78,12,83.25359,12,84.33126,8,75.54945,11,73.439415,12,41.841,2,85.472885,9,81.752785,2,60.373222,11,57.034225,9,60.97561,8,51.813473,8,-1,0,-1,0,74.62686,1,48.6263,9,27.700832,2,60.72874,6,58.708416,12,48.57143,17,55.555553,5,37.821484,10,57.75578,7,72.63923,18,76.40068,9,52.08334,14,60.51437,16,31.055902,1,50.000004,7,70.821526,10,57.747833,12,64.53805,19,37.593983,1,70.48093,17,35.335693,2,52.447556,6,67.340065,8,32.67974,2,66.137566,5,-1,0,-1,0,113.63637,1,73,3,76,1,69,2,82,2,67,10,71,4,68,5,76,5,73,11,76,7,64,12,70,4,72,3,74,4,68,4,-1,-1,72,13,76,9,64,12,69,8,66.66667,2,54,11,57,19,59,18,67,20,54.945053,2,68,8,73,14,61,9,64,13,71,18,72,3,70,9,74,9,69,13,75,13,65,14,67,14,67,9,67,10,67,12,73,15,65,15,72,16,52,14,48,15,52,11,54,19,70,12,72,14,56.68935,5,67,13,75,16,64,17,73,14,70.224724,10,68,9,70,15,62,19,66,24,-1,-1,72,14,76,23,75,10,71,11,72,7,73,10,78,17,73,13,73,18,73,12,77,17
5:01 PM,54.764515,5,69,9,65,11,72,17,80.450516,12,72.32669,13,21.818182,4,56.313435,8,67.98419,16,-1,-1,-1,-1,-1,-1,-1,-1,70.2302,3,72.31405,7,66.104256,10,117.05033,5,-1,0,-1,0,-1,-1,-1,-1,294.11765,1,77.49832,7,40.180813,16,-1,0,64.07828,1,74.719795,7,71.14625,15,-1,-1,-1,-1,65,6,69,10,73,12,74,15,76,16,79,16,81,6,78,6,88,7,69,12,71,12,76,9,58.64601,13,52.22259,5,76.92307,10,59.241703,10,45.045044,3,85.22727,12,71.31989,12,70.8502,7,66.137566,5,48.806942,9,60.0343,7,55.401665,4,-1,0,49.999996,1,49.89899,4,30.487804,2,60,6,58.309036,16,56.258785,8,58.997047,4,52.710842,14,59.77496,17,55.096416,12,67.20431,10,58.18464,15,67.81751,11,39.494473,5,64.59949,15,61.62695,15,58.055157,8,68.23821,11,-1,0,66.666664,6,42.735046,1,71.94245,6,67.49156,12,38.31418,4,80.645164,6,58.593754,3,-1,0,84.26967,6,72,3,80,6,75,9,81,2,66,6,66,2,65,5,72,8,69,8,74,12,59,15,65,12,68,5,75,6,70,7,-1,-1,69,12,73,11,63,15,72,15,55.970146,3,66,7,61,11,60,13,66,18,53.908356,4,61,15,64,22,69,2,66,10,71,13,61,9,68,13,70,16,67,9,72,12,59,15,65,20,66,13,68,19,71,12,72,9,67,13,63,12,55,14,58,15,50,14,56,17,68,16,73,18,73.89163,6,72,12,75,11,61,14,72,14,69.44444,7,67,9,73,13,65,10,68,14,-1,-1,66,16,72,21,74,3,77,18,69,10,75,6,83,1,73,7,70,8,74,14,77,20
5:01:30 PM,55.65863,9,63,13,63,11,68,17,83.658676,9,79.61783,11,35.36172,4,68.44712,12,65.84128,14,-1,-1,-1,-1,-1,-1,-1,-1,68.82708,4,85.99508,7,61.31984,6,153.81581,13,-1,0,-1,0,-1,-1,-1,-1,83.93286,7,79.84676,7,41.55125,11,54.545452,1,54.06605,3,76.46558,6,73.852646,7,-1,-1,-1,-1,68,7,66,11,67,16,77,10,77,13,80,18,77,6,80,10,82,3,72,7,76,4,81,7,70.40412,13,81.02415,8,45.454548,10,73.22175,7,35.046726,3,80.7462,16,78.34147,19,64.836006,17,65.39236,13,51.457973,6,65.885796,9,73.52941,4,-1,0,74.62686,1,46.26623,6,33.333332,3,36.231884,6,57.692307,15,56.947613,10,70.67139,4,61.349693,6,67.144135,15,66.19594,15,78.7728,19,44.60665,11,61.391544,9,46.72897,4,63.157898,12,69.26952,11,59.476604,15,69.5581,17,48.54369,2,52.26481,9,38.31418,2,60.024014,10,-1,0,35.971226,1,69.44444,2,46.583855,3,-1,0,91.38381,7,72,3,76,4,76,3,81,5,69,8,71,8,71,3,80,2,69,4,72,15,59,10,62,18,70,6,65,10,63,5,-1,-1,70,10,71,9,69,12,74,13,72.463776,1,56,11,67,19,67,12,73,13,47.393364,2,60,12,69,14,68,11,62,11,68,19,66,1,71,10,71,19,66,14,72,14,64,9,66,15,60,11,62,17,62,15,64,13,63,19,67,17,63,15,65,20,49,15,55,16,64,20,72,18,58.13953,8,71,16,75,17,61,17,73,14,64.26735,5,67,12,71,14,67,13,71,12,-1,-1,71,12,74,10,83,4,75,6,76,6,73,7,82,9,76,8,73,9,78,16,83,11
5:02 PM,52.910053,11,62,19,67,10,69,7,86.67181,9,84.33125,10,26.3081,3,70.711754,13,69.62435,11,-1,-1,-1,-1,-1,-1,-1,-1,57.72006,4,58.932663,9,70.564514,11,140.4604,6,-1,0,-1,0,-1,-1,-1,-1,87.2093,3,83.648994,1,42.0659,3,45.644733,4,75.63338,1,70.129875,9,75.49544,4,-1,-1,-1,-1,71,9,71,11,72,11,75,7,76,9,82,11,80,7,82,6,84,2,74,4,74,8,79,3,74.15932,8,69.53274,7,61.652287,10,74.96251,10,40.983604,1,79.051384,8,51.13636,9,72.18479,15,65.975494,14,56.258785,16,66.66667,16,69.44444,2,-1,0,61.57636,5,44.755646,7,26.455025,1,52.91005,4,64.308685,8,41.459366,10,52.91005,2,63.694267,8,65,13,68.23821,11,90.75909,11,55.62827,17,61.236984,20,79.365074,3,46.72897,8,67.04981,7,59.171597,14,67.46626,9,56.17978,1,75,3,38.31418,2,61.349693,6,-1,0,38.31418,2,71.09004,3,85.47009,2,-1,0,72.81554,3,67,5,75,4,72,3,77,4,70,5,77,4,71,7,76,7,67,14,73,12,64,6,67,14,79,1,59,21,70,5,-1,-1,69,12,75,10,62,15,66,12,72.463776,1,66,9,70,14,63,12,71,18,51.02041,1,63,12,70,13,66,5,58,12,61,18,68,6,65,14,70,16,67,10,74,18,71,6,71,13,67,7,60,20,66,12,67,12,68,11,71,12,48,15,63,15,48,11,54,12,65,12,71,16,68.965515,4,67,20,72,21,62,19,67,17,64.516136,2,64,14,72,9,62,17,68,14,-1,-1,74,15,80,10,83,5,78,10,74,5,72,10,77,2,75,4,73,13,74,9,77,18
5:02:30 PM,35.67394,10,63,15,68,9,69,11,79.54545,7,83.916084,12,26.694351,9,76.774284,8,79.13139,8,-1,-1,-1,-1,-1,-1,-1,-1,72.72727,2,75.45814,7,73.6532,15,139.86014,4,-1,0,-1,0,-1,-1,-1,-1,89.285706,1,70.03171,2,45.644733,4,-1,0,58.216232,4,58.36576,11,67.99295,9,-1,-1,-1,-1,69,9,70,10,73,8,72,12,75,11,80,21,75,8,80,13,85,10,74,6,74,9,75,3,83.42923,9,75.75757,6,69.93007,8,81.818184,9,53.00354,3,55.065437,13,79.91305,10,57.840614,9,55.187634,10,60.483875,9,50.962627,9,89.285706,1,-1,0,69.44444,1,51.232662,7,26.857655,6,49.321827,8,62.499996,10,52.928722,15,54.824566,5,46.457607,8,55.698368,13,73.22175,14,60,9,57.23205,11,72.75132,11,76.62836,4,58.17933,17,61.012814,20,45,9,63.636364,7,64.10256,1,72.56895,10,38.31418,2,69.44444,2,70.42254,9,34.64203,3,71.94245,2,-1,0,-1,0,-1,0,69,3,73,1,71,4,76,6,69,5,74,9,77,5,82,5,69,10,76,8,59,14,67,11,69,5,65,15,57,15,-1,-1,66,16,70,16,64,12,72,11,51.282055,2,64,11,64,14,53,17,66,19,55.86592,2,63,11,73,17,68,5,65,15,72,17,67,4,65,11,69,17,58,14,67,16,68,8,68,10,69,1,72,15,72,8,74,17,67,16,67,18,52,10,63,14,48,16,55,17,61,14,68,15,52.73566,16,65,13,71,17,54,24,67,18,73.52941,11,66,13,71,17,62,15,71,12,-1,-1,65,14,77,10,73,8,78,3,74,6,76,5,82,6,73,10,74,8,77,15,79,16
5:03 PM,50.29806,9,55,25,62,14,65,21,65.77025,9,88.26125,4,26.401482,5,69.80519,9,60.123047,11,-1,-1,-1,-1,-1,-1,-1,-1,54.545452,2,76.907906,13,70.07869,19,139.86015,3,-1,0,-1,0,-1,-1,-1,-1,85.03401,5,70.67085,9,40.225258,10,40.858017,2,59.14918,1,72.72727,8,78.78788,13,-1,-1,-1,-1,64,10,66,12,67,9,77,12,76,12,79,13,79,10,81,14,87,12,70,7,69,7,78,11,81.63802,15,77.951775,9,88.932816,9,65.789474,6,51.90311,3,79.090904,6,75.03002,11,51.41388,12,76.21951,10,42.17432,9,54.671967,11,67.56756,3,-1,0,59.88024,2,56.560574,8,23.696682,1,66.137566,5,63.191154,8,46.59147,19,55.698368,13,66.90997,11,67.49156,12,81.85539,12,68.807335,12,65.39236,13,45.605305,11,63.091484,4,58.333336,7,68.07867,9,56.818184,19,65.24725,19,48.476456,7,53.59057,10,-1,0,60.51437,8,63.559326,6,42.735046,1,83.682,4,66.66667,2,-1,0,79.365074,3,68,5,68,1,70,3,76,1,67,8,69,2,73,2,82,5,68,5,75,5,58,13,67,13,69,2,70,9,52,17,-1,-1,71,18,74,14,65,16,67,21,62.89308,2,66,8,70,14,63,14,67,17,62.5,2,64,13,71,18,61,2,66,12,73,18,67,5,66,15,68,18,67,12,68,18,-1,0,76,1,69,6,62,16,62,10,74,18,70,9,74,8,53,11,47,17,50,11,57,15,66,13,70,15,62.81407,5,63,16,73,14,61,16,64,17,60.01847,13,68,11,71,14,64,17,70,17,-1,-1,68,9,75,15,77,6,75,9,70,10,73,13,79,15,67,8,74,13,73,11,75,15
5:03:30 PM,59.83048,6,61,11,72,10,72,11,77.47934,9,81.02415,10,29.388714,5,53.51428,7,79.91717,7,-1,-1,-1,-1,-1,-1,-1,-1,66.24954,6,79.435135,3,62.33039,14,142.6025,8,-1,0,-1,0,-1,-1,-1,-1,75.921906,7,62.181545,7,34.776405,13,45.644733,2,64.67715,6,75.89813,15,75.89813,15,-1,-1,-1,-1,65,3,68,14,72,7,76,14,76,10,76,13,79,10,79,9,85,3,64,9,72,12,76,14,88.587494,5,78.550476,3,72.70694,13,76.92307,10,52.91005,2,78.4632,9,68.620995,10,66.137566,5,78.82882,7,61.349693,6,67.319466,11,81.96721,4,-1,0,28.129393,4,40.38588,4,29.498524,2,49.019604,11,58.56515,8,49.610207,14,58.997047,12,34.046696,7,70.09345,6,59.267242,11,92.59259,7,64.252335,11,72.9927,12,73.74631,5,70.24266,11,58.055157,8,57.14286,8,80.2139,9,53.19149,1,53.635277,18,-1,0,49.50495,11,78.12501,2,36.945816,3,71.09004,6,80.645164,6,-1,0,74.906364,4,67,3,75,3,77,4,73,1,68,9,70,1,67,3,75,4,67,11,72,17,53,10,70,9,71,8,74,13,49,12,-1,-1,65,14,71,12,67,18,70,19,69.44444,2,60,14,66,22,66,12,75,16,47.732693,4,64,14,68,16,71,10,67,12,67,14,67,5,69,12,72,15,64,15,70,18,61,9,64,7,73,3,70,8,72,7,72,15,71,11,76,7,71,10,77,12,44,13,50,17,61,11,70,12,59.021923,7,68,13,71,16,60,16,67,15,62.695923,8,67,10,67,15,66,14,70,12,-1,-1,71,12,77,14,81,5,73,7,73,6,77,15,82,5,68,15,70,15,71,11,77,14
5:04 PM,51.107323,11,55,13,64,15,71,11,77.92208,6,79.31,16,27.576063,5,68.35846,9,63.35642,8,-1,-1,-1,-1,-1,-1,-1,-1,69.93007,1,45.508717,7,40.484966,9,142.6025,8,-1,0,-1,0,-1,-1,-1,-1,79.825836,11,89.623924,10,36.363636,19,37.64116,11,63.782986,3,67.75833,6,71.33711,13,-1,-1,-1,-1,70,9,68,12,72,12,71,21,73,8,80,11,77,11,78,11,84,10,68,6,73,10,77,7,79.09091,9,85.16644,7,79.05139,8,74.906364,4,42.735046,1,85.7819,12,73.03108,10,64.252335,11,68.42106,13,52.21932,4,65.27415,5,89.285706,1,-1,0,-1,0,53.416958,11,29.013542,3,55.487057,9,58.770344,13,54.229935,10,60.06006,4,40.927696,6,66.462166,13,55.487057,9,74.2115,8,52.956753,12,65.789474,6,-1,0,53.191494,12,66.90997,11,50.25126,12,50.432278,7,51.124744,5,58.62069,17,53.19149,1,60.827248,5,74.62686,1,29.94012,1,99.99999,1,89.285706,1,-1,0,85.03401,5,67,6,75,4,71,8,76,3,72,5,71,1,71,5,76,3,73,7,78,8,58,9,70,13,72,6,76,8,57,11,-1,-1,58,15,66,17,67,9,68,9,-1,0,65,17,68,21,62,13,70,23,44.444443,2,63,8,69,18,71,4,66,14,70,19,70,10,64,14,63,16,67,14,70,13,68,4,71,4,61,9,66,11,67,11,68,19,67,13,68,15,69,12,77,7,52,13,55,16,62,13,70,17,53.76344,7,66,13,73,13,64,20,71,17,39.45481,11,67,8,70,16,59,20,69,15,-1,-1,69,11,75,14,80,5,74,13,71,8,74,9,78,3,72,13,75,12,69,8,76,17
5:04:30 PM,48.91969,4,65,9,70,9,70,13,83.98068,8,83.55615,10,27.931103,7,75.3896,9,68.64623,11,-1,-1,-1,-1,-1,-1,-1,-1,67.75833,4,56.52379,8,71.55513,10,144.30014,5,-1,0,-1,0,-1,-1,-1,-1,78.12501,2,85.631195,3,35.054916,10,-1,0,57.567654,7,55.220364,9,44.186237,9,-1,-1,-1,-1,67,10,66,15,66,16,75,13,73,14,77,20,77,8,81,5,88,7,68,6,77,9,77,8,79.8207,7,67.37334,6,63.451775,5,89.92806,5,-1,0,86.29668,8,74.27213,4,68.42106,13,74.15255,7,55.928413,10,59.5985,19,53.95684,3,-1,0,53.19149,1,60.03889,6,23.696682,1,61.57636,5,59.652927,11,45.91368,10,54.347828,7,50.61867,9,72.04611,10,63.559326,12,75.834175,15,47.669495,9,53.24298,11,107.91368,3,60.72874,6,75.07507,5,62.66786,14,70.88331,13,38.31418,2,62.597813,16,36.73094,8,56.17978,4,73.52941,4,40.983604,1,46.082943,2,81.96721,2,-1,0,106.38298,2,68,5,79,2,66,9,75,7,70,7,74,5,75,6,71,1,71,6,75,4,63,12,69,10,70,6,71,15,72,9,-1,-1,63,18,67,9,57,20,65,21,60.97561,2,66,7,67,8,58,23,62,23,49.140045,4,73,5,72,18,66,3,70,13,71,20,65,2,67,15,70,14,61,14,65,20,63,14,66,18,69,4,70,9,71,6,70,9,66,14,68,14,67,15,71,13,53,12,59,16,67,11,71,18,71.77034,3,66,11,71,16,63,15,73,9,65.27415,5,66,14,72,18,65,14,67,11,-1,-1,64,11,77,15,82,4,77,8,74,6,73,11,81,10,69,13,73,12,74,14,79,22
5:05 PM,52.447556,9,60,14,63,13,67,10,89.126564,6,83.10957,13,26.192295,4,92.486374,5,71.858284,8,-1,-1,-1,-1,-1,-1,-1,-1,49.140045,2,76.02155,12,56.999126,15,145.45454,4,-1,0,-1,0,-1,-1,-1,-1,93.16771,3,83.35955,4,37.691822,21,38.548027,2,55.58598,1,77.29113,7,70.73618,9,-1,-1,-1,-1,67,19,70,12,71,11,75,10,75,14,78,20,74,6,78,8,83,3,72,8,72,10,79,6,85.22727,12,73.07805,4,73.924736,11,70.224724,5,-1,0,83.42923,9,80.47901,10,73.20644,10,79.365074,6,56.726097,7,67.20431,5,65.789474,3,-1,0,53.19149,1,51.738586,2,20.920502,3,58.055157,8,58.685448,15,55.98622,13,56.726097,7,56.625145,10,65.84724,15,70.09345,12,81.79959,8,57.003258,14,71.42857,10,69.44444,1,39.130436,9,52.966106,10,39.12363,5,71.42857,5,45.04504,1,70.688034,15,32.414913,4,62.7615,6,65.55944,15,27.272728,3,76.21951,5,-1,0,-1,0,62.7615,3,72,3,72,3,70,7,78,4,60,13,67,8,71,5,74,6,70,9,77,14,68,12,71,7,67,7,69,9,63,7,-1,-1,67,12,71,16,56,19,63,16,66.666664,6,58,11,68,21,60,15,67,11,53.763443,1,62,22,68,23,66,5,67,11,70,21,64,3,72,14,68,19,63,15,68,19,65,15,64,16,60,12,62,20,58,16,67,22,67,10,70,18,70,10,75,19,55,19,65,15,70,11,74,17,61.57636,5,65,16,71,16,60,14,67,15,61.728397,8,64,7,72,9,61,22,69,18,-1,-1,70,15,75,10,78,7,70,12,72,4,76,6,83,6,69,10,70,12,74,14,77,6
5:05:30 PM,77.92208,1,66,11,69,9,65,7,75.54773,6,62.20096,13,29.725046,2,71.218254,6,76.257774,13,-1,-1,-1,-1,-1,-1,-1,-1,75.75757,1,53.951984,10,66.104256,20,139.86014,4,-1,0,-1,0,-1,-1,-1,-1,74.62686,1,76.43054,5,34.493332,15,40.858017,2,57.312252,4,61.9332,14,55.416286,14,-1,-1,-1,-1,68,11,70,10,74,13,73,11,72,8,80,12,82,6,83,7,80,2,71,4,73,5,82,5,92.568954,5,87.077675,4,70.42254,9,77.31959,3,52.91005,2,83.782745,12,76.19296,7,66.964294,9,76.21951,5,62.388588,14,66.66667,4,72.81554,3,-1,0,69.44444,2,50.827694,9,34.72222,1,66.137566,5,63.913467,13,58.19158,13,59.523815,8,64.76684,10,64.82983,8,69.23077,9,75,12,56.23243,12,67.46626,9,66.28787,7,73.52941,8,70.09345,12,41.480534,13,65.07592,12,49.999996,2,75.64297,10,42.735046,1,80.38586,5,71.94245,4,37.453182,2,59.88024,2,74.62686,1,-1,0,60,6,68,4,75,3,75,5,73,3,65,10,73,4,65,7,74,5,73,4,75,3,64,13,66,19,71,5,72,12,57,13,-1,-1,64,15,71,15,61,17,67,16,72.463776,1,56,15,61,17,62,15,70,23,54.945053,1,61,15,68,16,69,4,64,21,70,22,65,6,67,10,71,20,67,15,70,20,73,9,68,16,65,14,62,17,61,18,68,17,62,19,69,16,70,11,75,21,64,12,69,17,64,15,72,12,65.04065,8,72,12,76,15,65,21,71,18,78.43137,4,61,12,67,12,64,9,69,8,-1,-1,62,20,75,17,77,3,74,13,70,9,75,7,77,4,73,11,69,15,72,16,73,15
5:06 PM,54.409428,4,54,22,62,11,65,19,80.80808,8,55.43237,8,25.086607,7,69.8052,8,51.435406,10,-1,-1,-1,-1,-1,-1,-1,-1,59.61252,2,75.06255,12,74.484344,13,147.42014,3,-1,0,-1,0,-1,-1,-1,-1,102.04081,6,96.82842,5,36.70005,8,36.90491,5,56.725033,3,55.220364,9,73.18648,17,-1,-1,-1,-1,73,7,67,5,69,8,72,15,73,15,72,16,75,14,78,10,85,11,67,5,74,8,76,5,54.52665,8,76.88523,10,86.50519,5,62.7615,3,-1,0,74.58847,11,71.13387,8,73.74631,10,73.64975,9,54.570263,8,71.42857,5,60.06006,4,-1,0,-1,0,63.074574,2,28.116215,6,50.505047,6,58.708416,12,59.267242,11,63.291134,9,63.157898,12,67.81751,11,73.924736,11,78.82882,7,63.600784,13,61.188812,7,48.6618,4,67.91171,8,66.28787,7,71.30125,8,76.92307,10,45.04504,1,34.403667,12,35.971226,1,58.922558,7,-1,0,35.335693,2,69.44444,1,64.10256,2,-1,4,69.44444,2,68,3,80,3,73,2,78,3,73,7,72,3,66,12,74,9,72,7,77,9,68,7,68,4,72,3,68,20,70,10,-1,-1,71,13,76,10,61,17,68,16,62.7615,3,61,12,67,17,64,15,69,19,59.88024,2,62,12,70,21,68,6,62,12,70,16,69,6,65,19,71,23,71,13,74,14,70,4,70,10,69,6,61,19,62,17,65,20,70,15,71,13,69,17,76,11,66,13,72,19,72,12,76,22,38.58025,10,68,12,71,14,66,18,75,11,67.91171,8,68,15,72,18,53,17,65,13,-1,-1,68,14,75,6,75,6,73,11,76,2,77,8,80,2,69,9,73,11,74,13,77,14
5:06:30 PM,39.344265,11,54,22,58,14,67,17,52.246605,6,81.900085,6,26.249016,5,82.09091,7,53.827747,9,-1,-1,-1,-1,-1,-1,-1,-1,63.72132,10,66.42884,9,67.95341,17,141.98383,12,-1,0,-1,0,-1,-1,-1,-1,112.78195,3,78.857315,8,35.78427,7,-1,0,53.569073,8,69.204155,11,69.421486,14,-1,-1,-1,-1,71,8,70,13,69,13,74,11,75,10,80,15,76,7,80,7,81,6,72,4,77,8,78,9,72.82772,14,76.694954,12,57.339447,10,73.74631,10,-1,0,79.12257,10,76.78133,6,61.652287,10,65.789474,6,64.28572,9,70.24266,11,69.12441,3,-1,0,-1,0,51.738586,2,29.027578,4,66.666664,6,57.531376,11,51.93906,15,54.773087,7,60,9,62.814075,15,78.29978,14,80.38585,15,66.425125,11,71.94245,8,89.82036,3,59.978188,11,72.34727,9,66.137566,10,75,6,-1,0,38.20034,18,40.322582,6,69.44444,2,85.836914,4,-1,0,58.027084,6,-1,0,39.682537,3,85.47009,2,70,4,70,4,69,5,80,6,60,8,75,4,72,7,80,2,68,11,73,12,65,7,73,12,74,5,72,6,62,16,-1,-1,66,17,73,8,60,15,71,14,93.45794,4,64,13,69,17,63,17,70,26,54.945053,2,62,14,69,19,64,4,64,12,70,21,67,7,67,12,71,14,65,18,70,21,69,10,70,9,68,5,72,11,74,10,75,12,71,11,74,4,71,15,74,14,64,17,73,12,66,10,74,15,39.800995,16,68,16,69,22,66,15,71,13,78.43137,4,70,13,72,11,56,22,65,16,-1,-1,67,9,70,14,77,8,74,13,65,16,72,11,75,19,63,11,65,12,69,19,75,16
5:07 PM,43.767662,8,58,21,62,15,68,21,75.20054,9,62.912865,16,25.850927,2,50.92488,7,58.636364,6,-1,-1,-1,-1,-1,-1,-1,-1,97.402596,1,84.51619,13,74.11067,10,140.58107,5,-1,0,-1,0,-1,-1,-1,-1,80,4,79.246414,3,33.46347,12,-1,0,61.51515,2,71.115326,10,70.47216,15,-1,-1,-1,-1,59,7,64,15,66,15,71,10,72,19,78,19,80,8,81,6,84,5,67,14,72,10,73,12,67.254166,14,72.99981,6,75,15,80.14797,13,42.857143,3,62.430805,7,71.13387,8,69.73501,10,69.16997,7,60.72874,6,58.997047,8,24.271845,1,-1,0,51.54639,2,52.958836,1,31.779663,3,45.778233,9,54.84461,12,48.275864,14,58.67014,9,64.308685,8,64.23983,6,66.124115,13,76.21951,5,60.975613,17,59.746075,16,79.365074,3,63.559326,12,71.09004,3,58.708416,12,68.49315,7,47.96163,4,56.03164,17,42.735046,1,69.44444,1,89.92806,5,42.735046,1,71.42857,5,74.62686,1,90.09009,6,28.08989,2,73,3,75,1,71,9,75,5,64,9,72,6,69,2,75,5,74,4,75,7,66,14,71,11,67,4,77,12,57,10,-1,-1,71,16,73,10,61,18,69,10,70.92199,4,63,10,72,16,53,22,66,18,65.78947,1,58,13,57,22,65,11,64,14,69,21,67,5,67,14,71,19,63,12,72,17,65,2,69,2,69,9,70,15,69,10,72,19,68,15,68,10,74,11,79,5,68,12,70,16,70,18,77,12,40.56047,11,67,16,76,11,60,20,68,18,69.68641,4,64,11,69,14,61,15,71,13,-1,-1,67,18,74,15,77,3,71,10,75,5,77,5,81,2,73,11,69,13,71,12,76,13
5:07:30 PM,57.41627,4,61,20,64,11,67,16,74.925064,12,78.162575,13,27.652956,4,81.11749,7,46.299362,13,-1,-1,-1,-1,-1,-1,-1,-1,65.3239,2,56.818184,7,72.20465,10,154.37393,3,-1,0,-1,0,-1,-1,-1,-1,85.836914,4,93.13496,3,38.20533,13,41.797283,4,63.782986,3,73.80982,10,70.65474,10,-1,-1,-1,-1,60,20,60,16,62,24,75,13,74,11,75,15,79,7,82,11,86,6,72,4,80,5,77,4,79.090904,6,63.840656,4,67.81751,11,80.645164,6,38.31418,2,73.77883,12,75.32714,14,55.788006,8,83.68201,12,59.523815,8,70,7,90.09008,2,-1,0,66.137566,5,54.42584,7,23.041471,1,58.027084,6,58.043114,14,53.24298,11,52.966106,5,60.893097,9,67.1141,12,75.54945,11,78.988945,10,60.292854,14,67.20431,5,70.8502,7,68.23821,11,64.87889,15,59.267242,11,69.28406,6,37.593983,1,64.47831,22,42.735046,1,67.04981,7,77.31959,3,29.94012,1,65.27415,5,65.35948,4,64.308685,4,87.2093,3,73,7,73,4,73,3,77,1,67,10,73,2,68,5,77,5,75,5,78,6,67,6,72,9,70,7,74,11,70,10,-1,-1,65,17,68,12,64,15,70,17,72.11539,3,62,14,69,10,61,14,70,17,56.074764,6,58,14,54,21,73,4,62,13,69,18,65,11,65,18,68,16,60,12,71,18,67,9,70,5,75,1,69,6,69,12,73,15,65,17,67,17,68,15,70,21,69,9,74,5,62,15,69,14,64.10256,4,69,13,76,14,68,19,73,14,74.15255,7,66,13,71,16,63,14,68,11,-1,-1,62,17,73,11,80,4,77,11,71,4,75,11,80,9,71,21,71,8,71,9,76,17
5:08 PM,47.079926,7,59,15,65,13,68,12,80.78415,15,78.64108,20,26.297525,12,69.10009,7,59.87062,13,-1,-1,-1,-1,-1,-1,-1,-1,75.75757,2,60.71851,6,51.3986,7,139.86014,1,-1,0,-1,0,-1,-1,-1,-1,81.96721,2,77.214455,1,38.94117,14,51.457977,1,59.33938,4,71.87542,9,72.405464,9,-1,-1,-1,-1,67,8,67,13,66,13,73,13,75,8,78,17,78,8,82,7,85,7,76,5,76,8,80,9,79.051384,8,78.64108,8,81.69935,5,64.308685,4,-1,0,73.14203,18,67.827034,13,55,11,69.582504,14,49.321827,8,63.437138,11,59.88024,2,-1,0,69.44444,1,46.013412,2,29.985004,4,58.333336,7,65.31205,9,56.726097,7,62.111805,2,63.291138,14,68.09339,14,72.75132,11,68.21283,10,64.82983,8,67.340065,8,50.93379,6,62.388588,7,69.20415,4,61.25574,16,63.078213,15,51.41388,4,71.30125,8,-1,0,70.67139,4,74.62686,1,53.19149,1,76.62836,4,94.33962,2,81.96721,2,88.33923,5,70,3,75,3,76,8,81,4,68,7,72,5,71,12,77,5,72,7,78,2,67,7,72,7,83,1,71,10,66,13,-1,-1,67,13,73,12,64,18,68,16,77.31959,3,64,11,68,18,66,17,72,17,49.019608,1,46,13,50,20,65,6,58,16,64,19,66,5,67,9,72,21,63,19,70,17,64,6,65,5,68,7,69,12,67,11,72,18,65,14,68,18,68,15,75,17,61,14,65,18,71,7,78,5,62.30529,8,66,13,70,16,63,14,72,12,63.626717,12,72,10,74,14,64,19,70,16,-1,-1,69,15,78,7,82,7,73,17,68,4,77,7,84,1,74,7,74,15,70,13,74,18
5:08:30 PM,66.24954,6,62,9,65,10,68,15,83.55615,10,58.946815,9,28.409092,7,72.45446,14,63.695614,21,-1,-1,-1,-1,-1,-1,-1,-1,75.75757,1,77.096054,4,74.11067,10,142.6025,8,-1,0,-1,0,-1,-1,-1,-1,88.888885,8,85.307755,10,39.583057,15,-1,0,61.51515,2,41.479435,6,81.81818,6,-1,-1,-1,-1,73,6,68,8,70,11,73,14,72,15,78,19,75,11,78,9,85,8,70,5,77,9,79,5,62.446167,11,76.66621,9,58.922558,7,77.639755,10,-1,0,78.4632,9,70.145905,7,61.1951,17,68.68132,10,47.577854,11,62.28766,11,89.285706,1,-1,0,52.91005,2,50.955853,6,-1,0,54.545456,6,59.97001,8,51.100628,13,54.570263,8,60.827248,5,68.49315,7,70.24266,11,78.24726,10,65.43075,12,66.425125,11,75.07507,5,71.65605,9,75.0469,8,59.523808,9,79.365074,3,51.75983,5,46.84418,19,34.602074,2,69.44444,1,85.47009,2,-1,0,57.471268,6,69.44444,1,79.365074,3,71.94245,2,70,1,72,4,71,3,75,3,65,9,74,7,69,5,75,4,64,10,72,13,71,7,71,4,64,3,75,9,65,10,-1,-1,66,14,76,11,61,18,68,16,70.42254,3,64,13,68,16,66,8,71,19,47.619053,1,46,13,55,19,59,6,55,11,60,22,57,3,62,11,69,15,67,8,75,17,66,11,68,14,68,7,68,13,67,11,71,20,62,18,63,23,67,16,71,18,62,17,69,18,68,17,69,21,48.638134,5,71,7,77,6,62,15,66,15,75.75757,2,65,10,71,10,68,10,74,13,-1,-1,68,13,75,17,82,9,76,6,69,8,75,11,80,11,67,9,68,13,68,12,77,19
5:09 PM,52.842743,9,61,9,66,8,70,11,74.380165,9,64.86379,13,27.47882,4,70.36363,9,56.76318,12,-1,-1,-1,-1,-1,-1,-1,-1,54.545452,4,69.13239,10,59.61526,17,143.54068,12,-1,0,-1,0,-1,-1,-1,-1,75.03411,11,66.378334,15,38.043907,16,-1,0,-1,0,52.32178,4,72.15007,10,-1,-1,-1,-1,69,7,71,11,73,8,72,12,71,10,77,18,76,10,79,12,85,8,70,7,76,10,79,9,90.42406,9,50.505047,4,53.24298,11,74.40477,10,45.045044,3,86.29668,8,76.384315,13,68.75,11,67.698265,7,46.49197,11,62.03474,10,67.56756,3,-1,0,53.00354,3,46.26623,6,30.03003,2,59.422752,7,62.26054,13,51.100628,13,54.021614,9,33.975086,6,68.09339,14,75,12,82.508255,10,59.98286,14,61.391544,9,59.88024,2,65.789474,6,73.20644,10,60.51437,8,68.610634,8,45.04504,1,67.91171,8,-1,0,70.67139,4,66.28787,7,-1,0,75.07507,5,71.94245,4,48.231514,6,90.09008,2,70,5,74,2,68,3,76,3,65,8,68,3,73,6,78,5,70,2,76,2,59,11,68,14,71,1,73,6,73,8,-1,-1,67,20,70,16,62,17,70,15,78.74016,2,60,13,68,22,57,22,63,20,-1,0,43,17,51,18,52,9,49,15,53,20,38,1,58,7,59,12,67,11,73,13,64,16,67,16,66,6,66,17,71,13,78,15,62,17,63,16,69,16,72,22,61,17,71,13,68,9,76,17,46.72897,5,64,14,69,19,65,12,74,5,58.139534,9,65,9,68,17,60,18,68,10,-1,-1,69,11,80,12,80,8,76,8,70,9,74,11,81,5,72,11,66,10,72,15,74,18
5:09:30 PM,46.853645,12,62,21,61,14,69,18,80.84801,9,76.394196,14,27.272728,7,62.545452,8,57.99838,12,-1,-1,-1,-1,-1,-1,-1,-1,58.651028,4,71.676025,10,65.72612,13,140.25975,9,-1,0,-1,0,-1,-1,-1,-1,84.26967,3,74.81649,8,38.56041,11,44.285892,6,59.14918,1,62.91287,10,66.40317,14,-1,-1,-1,-1,66,11,69,13,71,7,68,11,73,18,77,17,77,14,79,10,84,6,71,10,75,12,80,9,71.64032,9,78.69555,10,75.757576,9,45.731705,3,48.231514,3,59.676243,9,74.05214,11,65.703026,10,72.75132,11,56.625145,10,69.23838,14,-1,0,-1,0,53.19149,1,55.37496,8,28.129393,4,51.54639,2,57.339447,10,51.73306,20,56.818184,13,53.763443,8,62.434967,12,45.55809,8,87.5,14,63.07339,11,68.59756,9,66.666664,6,68.68132,10,67.340065,8,64.252335,11,75.75757,8,-1,0,72.46377,12,35.335693,2,62.7615,3,76.62836,4,39.682537,3,66.87242,13,59.88024,2,73.89163,6,104.166664,3,71,10,77,2,72,8,77,2,61,11,67,4,69,6,74,6,72,8,75,5,70,6,71,7,68,7,71,14,70,7,-1,-1,61,16,65,18,61,21,66,17,66.22517,2,65,11,70,19,49,19,57,19,54.945053,1,59,14,55,18,42,5,27,13,21,11,47,9,55,12,59,13,69,10,72,11,67,12,69,17,65,10,66,18,68,13,72,10,66,15,72,10,68,19,75,13,60,20,64,19,63,16,70,15,55.197796,12,67,12,72,16,64,17,67,21,60.422962,4,68,4,72,6,62,13,66,16,-1,-1,68,15,75,9,81,5,75,9,73,11,76,12,81,11,75,7,74,12,73,13,78,19
5:10 PM,50.70626,7,58,16,66,13,73,10,96.37006,6,61.737923,8,23.510971,4,68.35846,9,62.792057,11,-1,-1,-1,-1,-1,-1,-1,-1,56.232426,2,59.63424,15,64.77273,19,136.9342,6,-1,0,-1,0,-1,-1,-1,-1,90.09008,2,77.214455,1,36.363636,4,-1,0,60.230236,5,73.43941,11,64.43869,17,-1,-1,-1,-1,60,10,64,14,63,13,76,15,76,13,81,15,74,7,82,6,82,6,75,12,79,8,80,6,58.92256,7,97.54195,4,83.48794,9,75,9,58.593754,3,96.666664,11,61.508183,8,51.124744,10,70.32349,10,58.333336,7,69.20415,8,78.12501,2,-1,0,57.471268,3,49.242424,4,27.573528,3,56.818176,6,56.550426,12,50.66251,13,56.2701,7,58.055157,8,66.964294,9,71.83909,15,81.38352,16,44.762756,10,68.75,11,53.19149,1,68.75,11,70.8502,7,61.90476,13,64.82983,8,48.54369,2,75,6,42.735046,1,62.499996,5,99.99999,1,35.971226,1,39.682537,3,74.62686,1,44.444443,4,85.71429,6,69,3,75,5,71,9,73,6,61,9,67,9,66,6,72,5,73,7,80,9,68,9,73,6,71,5,75,6,68,10,-1,-1,66,15,71,13,59,16,67,19,61.0998,6,62,14,61,15,52,12,56,20,51.150898,4,55,13,58,25,60,3,21,12,14,11,56,5,56,10,58,15,64,10,73,14,67,8,69,11,68,8,68,17,71,10,76,13,64,15,70,14,69,12,73,13,59,19,66,17,53,20,59,19,50.607285,10,66,14,74,12,66,14,69,15,69.44444,4,64,16,69,18,67,5,69,6,-1,-1,65,11,72,18,-1,0,78,9,73,8,69,7,79,4,77,7,76,11,76,10,80,16
5:10:30 PM,53.827755,6,59,17,64,13,71,16,82.51959,12,76.32293,18,31.347961,3,74.41162,5,50.079865,7,-1,-1,-1,-1,-1,-1,-1,-1,56.232426,2,84.1318,6,79.69304,9,139.86014,4,-1,0,-1,0,-1,-1,-1,-1,-1,0,-1,0,37.58875,9,-1,0,61.868683,7,56.116722,10,70.129875,18,-1,-1,-1,-1,66,11,63,11,66,16,79,8,77,13,80,12,78,8,83,7,86,5,67,6,71,6,78,8,71.87469,10,69.00994,6,60.97561,8,112.35956,4,62.111805,2,81.11888,8,79.46599,8,57.670124,10,75,6,38.88889,7,63.07339,11,72.81554,3,-1,0,59.88024,2,58.273045,6,26.075619,4,85.47009,2,58.922558,7,59.422752,14,56.17978,4,45.008183,11,55.594162,16,71.42857,10,78.277885,8,64.5682,16,65.6045,14,74.62686,1,49.321827,8,57.142857,12,58.770344,13,67.698265,7,40.983604,2,65.861694,12,34.72222,1,68.49315,7,77.31959,3,41.841,2,71.94245,2,66.137566,5,112.35956,2,62.7615,3,71,2,76,2,78,3,81,3,65,7,72,9,68,6,74,9,68,7,75,9,70,9,78,7,72,4,80,6,56,10,-1,-1,67,13,74,14,55,23,67,20,53.95684,3,58,14,61,17,54,15,60,18,47.16981,2,54,12,51,16,50,7,18,12,19,11,55,7,49,12,55,15,66,13,72,13,70,8,71,11,68,6,67,16,66,13,73,14,72,8,73,7,73,14,77,16,64,14,70,12,62,18,68,16,52.43089,11,65,19,68,19,62,18,72,13,78.43137,4,67,11,73,15,59,20,66,20,-1,-1,73,6,82,5,74,3,79,6,70,5,72,5,78,5,74,7,74,16,72,9,75,11
5:11 PM,51.76318,8,61,15,68,11,74,16,80.05693,9,88.26125,4,22.966507,4,71.5805,12,70.227615,19,-1,-1,-1,-1,-1,-1,-1,-1,58.862003,6,67.67426,10,64.82482,16,140.15962,12,-1,0,-1,0,-1,-1,-1,-1,65.35948,4,76.65289,7,34.502586,11,-1,0,-1,0,74.84796,8,74.84796,8,-1,-1,-1,-1,67,12,66,15,67,19,76,14,74,12,78,14,78,12,82,10,81,8,69,5,76,6,77,6,78.31976,13,70.5816,8,63.694267,8,74.2115,8,34.602074,2,69.818954,10,81.752785,4,73.20644,10,74.94647,7,57.75578,7,52.91005,8,69.44444,1,-1,0,69.44444,2,45.49138,5,26.455025,1,70.67139,4,62.326874,9,57.840614,9,57.471268,3,31.779663,6,64.27915,14,53.410023,13,81.86398,13,63.87921,11,68.75,11,74.62686,1,68.55576,15,75.022064,17,50,9,59.422752,14,45.04504,2,59.652927,11,-1,0,61.57636,5,69.44444,1,35.335693,2,69.20415,4,75.187965,2,-1,0,71.94245,2,76,2,72,2,70,12,76,3,73,6,73,3,64,6,75,10,71,7,78,4,67,10,71,10,70,2,74,5,66,6,-1,-1,66,17,72,16,66,15,72,13,75.187965,2,53,14,54,24,56,23,63,20,-1,0,51,16,55,17,50,2,23,11,28,13,52,4,52,14,57,16,63,14,71,12,60,7,68,7,58,3,65,13,68,12,72,7,68,13,69,18,76,6,77,10,69,18,74,14,68,14,74,15,57.87037,10,60,18,63,17,57,22,61,16,75.94937,6,67,11,70,13,60,18,68,11,-1,-1,65,15,73,16,74,8,76,9,72,8,76,9,81,7,70,9,70,17,67,16,74,17
5:11:30 PM,57.61844,9,62,16,65,11,73,9,81.75278,10,84.84849,14,27.931103,7,65.98948,7,66.03194,3,-1,-1,-1,-1,-1,-1,-1,-1,52.6162,3,81.85539,11,69.67485,12,138.44023,10,-1,0,-1,0,-1,-1,-1,-1,72.34727,9,74.99565,13,32.85871,8,33.41616,13,60.705746,3,61.058342,12,67.257034,10,-1,-1,-1,-1,69,12,69,12,70,17,70,12,74,16,80,19,75,7,81,10,83,8,70,8,72,6,78,8,79.582886,11,69.53274,7,83.48794,9,74.15255,14,35.971226,2,79.051384,8,71.31989,6,50.79826,7,75,6,45.55809,8,69.73501,10,64.10256,1,-1,0,53.19149,1,50.955853,6,27.573528,3,56.726097,7,55.401665,12,57.840614,9,63.559326,6,43.252594,5,62.111797,6,49.099834,12,75.64297,10,40.899796,12,65.73541,16,58.13953,4,60.55363,7,71.94245,8,67.675156,17,75.03411,11,50,5,64.26735,5,25.150906,5,64.308685,4,63.291138,14,40.983604,1,62.7615,6,75.187965,2,107.91368,3,69.44444,1,69,2,69,2,75,2,71,2,61,14,68,8,76,4,83,2,72,7,74,11,67,8,71,9,68,6,68,10,69,7,-1,-1,66,8,67,13,64,13,66,23,61.34969,2,46,12,40,17,41,20,49,20,52.91005,2,37,12,29,9,46,9,34,12,34,15,55,4,54,12,56,11,65,17,70,13,70,4,70,6,66,10,64,15,67,9,72,13,61,14,67,16,67,12,75,15,69,7,68,9,72,8,76,10,43.165466,6,62,20,66,17,61,19,65,15,63.98538,7,62,13,69,16,62,13,68,14,-1,-1,61,16,74,13,76,8,68,13,67,10,74,9,77,9,71,5,73,13,72,11,74,13
5:12 PM,58.027084,6,61,14,66,5,71,10,81.75278,5,84.41559,13,29.235693,7,73.84932,10,69.474365,12,-1,-1,-1,-1,-1,-1,-1,-1,75.75757,2,88.4043,10,73.67847,9,144.30014,5,-1,0,-1,0,-1,-1,-1,-1,82.81573,8,82.16545,10,28.873917,11,-1,0,55.38579,10,68.11087,12,67.698265,14,-1,-1,-1,-1,68,7,67,7,68,16,73,7,73,10,76,16,76,10,78,14,82,14,70,10,74,13,75,8,59.592308,10,53.827747,9,64.252335,11,76.62836,8,53.19149,1,87.56039,11,82.41544,17,67.340065,8,76.40068,9,65.66604,7,61.349693,6,63.451775,5,-1,0,42.735046,1,45.95064,6,31.38075,3,60.97561,8,58.997047,12,56.657223,8,59.523815,8,47.6758,8,59.414993,13,50.25126,12,74.4249,11,45.0045,10,65.27415,5,89.82036,3,41.60363,11,68.42106,13,60.386475,10,66.00661,8,64.10256,1,68.23821,11,34.602074,2,62.7615,3,63.739376,9,-1,0,62.7615,3,71.09004,3,78.82882,7,92.165886,4,75,3,78,3,70,6,77,3,70,2,69,2,69,8,75,11,73,9,79,11,59,14,64,15,73,2,72,11,68,9,-1,-1,59,17,68,16,60,15,65,14,57.80347,2,47,13,50,17,47,15,42,18,49.999996,2,21,9,17,9,43,6,40,16,44,16,56,3,51,15,52,18,67,13,70,12,61,5,70,6,70,8,68,13,71,8,71,14,65,17,68,21,65,16,73,20,61,10,64,13,72,10,73,8,52.521008,10,71,10,71,11,58,24,65,21,61.791965,12,66,9,69,16,62,15,67,13,-1,-1,66,10,75,13,79,6,71,7,70,10,74,11,77,12,75,10,73,12,72,13,76,24
5:12:30 PM,50.453148,9,56,18,63,9,70,12,75.20054,9,81.75278,5,25.71796,11,77.561325,5,79.99504,12,-1,-1,-1,-1,-1,-1,-1,-1,81.41112,1,84.1318,6,70.04981,15,139.86014,4,-1,0,-1,0,-1,-1,-1,-1,75,3,77.49832,7,37.762238,18,-1,0,62.34643,3,83.73206,7,79.36508,11,-1,-1,-1,-1,66,12,66,15,67,13,69,7,76,17,77,19,79,11,82,6,82,6,62,3,73,11,78,11,64.90599,11,78.69555,5,56.2701,7,48.814503,7,27.573528,3,75.836815,11,66.37638,10,68.75,11,69.20415,16,54.773087,7,63.739376,9,58.13953,2,-1,0,-1,0,48.144394,5,29.94012,1,58.333336,7,62.923523,13,57.034225,9,59.34718,12,43.541367,6,52.677788,12,71.94245,8,80,12,45.941803,12,62.56015,13,87.2093,3,43.1566,7,67.04981,7,43.45127,14,70.92199,16,45.04504,2,63.37136,10,42.857143,3,55.788006,8,81.96721,2,42.735046,1,58.411213,5,69.12441,3,48.622368,6,81.96721,3,67,7,71,1,76,3,80,2,60,7,69,7,73,3,69,2,73,6,72,8,59,13,66,12,68,5,69,18,70,7,-1,-1,66,17,72,10,59,15,64,19,-1,0,50,14,52,18,40,15,43,18,48.231514,3,35,13,36,13,50,2,42,16,43,15,56,6,51,16,53,19,62,12,67,19,68,5,70,8,66,5,68,9,70,6,74,12,64,15,68,17,70,19,73,23,58,19,67,16,69,12,72,15,58.01688,11,74,8,76,9,61,13,69,8,68.587105,10,64,15,68,19,63,14,65,15,-1,-1,67,10,74,12,81,4,76,16,69,9,69,12,76,14,78,8,73,9,73,11,77,18
5:13 PM,52.44756,10,64,11,66,6,75,10,86.698044,7,86.03384,6,26.056744,3,78.181816,4,74.48725,5,-1,-1,-1,-1,-1,-1,-1,-1,61.287033,2,72.31405,7,57.030346,16,140.58107,5,-1,0,-1,0,-1,-1,-1,-1,81.96721,1,83.648994,1,39.281704,14,-1,0,59.14918,2,76.824585,9,71.676025,10,-1,-1,-1,-1,59,13,62,14,69,15,76,6,73,13,81,17,76,10,82,10,84,11,69,9,68,14,76,9,87.181335,10,77.1724,8,68.49315,14,70.8502,7,48.6618,4,87.181335,10,52.88145,9,66.666664,12,61.391544,9,58.57295,11,62.972294,10,81.96721,3,-1,0,62.111805,2,34.652073,6,35.971226,1,56.17978,4,64.308685,8,53.802013,15,56.03164,17,62.388588,7,67.1141,12,46.53568,9,75.757576,9,49.627792,8,65.18904,10,95.785446,5,35.046726,6,69.26952,11,54.525623,10,77.639755,5,49.999996,2,72.34727,9,34.72222,1,64.23983,6,85.47009,2,-1,0,65.31205,9,89.285706,1,74.15255,7,83.682,4,72,8,78,4,67,11,76,6,65,6,72,5,70,6,74,5,70,7,74,15,64,8,67,8,66,5,63,16,57,16,-1,-1,69,16,72,15,56,19,68,17,62.111805,2,49,12,49,19,34,10,27,16,51.54639,1,41,12,40,15,42,12,35,11,42,16,46,5,51,14,52,16,61,16,67,18,65,13,65,18,70,8,68,11,68,10,71,19,71,12,71,12,71,11,75,15,57,15,63,16,68,12,74,16,71.94245,2,69,11,71,14,72,12,76,10,63.29114,3,66,10,66,11,60,16,67,19,-1,-1,66,15,72,16,81,8,77,12,69,3,77,8,80,6,71,13,71,19,72,18,74,25
5:13:30 PM,45.3915,6,66,8,65,6,69,16,67.50675,9,83.98068,8,26.3081,6,67.73177,7,77.561325,6,-1,-1,-1,-1,-1,-1,-1,-1,69.93007,1,81.16883,10,65.43959,15,140.37433,7,-1,0,-1,0,-1,-1,-1,-1,-1,0,85.631195,3,40.205494,12,33.93537,15,51.83861,2,51.701855,6,70.53291,12,-1,-1,-1,-1,66,12,67,16,69,10,72,14,73,19,75,22,81,9,82,9,86,8,70,6,74,5,78,9,89.74007,9,73.949905,6,78.277885,8,75.07507,5,52.21932,4,66.856224,12,73.111626,7,47.368423,9,77.77778,7,53.547523,16,45.91368,10,69.44444,1,-1,0,49.999996,1,48.45309,7,29.94012,1,63.559326,6,63.0063,14,51.67959,12,54.570263,8,66.137566,5,66.666664,10,72.0072,16,74.97657,16,52.716953,13,60.66734,12,-1,0,62.111805,8,62.26054,13,44.444443,12,66.425125,11,56.17978,1,62.66786,14,27.573528,3,61.57636,5,61.813187,9,36.764706,4,76.21951,5,64.377686,3,46.38219,5,36.945816,3,70,7,73,6,74,3,79,6,62,18,71,10,69,6,78,3,67,3,72,3,66,10,71,14,-1,0,67,12,55,19,-1,-1,66,15,72,18,56,18,68,16,65.10417,5,38,14,46,16,26,12,22,11,51.679585,4,46,10,46,14,45,12,37,13,41,16,54,3,48,13,53,17,59,14,66,16,63,10,61,22,63,11,66,20,67,13,66,21,68,18,67,22,73,14,74,17,49,15,54,18,67,16,71,15,49.937576,8,67,14,72,13,64,15,68,14,104.16667,2,68,9,77,9,56,18,64,17,-1,-1,69,13,74,14,82,4,74,16,74,9,77,10,81,15,73,12,69,8,74,10,78,19
5:14 PM,47.89357,9,63,16,70,12,67,9,83.55615,5,79.74482,8,28.49003,11,49.482162,6,72.52488,8,-1,-1,-1,-1,-1,-1,-1,-1,57.72006,2,75.524475,9,55.211494,18,143.00307,7,-1,0,-1,0,-1,-1,-1,-1,90.09009,6,83.35955,8,37.74772,8,-1,0,53.58463,10,72.55656,17,70.10983,15,-1,-1,-1,-1,65,8,73,9,70,12,73,9,73,9,80,19,83,9,82,5,82,7,72,7,77,10,80,13,79.051384,8,78.64108,4,87.71931,8,77.369446,8,-1,0,87.181335,10,84.383446,9,58.083252,12,72.04611,10,58.411213,5,69.25208,5,72.81554,3,-1,0,52.91005,2,52.15923,8,23.88535,6,64.308685,4,64.30868,12,60.97561,8,53.00354,3,57.531376,11,56.03164,17,74.2115,8,74.4249,11,59.267242,11,67.372475,14,51.124744,5,52.173912,12,58.997047,4,51.440327,10,64.82983,8,47.748978,7,53.734547,20,42.735046,1,50,5,64.28572,9,37.453182,2,-1,0,-1,0,77.77778,7,112.35956,4,70,4,81,2,72,6,76,3,70,4,70,6,69,10,74,11,69,6,74,5,63,7,69,7,71,3,68,14,61,13,-1,-1,65,13,71,8,55,18,63,19,52.173912,6,36,10,38,14,18,8,8,3,-1,0,43,13,47,16,49,10,35,16,38,19,55,11,48,15,50,19,61,18,64,18,64,6,69,12,61,9,58,16,63,22,67,11,63,12,71,15,70,16,74,17,52,14,54,17,59,18,66,18,61.349693,6,66,13,73,14,62,14,67,12,48.42615,4,64,11,67,14,68,10,73,10,-1,-1,64,18,70,17,87,3,77,14,76,5,77,8,81,7,69,10,74,12,75,13,79,11
5:14:30 PM,51.84929,10,59,20,66,14,66,19,84.697914,9,83.698166,13,25.174826,3,62.08556,9,69.23997,7,-1,-1,-1,-1,-1,-1,-1,-1,49.88913,3,72.273796,17,66.07929,22,139.86014,1,-1,0,-1,0,-1,-1,-1,-1,81.79959,8,81.089355,11,39.93914,7,36.363636,1,60.30897,4,76.22813,9,58.415485,16,-1,-1,-1,-1,66,12,69,9,69,16,75,14,76,12,80,13,74,8,80,13,81,11,76,6,77,11,81,2,87.87879,10,83.20654,7,76.754395,7,62.7615,3,52.91005,2,66.35143,9,77.51457,10,75.75757,8,76.14213,6,51.124744,10,65.18904,10,81.96721,3,-1,0,52.91005,4,48.56087,5,26.28121,4,58.411213,5,58.45674,15,50,12,54.773087,7,63.600784,13,64.59949,15,68.55576,15,76.33588,14,65,13,60.82725,15,48.231514,3,67.2182,13,70.88331,13,56.899,16,62.7615,6,50.76142,4,63.244053,17,39.682537,3,55.555553,5,75.187965,2,-1,0,70.67139,4,74.906364,4,95.785446,5,99.99999,1,72,6,75,3,69,6,76,9,62,6,73,6,71,6,77,7,70,3,75,11,67,8,69,12,70,3,70,9,60,15,-1,-1,68,14,71,12,61,16,68,7,66.666664,5,31,12,30,17,11,2,13,4,-1,0,47,12,51,16,49,3,36,10,30,16,49,12,48,14,52,15,58,14,66,17,65,6,68,8,59,7,66,13,64,17,66,19,60,16,71,17,67,13,75,20,52,15,56,19,63,15,68,20,56.05381,10,67,19,71,17,59,21,69,14,81.52174,3,65,11,71,15,57,13,64,11,-1,-1,68,5,77,10,77,8,76,10,72,7,77,8,78,5,74,15,71,13,72,17,78,15
5:15 PM,53.89867,5,56,23,66,10,67,15,92.293495,8,62.361416,9,28.86003,3,72.490005,9,74.31732,12,-1,-1,-1,-1,-1,-1,-1,-1,53.73937,4,65.11395,13,53.535923,20,139.86015,3,-1,0,-1,0,-1,-1,-1,-1,83.93286,7,77.3798,6,27.272726,2,42.613636,1,58.64792,6,70.90909,13,68.91403,20,-1,-1,-1,-1,61,15,65,14,64,16,73,12,76,15,79,19,78,10,83,8,85,6,71,5,72,12,79,7,80.72149,20,61.508183,16,74.96251,10,76.40068,9,38.31418,2,82.5153,8,73.07805,4,58.997047,12,70.09345,12,44.97751,6,60.893097,9,76.21951,5,-1,0,74.62686,1,49.568535,8,30.03003,2,63.559326,6,62.597813,8,54.773087,14,63.291134,9,53.635277,9,56.732224,15,73.68421,14,59.090908,13,53.12085,16,61.188812,7,83.1025,6,61.349693,6,68.337135,12,60.292854,14,69.20415,12,54.644806,2,63.480206,17,37.10575,4,71.09004,3,-1,0,32.154343,2,85.47009,2,-1,0,81.69935,5,106.38298,2,72,3,76,2,73,6,80,2,68,8,72,10,74,5,78,2,72,5,73,6,69,5,71,9,69,7,72,11,67,13,-1,-1,67,16,72,12,61,19,63,18,59.171593,4,23,10,16,9,16,11,21,11,-1,0,49,12,52,11,53,3,29,15,29,16,51,3,45,17,49,21,55,12,63,18,67,7,68,10,64,6,64,14,65,15,68,15,69,8,70,11,68,13,76,19,49,17,62,16,68,12,71,18,54.730255,14,65,14,66,24,57,23,64,20,79.8722,5,68,11,73,12,59,19,65,14,-1,-1,56,10,72,9,78,6,76,11,71,10,74,12,80,8,70,10,67,17,69,11,74,16
5:15:30 PM,44.411545,11,59,14,64,11,63,15,63.675552,13,77.04161,16,25.440975,5,71.33377,5,61.541103,10,-1,-1,-1,-1,-1,-1,-1,-1,32.180206,4,88.4043,10,58.263203,12,147.78326,11,-1,0,-1,0,-1,-1,-1,-1,76.62836,4,77.41294,5,43.846832,10,30.740656,16,62.34643,3,58.027084,12,69.88528,20,-1,-1,-1,-1,71,8,70,7,68,12,69,14,71,14,76,17,79,11,76,10,85,8,74,8,75,12,79,9,91.286835,5,78.550476,3,67.934784,20,61.6836,17,40.322582,3,84.20442,11,74.21824,9,70,7,69.28406,6,58.07201,10,65.66604,7,64.10256,1,-1,0,53.19149,1,47.573193,4,35.971226,1,60.97561,4,54.525623,10,56.732224,15,59.687782,13,61.349693,6,64.23983,6,65.39236,13,81.85539,12,58.333336,14,52.677788,12,75.75757,8,48.491383,9,65.885796,9,61.728394,12,71.74393,13,56.17978,2,58.17933,17,35.971226,2,69.44444,2,69.20415,4,-1,0,66.19594,15,66.66667,2,76.62836,4,59.88024,2,71,5,78,2,72,5,78,4,64,10,72,8,66,6,75,13,67,12,73,11,70,5,71,7,75,3,68,9,66,11,-1,-1,67,15,73,7,56,16,62,15,54.347828,2,18,9,15,6,22,11,23,14,49.999996,1,46,13,49,15,45,13,35,11,32,14,59,1,48,15,49,18,56,19,65,21,67,4,73,1,68,5,63,11,64,12,69,15,65,21,68,19,71,12,73,15,58,13,65,19,65,14,71,22,54.757015,16,66,16,70,20,59,23,65,19,67.98517,11,66,16,67,20,63,18,71,12,-1,-1,67,13,70,12,77,5,70,11,76,7,75,11,81,9,71,16,70,16,72,13,75,16
5:16 PM,54.819553,10,60,19,61,12,67,11,80.16675,10,77.47934,9,25.440975,5,57.998386,10,69.31013,16,-1,-1,-1,-1,-1,-1,-1,-1,-1,0,86.033844,5,56.03985,6,140.25975,9,-1,0,-1,0,-1,-1,-1,-1,85.47009,2,77.214455,1,40.79254,14,46.62005,1,66.11898,9,63.636364,14,54.94841,15,-1,-1,-1,-1,67,11,64,16,64,24,73,12,73,11,77,17,76,5,76,3,85,4,74,11,73,7,78,7,51.564716,11,74.66252,10,79.365074,3,83.682,4,45.731705,3,80.50785,15,68.620995,20,76.17729,11,66.66667,8,56.258785,8,67.698265,7,75,3,-1,0,-1,0,54.501328,2,27.777777,5,67.91171,8,68.59756,9,57.471268,12,61.78288,14,62.7615,6,53.635277,9,78.32898,6,71.30125,8,58.36576,12,60.362175,12,56.17978,4,66.66667,8,56.475903,15,52.931595,13,67.56756,6,53.19149,1,55.487057,9,42.918457,2,74.62686,1,66.00661,8,-1,0,69.25208,5,99.99999,1,44.444443,4,79.365074,6,74,4,75,5,75,5,78,2,65,7,72,7,70,6,77,6,72,9,80,11,61,17,68,15,74,1,73,8,67,8,-1,-1,69,17,68,16,45,16,64,11,63.291138,4,13,5,12,3,26,13,32,15,51.54639,1,47,13,50,17,53,3,44,15,45,19,57,7,55,17,59,16,59,18,65,18,64,8,67,7,66,5,69,11,59,15,70,17,62,19,66,18,67,17,73,14,67,14,72,14,63,14,70,15,57.670124,10,69,13,70,16,68,18,69,15,66.79389,7,65,16,67,16,59,19,65,20,-1,-1,68,11,75,14,73,7,76,17,69,4,71,8,78,7,72,8,72,14,70,11,74,20
5:16:30 PM,58.968056,6,61,10,63,17,68,16,82.81192,9,76.07455,8,26.5428,6,70.38529,13,64.17363,7,-1,-1,-1,-1,-1,-1,-1,-1,-1,0,73.71007,6,64.683624,14,141.67651,14,-1,0,-1,0,-1,-1,-1,-1,73.52941,4,75.59908,3,38.018562,17,-1,0,59.14918,2,68.4671,6,59.50413,6,-1,-1,-1,-1,66,15,64,17,65,17,71,11,77,13,78,19,82,5,79,7,83,4,75,3,73,5,77,4,55.43237,10,77.54343,11,38.910507,8,72.18479,15,69.44444,1,79.13613,7,79.65166,6,68.259384,16,61.93229,15,58.45674,15,63.559326,12,70.09345,6,-1,0,53.00354,3,55.659286,7,-1,0,63.291134,9,64.70589,11,63.191154,8,64.308685,8,54.347828,9,62.04757,12,66.25098,17,70.778564,14,65.885796,9,58.411213,10,60.06006,4,61.391544,9,62.03474,10,55.487057,9,70.588234,12,-1,0,65.6045,14,37.202385,5,65.789474,6,-1,0,34.602074,2,71.94245,6,87.2093,3,71.09004,3,77.31959,3,70,4,74,5,74,4,78,5,68,9,73,2,71,8,76,11,72,8,79,6,64,9,71,15,67,9,69,16,62,8,-1,-1,66,10,71,8,47,12,37,19,41.66666,1,7,5,-1,0,31,16,33,16,62.89308,2,52,14,51,17,57,6,49,15,49,18,57,9,54,10,52,17,59,17,65,18,76,4,77,5,64,7,63,14,64,12,68,15,71,13,68,12,66,19,72,14,63,18,69,12,73,8,77,11,55.07956,9,63,13,72,15,63,13,70,23,70.92198,6,65,12,63,16,63,17,67,17,-1,-1,65,13,70,19,80,2,76,11,69,5,74,3,80,5,69,16,69,14,72,9,77,15
5:17 PM,59.104977,7,60,12,61,14,69,14,74.363266,8,66.7631,12,25.508398,6,80.140816,6,63.79065,5,-1,-1,-1,-1,-1,-1,-1,-1,69.93007,2,83.3462,9,42.236523,9,122.574066,4,-1,0,-1,0,-1,-1,-1,-1,75,6,86.65795,2,28.595259,12,38.629925,5,61.51515,2,76.46558,6,67.53246,13,-1,-1,-1,-1,64,10,66,9,68,14,73,9,74,12,78,18,76,9,81,16,86,8,69,5,75,8,80,6,86.419266,15,77.26322,13,54.347828,7,73.333336,11,-1,0,48.564594,7,71.77033,12,81.69935,5,77.77778,7,56.818176,12,55.187634,10,69.44444,1,-1,0,-1,0,48.116886,3,27.386543,7,58.027084,6,64.26735,10,53.87931,10,58.593754,3,53.394356,14,65.72295,13,78.571434,11,71.57464,14,55.096416,12,62.66786,14,71.94245,2,71.42857,5,69.93007,8,60.66734,12,68.21283,10,49.999996,2,37.037037,10,35.971226,1,61.349693,6,-1,0,-1,0,66.666664,6,-1,0,54.824566,5,69.44444,1,67,3,-1,0,73,9,77,5,66,9,72,8,73,8,74,4,72,10,76,15,69,7,74,6,72,7,70,13,63,16,-1,-1,68,17,69,10,35,12,36,13,65.57377,4,11,7,11,7,32,11,43,17,48.30918,4,54,11,56,19,64,6,58,15,61,19,55,7,49,16,51,19,63,10,66,12,70,8,70,12,71,7,70,12,64,11,70,17,60,20,65,24,69,11,75,21,59,16,67,19,68,14,75,15,61.7284,7,63,17,68,11,59,15,71,12,67.20431,5,67,9,65,21,62,21,67,16,-1,-1,68,14,69,17,78,5,73,16,73,7,75,13,80,9,72,5,68,11,72,13,78,10
5:17:30 PM,51.150898,11,65,10,65,12,70,7,75.54773,12,73.17493,17,23.61275,7,70.36363,6,57.03927,12,-1,-1,-1,-1,-1,-1,-1,-1,75.75757,1,67.75833,6,66.05851,12,153.21758,5,-1,0,-1,0,-1,-1,-1,-1,87.71931,4,77.41294,5,38.44839,15,38.143673,4,58.08535,7,77.92208,10,48.48485,8,-1,-1,-1,-1,58,11,66,11,69,10,72,7,70,12,81,10,77,15,74,14,82,20,71,9,76,10,78,9,84.69626,11,76.66621,9,78.45187,15,79.12958,16,58.593754,3,61.121265,12,74.20285,14,53.816048,11,63.37136,10,40.51864,5,62.642372,11,62.7615,3,-1,0,53.19149,1,53.804817,9,27.0027,6,52.910057,6,55.17827,13,57.840614,9,52.447556,6,56.58436,11,64.8824,16,58.997047,12,73.439415,12,57.471268,12,66.489365,15,58.922558,7,60.024014,10,59.98286,14,67.340065,8,63.07339,11,47.393364,2,61.728394,12,-1,0,52.91005,2,75.187965,2,34.72222,1,73.439415,12,64.377686,3,105.8201,4,99.99999,1,70,5,67,1,71,3,73,1,64,14,73,8,72,6,76,7,70,3,79,9,67,12,71,13,70,7,76,5,67,15,-1,-1,63,11,70,12,25,13,30,11,59.34718,4,11,9,12,8,36,15,44,11,-1,0,57,14,64,21,65,7,62,9,65,17,59,5,56,18,54,20,59,17,64,21,63,17,64,22,63,10,68,10,68,9,68,15,63,13,65,18,65,19,71,22,61,13,67,17,62,17,69,15,57.07762,5,69,13,75,13,62,19,69,12,67.26457,3,65,11,72,10,59,16,65,20,-1,-1,65,19,71,18,83,6,74,9,70,6,78,12,80,10,72,9,69,15,70,14,76,13
5:18 PM,49.4868,9,61,19,62,11,66,10,77.2161,15,81.02415,10,23.22495,7,60.44986,11,61.99986,16,-1,-1,-1,-1,-1,-1,-1,-1,53.04258,6,70.90909,13,61.363636,18,165.28926,1,-1,0,-1,0,-1,-1,-1,-1,79.726654,7,79.246414,6,34.405186,13,32.66195,1,-1,0,69.53387,9,64.50842,9,-1,-1,-1,-1,70,10,69,10,69,7,69,17,71,16,76,17,78,10,76,12,84,5,76,8,71,8,78,12,90.42406,9,74.17518,5,83.84146,11,73.64975,9,-1,0,86.47865,14,80.02561,14,50.614605,14,69.22257,13,48.123196,10,47.92332,9,72.81554,3,-1,0,69.44444,1,52.834225,8,-1,0,62.499996,5,57.339447,10,46.69988,15,59.726963,14,61.457417,14,59.985886,17,77.55946,15,70.42254,14,58.770344,13,66.666664,14,85.47009,2,64.70589,11,72.72727,16,59.59475,10,65.43075,12,53.19149,1,62.87227,19,40.983604,1,66.137566,5,70.42254,9,-1,0,69.12441,3,79.365074,3,79.365074,3,113.63637,1,74,3,76,1,69,5,76,4,63,7,69,3,72,8,75,8,70,6,77,6,65,11,70,7,69,5,72,12,67,7,-1,-1,62,10,69,10,12,8,13,8,-1,0,19,8,20,11,38,15,42,14,59.88024,2,54,10,67,11,54,7,61,16,67,22,58,6,60,16,60,17,62,18,61,23,65,8,67,18,63,15,59,24,60,15,68,17,62,14,70,10,65,13,71,19,63,17,69,24,64,15,72,20,59.95204,5,66,14,72,9,65,15,74,12,63.61323,10,65,13,66,14,58,15,66,12,-1,-1,68,9,73,18,80,8,74,9,68,12,65,14,68,17,70,16,68,15,72,17,75,17
5:18:30 PM,50.97706,10,61,12,66,11,59,12,72.92173,9,84.69792,6,22.838293,6,64.79156,14,69.62435,11,-1,-1,-1,-1,-1,-1,-1,-1,51.620308,3,84.51619,13,55.712772,12,142.6025,8,-1,0,-1,0,-1,-1,-1,-1,89.285706,1,72.56298,1,40.077484,10,-1,0,62.34643,3,73.64373,15,62.12466,15,-1,-1,-1,-1,67,10,66,8,69,13,74,12,73,17,77,19,76,5,79,9,86,6,70,11,69,11,71,12,60.559654,12,80.33419,11,88.888885,8,77.77778,7,53.19149,1,84.22887,12,77.36213,9,75,15,75.45272,15,50.79826,14,66.462166,13,75.187965,2,-1,0,58.411213,5,92.026825,1,28.08989,2,51.085567,8,60.01847,13,49.50495,11,57.840614,9,60.01847,13,62.68436,17,79.89907,19,81.50249,23,63.078213,15,62.66786,14,75.07507,5,50.505047,6,69.22257,13,56.732224,15,65.861694,12,59.88024,2,69.66774,13,37.10575,4,62.111797,6,71.42857,5,34.602074,2,93.16771,3,79.365074,3,89.82036,3,75,6,78,2,75,5,77,3,77,2,68,8,72,4,72,8,75,5,65,12,72,8,65,13,72,7,68,3,71,10,66,13,-1,-1,55,15,53,10,13,9,13,7,68.49315,2,25,13,28,15,40,18,44,15,44.510384,3,57,15,63,11,62,5,64,11,68,11,65,4,59,21,65,19,60,15,65,17,72,7,71,8,62,8,60,17,60,17,58,21,65,11,69,15,70,10,74,12,63,14,67,19,67,15,71,22,34.932465,15,66,20,67,21,60,15,70,10,62.695923,4,66,11,73,10,61,16,68,12,-1,-1,64,16,75,10,77,7,73,17,71,7,70,13,78,4,70,17,69,15,72,15,77,15
5:19 PM,45.726727,14,59,20,64,15,65,19,70.32349,11,72.92173,9,29.255604,9,64.842735,7,75.00997,7,-1,-1,-1,-1,-1,-1,-1,-1,75.49544,4,66.42884,9,66.56523,10,140.1869,11,-1,0,-1,0,-1,-1,-1,-1,85.47009,2,73.8985,6,38.891586,8,45.454548,5,64.07828,1,79.6284,12,62.862675,13,-1,-1,-1,-1,69,12,70,11,69,15,73,16,72,16,78,18,69,10,75,10,82,6,65,7,71,13,79,3,72.5683,17,78.24538,13,52.966106,10,75.93458,13,49.019608,3,82.38636,10,73.598694,10,65.43075,12,72.34727,9,62.03474,10,69.23077,9,53.95684,3,-1,0,53.19149,1,52.15923,8,30.257185,4,66.666664,6,63.229576,13,59.13272,9,58.411213,5,63.437138,11,62.814075,15,75.30121,20,73.22175,14,62.68436,17,66.22516,22,86.50519,5,59.171597,14,75.03411,11,64.26735,10,70.49892,13,52.91005,2,71.42857,10,39.062504,2,58.333336,7,74.62686,1,-1,0,74.62686,1,-1,0,76.62836,4,96.15385,3,69,6,79,4,76,4,78,4,70,6,72,3,73,5,77,5,70,10,73,14,62,12,68,5,65,6,75,9,67,7,-1,-1,51,10,54,14,9,6,5,4,46.948357,4,27,8,26,9,38,14,44,16,72.463776,2,56,16,62,17,66,8,62,16,66,11,58,7,65,9,70,10,62,18,69,20,74,7,73,6,70,6,68,16,62,13,67,19,67,13,70,9,72,11,76,11,61,10,69,12,63,21,68,19,47.84689,6,66,18,71,20,60,22,65,24,72.20217,4,65,13,72,8,62,14,70,10,-1,-1,64,13,77,12,71,7,70,15,66,6,72,14,75,5,74,10,72,8,73,13,81,17
5:19:30 PM,47.313282,14,56,21,62,13,64,16,50.59875,6,62.98551,6,28.458498,6,57.237232,9,50.43265,9,-1,-1,-1,-1,-1,-1,-1,-1,54.545452,1,57.75401,9,68.26308,12,147.42014,6,-1,0,-1,0,-1,-1,-1,-1,92.165886,4,85.154236,11,39.8142,6,-1,0,63.05653,6,79.33884,8,69.66214,10,-1,-1,-1,-1,68,5,67,14,69,12,76,12,79,15,83,15,81,7,84,7,89,3,70,6,72,13,70,4,83.782745,12,78.64108,4,68.09339,14,72.01646,14,53.19149,1,54.24616,8,78.67998,14,73.64975,9,72.34727,9,54.249546,12,63.913467,13,52.91005,2,-1,0,52.91005,2,47.70796,6,32.133675,5,55.147057,6,57.636887,8,46.59147,19,55.187634,10,38.31418,6,65.43075,12,69.26952,11,74.0319,13,61.11111,22,63.694267,16,97.08738,4,62.063614,16,64.7349,21,58.309036,16,60.82725,15,53.19149,1,56.249996,9,-1,0,60.06006,4,74.62686,1,-1,0,55.147057,6,-1,0,-1,0,71.94245,2,70,4,74,3,76,6,80,3,58,9,72,7,75,7,79,3,70,5,78,7,53,12,53,18,67,3,70,5,72,9,-1,-1,46,16,48,15,13,8,15,9,57.471268,3,24,9,26,13,37,15,48,14,65.78947,1,60,12,61,18,61,7,63,14,67,17,60,9,66,15,68,14,62,8,67,10,68,1,68,1,73,6,70,10,63,11,70,19,64,13,71,15,65,14,75,13,67,9,71,15,68,15,72,16,36.55914,17,66,17,69,24,63,19,67,18,65.44502,5,65,15,69,23,63,13,70,10,-1,-1,66,12,78,9,82,2,74,10,69,6,75,5,76,3,72,10,76,10,73,6,77,13
5:20 PM,56.46528,5,57,23,59,15,62,20,81.77729,12,77.92208,18,24.809498,7,43.514927,4,59.44481,5,-1,-1,-1,-1,-1,-1,-1,-1,59.450092,4,67.99295,9,52.592033,12,139.86014,1,-1,0,-1,0,-1,-1,-1,-1,81.96721,2,76.43054,5,40.35422,6,37.878784,1,59.14918,2,53.243935,9,69.70665,12,-1,-1,-1,-1,63,11,69,17,64,16,75,8,77,10,80,12,79,11,82,9,87,6,75,4,76,5,83,4,78.55672,10,80.5116,7,81.818184,9,76.21951,5,49.019608,3,70.11606,12,73.06423,17,51.124744,10,75.64297,10,64.23983,6,62.972294,10,90.09008,2,-1,0,-1,0,44.55267,3,29.027578,4,47.892723,5,52.47376,7,48.806942,9,71.94245,2,60,9,65.861694,12,51.41388,8,80.38586,5,67.04981,7,64.8415,9,70.09345,6,63.600784,13,64.8824,16,60.240963,16,64,16,53.19149,1,65.55423,11,-1,0,57.339447,10,76.14213,6,-1,0,99.99999,1,-1,0,-1,0,54.347828,7,67,3,78,6,69,5,77,2,69,4,79,2,66,4,77,6,71,9,74,12,67,8,70,6,70,5,68,19,67,7,-1,-1,44,10,43,15,21,11,15,7,51.41388,4,23,11,22,13,41,14,50,12,54.945053,1,58,10,65,16,62,5,63,14,65,20,61,7,68,14,70,15,60,14,68,18,60,9,65,8,70,3,73,2,66,6,67,9,67,10,70,10,72,10,75,17,66,16,70,11,71,10,74,11,64.10257,3,66,11,71,15,64,19,66,22,60.240963,4,61,16,64,21,55,22,64,22,-1,-1,67,11,74,7,82,5,76,8,72,6,79,12,85,3,74,7,74,13,72,12,74,22
5:20:30 PM,56.23243,9,61,8,59,11,64,11,62.437557,10,80.450516,12,26.048447,10,71.14624,12,64.443886,17,-1,-1,-1,-1,-1,-1,-1,-1,54.545452,2,56.621582,6,59.090908,13,136.36363,5,-1,0,-1,0,-1,-1,-1,-1,85.653114,8,79.84676,7,33.511845,17,33.879166,1,68.860245,1,70.65474,10,67.257034,10,-1,-1,-1,-1,63,5,66,9,67,8,72,12,75,13,75,19,80,6,83,8,84,7,70,6,75,10,80,6,83.8843,7,81.752785,2,77.639755,10,91.11618,8,59.88024,2,82.574036,11,80.95856,11,65.55944,15,70.609,16,42.265427,10,56.22837,13,75,3,-1,0,62.7615,3,52.074554,10,-1,0,65.789474,6,58.17933,17,41.841,4,64.308685,4,42.857143,6,69.44444,2,73.98274,12,82.508255,10,52.173912,12,67.20431,5,69.44444,1,64.26735,10,69.87578,9,61.349693,18,62.66786,14,51.457973,6,68.07867,9,36.363636,4,64.308685,4,84.26967,6,29.94012,1,56.17978,4,90.09008,2,-1,0,112.35956,2,69,4,73,4,69,8,81,7,65,9,74,2,69,5,79,5,69,14,73,15,63,13,71,15,73,2,71,11,66,14,-1,-1,38,14,28,13,19,11,19,9,55.350555,3,24,11,26,14,37,14,45,15,-1,0,56,16,64,14,60,7,58,12,68,17,68,7,63,14,65,19,65,14,72,17,73,2,74,2,64,11,65,12,68,14,70,19,64,14,66,17,68,15,75,16,67,10,73,16,69,12,75,16,55.24862,2,69,11,71,16,63,16,70,16,60.137455,7,65,12,67,20,63,17,65,19,-1,-1,68,20,73,20,78,4,76,7,73,5,77,9,83,7,75,7,72,15,73,15,75,15
5:21 PM,55.469955,3,69,3,65,11,62,5,65.65656,13,72.29351,16,15.104895,9,53.016605,10,67.63133,8,-1,-1,-1,-1,-1,-1,-1,-1,69.93007,1,57.016163,9,66.410866,15,144.81093,9,-1,0,-1,0,-1,-1,-1,-1,81.69935,5,73.44789,4,37.168964,12,34.011196,8,51.83861,1,60.606064,10,56.621582,12,-1,-1,-1,-1,71,8,68,14,68,10,70,13,73,13,79,16,66,15,77,11,81,14,72,3,77,9,80,6,83.62168,11,70.781425,11,72.9927,6,69.44444,1,53.19149,1,73.77883,12,75.757576,10,67.659,10,71.24352,11,59.194946,15,61.391544,9,59.88024,2,-1,0,42.735046,1,49.678196,6,32.67974,2,58.56515,8,57.840614,9,50.125313,24,58.997047,12,44.444443,8,67.319466,11,38.022816,6,79.365074,3,59.59475,10,57.283142,7,85.836914,4,44.080605,7,69.28406,6,53.87931,10,63.291134,9,54.644806,2,70.24266,11,42.918457,2,68.610634,8,64.308685,4,34.72222,1,60,6,89.285706,1,-1,0,113.63637,1,75,3,-1,0,70,7,76,4,64,9,73,8,68,4,77,3,69,10,73,15,64,13,68,16,72,2,73,13,65,11,-1,-1,15,5,10,6,19,13,20,14,52.816902,3,27,12,29,12,38,16,48,16,68.49315,1,62,13,67,12,63,8,60,16,63,16,65,6,65,12,68,17,58,14,68,17,67,10,68,11,65,2,70,8,69,10,73,13,66,15,70,13,71,12,74,16,66,15,74,15,74,11,76,12,60.69803,8,71,12,75,15,68,12,71,12,69.68641,4,62,10,66,21,62,17,63,20,-1,-1,65,12,72,15,74,4,78,11,71,7,73,8,80,11,74,9,73,8,75,18,74,22
5:21:30 PM,51.57963,12,64,13,66,18,69,11,77.47934,9,72.379845,10,27.548208,3,61.307617,14,58.61961,14,-1,-1,-1,-1,-1,-1,-1,-1,-1,0,86.45533,11,72.61969,18,140.58107,5,-1,0,-1,0,-1,-1,-1,-1,71.94245,2,77.545845,3,39.559414,17,909.09094,1,60.04732,6,54.13941,8,72.273796,17,-1,-1,-1,-1,68,14,72,8,74,9,72,10,76,17,77,18,80,10,81,9,85,11,75,8,75,10,79,16,82.38636,5,66.5838,3,71.42857,10,74.54128,13,53.19149,1,96.925125,4,78.91413,2,64.655174,12,82.938385,7,60.706398,11,68.59756,9,81.96721,3,-1,0,74.62686,1,52.66075,5,29.985004,4,55.292263,7,58.333336,7,53.89718,13,59.523808,9,65.55423,11,61.05398,19,71.30125,16,78.26087,18,40.28648,9,70.224724,5,-1,0,66.666664,12,70.09345,6,56.947613,10,73.89163,6,45.04504,2,64.27605,19,40.983604,1,50,9,74.62686,1,35.971226,1,88.83248,7,69.12441,3,-1,0,53.95684,3,73,4,75,3,74,4,-1,0,60,12,61,11,70,6,80,7,72,4,76,7,54,19,66,14,66,5,70,16,67,15,-1,-1,9,3,10,2,19,9,22,14,40.983604,1,27,8,26,11,47,13,50,16,39.37008,2,57,10,63,17,70,5,61,8,68,12,62,9,66,14,69,16,65,12,70,17,63,9,62,14,63,8,65,17,63,14,69,15,63,13,68,17,71,14,75,8,68,13,71,14,69,10,77,13,40.65041,1,73,13,76,12,66,14,73,17,70.42254,2,69,12,72,10,60,20,66,19,-1,-1,65,17,69,19,80,3,74,7,62,13,70,14,79,15,70,18,71,13,73,9,77,14
5:22 PM,56.30499,8,65,7,65,7,72,7,36.363636,6,51.506565,8,28.310791,3,68.680954,8,59.13904,8,-1,-1,-1,-1,-1,-1,-1,-1,65.3239,2,76.46558,6,73.14525,12,143.27136,14,-1,0,-1,0,-1,-1,-1,-1,81.96721,1,-1,0,36.223827,19,75.75757,1,67.18887,3,68.80734,11,69.88528,20,-1,-1,-1,-1,69,11,65,11,68,20,70,13,75,11,78,15,79,4,80,7,85,4,65,14,73,7,78,13,63.900787,7,80.78415,6,78.32898,6,69.44444,2,-1,0,88.73929,11,73.47179,12,71.09004,6,80.38586,5,51.83789,11,66.137566,5,71.94245,4,-1,0,-1,0,46.489742,4,28.735634,3,55.292263,7,59.98286,14,54.911533,18,58.18464,15,49.668873,9,63.636364,14,72.332726,16,75.43104,14,56.666668,17,61.5285,19,81.96721,3,28.129393,4,75.07507,5,65.07592,12,65.35948,4,62.7615,3,66.01807,19,-1,0,39.128006,14,74.15255,7,35.971226,1,69.44444,1,53.19149,1,-1,0,113.63637,1,73,3,62,1,73,6,78,2,68,3,80,2,69,7,68,10,71,6,79,4,70,6,73,8,70,6,72,11,63,15,-1,-1,11,6,10,5,21,12,21,14,53.763443,1,25,8,22,14,50,11,51,14,48.54369,1,55,13,61,17,65,6,62,11,67,17,73,5,62,7,68,12,66,14,71,18,68,5,69,13,68,9,65,15,65,12,71,14,66,14,68,18,65,16,72,22,63,14,71,9,69,16,78,15,51.99307,6,70,12,75,9,70,19,75,10,67.340065,4,69,12,72,16,57,17,69,14,-1,-1,63,15,72,15,78,7,70,18,74,6,74,7,80,6,73,20,74,12,72,15,78,19
5:22:30 PM,49.586777,10,60,17,59,10,68,20,81.79481,14,81.16884,12,28.310791,3,37.899773,7,45.66695,8,-1,-1,-1,-1,-1,-1,-1,-1,-1,0,68.4671,6,62.343323,18,139.86014,2,-1,0,-1,0,-1,-1,-1,-1,84.745766,8,75.14989,7,40.858017,2,-1,0,64.07828,2,72.72727,8,72.02881,11,-1,-1,-1,-1,67,10,65,12,68,18,75,12,73,15,79,16,77,6,80,14,83,6,76,4,72,8,80,7,75.9759,8,80.5116,7,54.545456,6,81.69935,5,52.91005,2,82.38636,5,69.29047,4,66.666664,10,72.93355,9,58.027084,6,68.610634,8,71.94245,6,-1,0,-1,0,46.65072,3,28.08989,2,42.579075,7,54.347828,9,50.33557,9,69.44444,2,58.949623,11,63.89776,12,74.54128,13,61.1951,17,56.03164,17,52.677788,12,71.09005,9,62.04757,12,72.70694,13,37.076275,7,71.42857,5,-1,0,59.25926,16,39.682537,3,31.92848,5,74.96251,10,34.72222,1,83.682,4,70.67139,4,-1,0,75.187965,2,67,3,73,3,71,3,82,1,68,8,76,1,71,4,69,4,70,8,79,6,65,11,71,6,71,4,73,11,69,7,-1,-1,18,4,11,5,19,13,17,14,51.020405,3,22,8,20,13,47,13,48,14,51.02041,1,56,10,62,16,64,6,61,14,65,17,66,5,62,14,67,15,69,6,70,10,67,7,69,15,71,8,71,15,70,9,72,15,67,13,73,10,68,13,75,21,63,13,73,21,68,16,76,12,64.695015,7,67,14,74,15,68,14,73,8,71.42857,1,69,17,73,11,66,13,69,13,-1,-1,66,16,74,15,83,5,74,16,74,6,76,9,79,5,74,7,75,12,79,10,81,11
5:23 PM,54.545456,9,57,15,63,13,69,15,87.077675,5,82.832886,8,27.156342,7,73.46241,11,65.3526,13,-1,-1,-1,-1,-1,-1,-1,-1,53.563457,6,73.31378,10,62.701984,17,139.86014,4,-1,0,-1,0,-1,-1,-1,-1,84.19689,13,84.97675,8,41.259796,5,40.584415,5,-1,0,65.42184,8,68.181816,15,-1,-1,-1,-1,65,13,64,17,70,10,75,10,77,13,84,12,73,9,80,9,88,6,72,5,74,10,77,5,61.770466,10,69.910515,11,69.25208,10,58.56515,8,-1,0,65.01514,8,81.02415,8,67.698265,7,76.21951,5,60.97561,8,63.636364,7,83.682,4,-1,0,62.111805,2,46.976036,8,26.455025,4,59.241703,5,64.27915,14,64.26735,10,61.391544,9,42.265427,10,61.78288,14,76.17729,11,71.42857,10,58.57295,11,63.99317,15,67.698265,7,65.31205,9,66.84492,15,55.98622,13,64.26735,15,48.6618,4,72.93355,9,32.154343,2,61.349693,6,89.285706,1,53.19149,1,62.7615,3,81.96721,2,-1,0,87.2093,3,68,3,73,3,69,4,78,1,63,7,72,2,72,5,76,3,74,3,76,4,63,12,69,8,73,3,75,7,69,11,-1,-1,13,10,13,10,21,13,24,14,59.701492,4,24,-1,21,14,39,12,47,17,-1,0,57,9,62,13,63,1,62,11,65,17,60,8,62,13,64,-1,63,12,68,16,70,5,69,11,68,8,68,14,66,9,70,17,63,13,63,21,65,11,70,14,59,15,66,21,66,17,76,21,57.537403,10,65,17,75,11,66,19,69,12,109.489044,3,67,11,71,6,63,17,70,13,-1,-1,68,14,77,10,71,5,77,8,71,4,72,11,80,4,72,9,67,11,73,11,78,10
5:23:30 PM,61.28703,7,61,10,69,12,68,15,75.64296,11,77.416504,7,29.09091,4,83.61691,8,68.943405,8,-1,-1,-1,-1,-1,-1,-1,-1,65.454544,3,73.21538,12,74.31582,18,140.4604,6,-1,0,-1,0,-1,-1,-1,-1,89.82036,3,65.82215,2,38.502674,6,-1,0,53.646927,2,66.456505,13,65.717415,17,-1,-1,-1,-1,69,6,65,8,67,12,67,9,73,10,77,11,76,5,80,11,86,10,71,4,73,10,83,6,98.10555,11,79.80082,5,77.355835,11,65.861694,12,-1,0,86.41239,11,77.36213,9,53.333332,8,73.52941,8,42.492916,6,67.340065,8,65.789474,3,-1,0,53.19149,1,63.074566,3,30,3,59.422752,7,57.471264,9,57.471268,6,53.00354,3,62.499996,10,58.07201,10,54.347828,16,63.157898,12,49.400143,14,65.885796,9,73.89163,6,47.368423,9,66.02641,11,50.78486,11,70.49892,13,45.045044,3,73.22175,14,34.72222,1,60.0343,7,89.285706,1,42.735046,1,62.499996,5,74.62686,1,-1,0,71.09004,3,75,5,74,2,80,4,76,3,63,6,71,3,65,4,79,1,68,10,76,11,67,6,77,3,74,2,75,10,64,6,-1,-1,16,10,11,7,25,13,34,14,59.76096,3,33,13,32,16,43,11,51,16,51.54639,1,61,9,57,15,64,6,60,10,67,14,59,1,67,11,67,16,60,16,70,19,73,3,62,5,70,6,65,10,66,10,70,14,64,16,67,21,68,12,72,23,64,8,67,10,67,15,73,18,53.59877,7,66,17,73,21,66,14,70,17,65.10417,5,66,16,67,9,63,14,69,9,-1,-1,70,15,75,11,86,3,71,7,75,3,75,9,84,9,73,14,67,8,71,14,74,20
5:24 PM,55.944057,6,64,12,67,8,70,10,75.54773,12,75.16803,17,26.621967,9,54.125877,6,64.17363,7,-1,-1,-1,-1,-1,-1,-1,-1,-1,0,52.279987,9,53.89106,16,141.35254,17,-1,0,-1,0,-1,-1,-1,-1,84.26967,3,83.31837,7,43.487263,7,-1,0,69.37798,2,74.44169,11,69.8306,18,-1,-1,-1,-1,65,9,62,17,64,18,69,11,74,15,75,18,78,6,79,8,84,3,71,2,76,8,80,10,63.577904,6,78.91413,2,82.72058,9,69.12441,3,48.355904,5,83.29744,8,55.029713,12,67.46626,9,55.788006,8,63.451775,5,66.00661,8,-1,0,-1,0,59.88024,2,45.95064,6,23.364485,2,57.471268,6,60.01847,13,51.981804,16,59.241703,5,47.169815,13,57.941376,17,62.26054,13,81.190796,12,53.727333,16,60.29685,13,62.499996,5,67.659,10,72.34727,9,59.523808,9,65.18904,10,48.54369,2,51.813473,8,53.19149,1,62.7615,3,74.906364,4,34.72222,1,69.44444,2,79.365074,6,-1,0,76.62836,8,68,3,75,6,72,9,78,1,68,6,76,4,67,2,72,1,73,10,80,9,65,12,73,10,74,2,81,4,69,13,-1,-1,21,12,23,11,32,13,36,12,71.42857,1,37,11,41,14,49,18,53,18,52.63158,1,55,12,52,18,64,5,60,6,61,17,62,7,62,8,64,14,64,11,70,12,69,4,71,5,66,3,66,5,65,15,73,14,65,13,70,9,66,16,75,17,50,15,59,22,66,12,76,12,58.309036,8,64,21,71,18,63,20,69,16,68.02721,8,69,11,73,14,60,16,67,10,-1,-1,70,10,77,9,84,9,74,10,72,4,73,7,81,7,70,13,71,9,72,14,72,18
5:24:30 PM,50.37179,7,59,18,59,10,67,12,81.90008,4,76.074554,12,25.174826,6,74.6281,14,54.142536,12,-1,-1,-1,-1,-1,-1,-1,-1,54.545452,1,69.220116,5,56.71431,13,141.67651,14,-1,0,-1,0,-1,-1,-1,-1,90.09008,2,-1,0,36.122814,6,49.140045,2,-1,0,54.545452,11,57.983017,14,-1,-1,-1,-1,65,10,62,13,60,16,70,8,74,12,74,21,70,9,78,14,81,8,71,8,73,7,77,7,71.48492,10,30.06253,1,52.966106,5,106.38298,2,53.19149,1,78.55672,10,74.66252,10,67.63788,13,72.46377,12,64.93507,7,27.700832,2,64.10256,1,-1,0,46.72897,4,44.37658,4,30.03003,2,54.347828,9,62.499996,10,64.82983,8,61.813187,9,64.87889,15,71.94245,8,64.87889,15,63.157898,12,50.25126,12,65.16588,11,72.9927,6,42.17432,9,59.726963,14,59.13272,9,62.597813,8,-1,0,68.55184,16,40.983604,1,69.44444,1,76.21951,5,42.134834,3,79.365074,3,-1,0,-1,0,-1,0,67,6,70,1,70,5,77,4,65,9,72,3,68,4,78,7,70,7,75,7,63,16,72,7,69,9,73,10,73,5,-1,-1,17,10,19,11,31,15,34,16,52.63158,2,36,12,42,12,52,17,56,20,43.859653,2,49,15,60,13,58,8,60,12,62,18,64,4,69,10,65,14,64,12,70,13,66,7,75,4,71,6,70,13,68,10,72,15,65,9,68,14,68,15,73,11,54,18,59,19,64,12,71,17,70.42254,4,70,12,76,12,45,22,61,17,80.645164,5,66,16,69,14,63,17,69,13,-1,-1,65,11,72,12,76,3,72,14,73,8,75,9,76,7,73,16,74,13,76,6,77,12
5:25 PM,51.216393,4,66,10,63,8,71,10,84.69792,6,85.58387,9,26.529892,5,72.8402,6,65.690506,13,-1,-1,-1,-1,-1,-1,-1,-1,61.287033,1,76.960075,8,63.058334,16,140.4604,6,-1,0,-1,0,-1,-1,-1,-1,85.03401,5,83.4558,6,37.291786,15,40.909092,9,51.83861,1,70.83826,7,59.013634,14,-1,-1,-1,-1,68,19,64,14,66,21,77,12,80,14,78,9,80,3,81,7,88,2,70,5,74,11,76,8,74.77531,7,113.63637,1,69.87578,9,42.918457,2,49.019608,3,79.728745,9,34.12503,2,72.34727,9,79.365074,6,54.884747,10,65.861694,12,79.365074,3,-1,0,60.06006,4,48.45309,7,-1,0,32.38342,5,57.747833,12,55.248615,14,62.56015,13,50.33557,9,64.82983,8,81.41763,17,84.427765,9,64.27605,19,61.457417,14,61.475407,3,56.23243,12,72.34727,9,48.644894,14,70.290535,15,45.04504,2,87.2093,3,35.294117,6,63.07339,11,37.453182,2,-1,0,79.365074,3,58.593754,3,-1,0,71.09004,3,77,6,82,1,69,9,77,5,67,9,72,4,72,7,75,4,68,7,74,5,66,9,69,10,71,6,73,7,67,10,-1,-1,24,13,24,13,23,12,19,10,66.44519,4,35,11,37,12,54,17,58,15,-1,0,51,18,53,24,63,10,62,13,66,15,63,8,66,9,67,21,64,8,68,17,67,5,68,6,66,4,72,4,70,8,74,11,60,21,63,21,67,13,75,15,61,20,72,11,64,13,71,17,65.66604,7,66,14,70,16,56,17,71,11,60.120243,6,63,15,69,13,62,19,67,14,-1,-1,68,16,74,10,78,4,76,13,65,5,73,11,77,8,82,6,74,8,72,11,77,12
5:25:30 PM,47.846893,9,65,13,66,12,67,18,81.90008,8,67.25704,12,27.060112,7,85.227264,5,79.88606,6,-1,-1,-1,-1,-1,-1,-1,-1,-1,0,80.2139,8,65.02354,5,149.0313,5,-1,0,-1,0,-1,-1,-1,-1,80.38586,5,78.09047,8,39.42181,11,-1,0,59.275837,6,68.67234,7,63.103928,16,-1,-1,-1,-1,71,10,65,14,66,16,75,8,70,10,80,10,78,11,77,7,83,10,68,4,74,6,77,6,80.18137,10,76.92984,7,64.308685,4,90.09009,6,42.735046,1,66.96134,7,71.31989,3,56.657223,8,99.99999,1,46.296295,9,66.28787,7,69.12441,3,-1,0,52.91005,2,52.7102,6,25.773195,1,56.818176,6,63.85696,10,53.353657,7,63.87921,11,49.226437,7,67.56756,6,55.555553,10,72.34727,9,66.666664,14,64.93507,7,66.666664,6,62.03474,10,58.36576,12,54.559628,14,70,7,53.00354,3,48.543686,13,-1,0,52.910057,6,-1,0,-1,0,46.72897,8,66.66667,2,-1,0,85.47009,2,73,3,75,2,77,5,85,4,59,12,70,7,71,5,77,3,68,10,74,12,66,7,69,6,69,4,72,11,73,9,-1,-1,28,9,23,12,19,11,22,8,57.915062,3,32,12,35,16,56,13,63,14,50.505047,2,52,14,54,20,62,7,58,19,61,20,64,7,65,15,70,15,63,12,68,18,64,12,65,14,71,5,70,10,72,8,69,15,61,16,62,25,65,14,70,26,65,12,72,14,70,13,77,9,61.34969,8,60,13,70,17,62,16,71,15,61.425056,10,66,13,74,11,60,17,69,13,-1,-1,67,11,72,16,81,4,76,9,74,6,74,6,78,5,71,9,72,17,72,20,73,16
5:26 PM,50.739952,2,64,7,59,3,72,5,83.55615,10,80.80808,8,27.708143,7,84.033,9,61.57434,14,-1,-1,-1,-1,-1,-1,-1,-1,71.30125,4,75.49544,8,76.36364,8,142.6025,8,-1,0,-1,0,-1,-1,-1,-1,77.639755,5,80.55088,13,43.04161,11,139.86014,1,104.85537,1,81.0081,9,68.82708,4,-1,-1,-1,-1,69,5,67,10,72,8,72,17,74,16,74,17,77,9,78,11,85,6,74,5,73,7,78,7,93.98801,8,75.757576,4,74.4249,11,70,7,49.019608,3,88.76644,8,88.778404,4,57.283142,7,83.682,4,65.789474,3,68.119896,5,66.66667,2,-1,0,-1,0,53.52692,8,28.08989,2,62.761505,9,63.87921,11,54.84461,12,85.47009,2,56.258785,8,62.7615,12,64.29278,13,75.75757,8,46.25736,11,64.338234,7,73.89163,6,64.70589,11,69.93007,8,62.17996,17,61.457417,14,49.999996,2,70.821526,10,42.735046,1,59.88024,2,68.119896,5,-1,0,58.411213,5,76.62836,4,-1,0,104.166664,3,67,3,72,5,76,6,81,3,62,9,72,7,69,6,76,6,72,7,80,4,61,12,69,13,69,3,73,7,67,11,-1,-1,23,13,24,12,30,15,32,15,58.685448,5,35,14,37,15,58,12,60,14,57.471264,1,52,14,56,14,64,2,59,13,63,18,64,6,63,20,66,20,61,11,69,20,66,6,67,15,66,12,67,16,68,14,73,17,62,15,67,16,64,19,70,24,59,16,67,23,70,11,78,19,59.101654,10,69,15,76,8,60,16,70,14,61.199512,10,65,8,70,13,64,19,72,10,-1,-1,67,12,73,13,82,5,73,12,71,5,73,10,82,10,75,12,73,10,74,14,75,15
5:26:30 PM,58.337387,4,56,12,60,16,65,17,79.96063,13,74.86631,14,29.325514,2,78.947365,11,65.67693,5,-1,-1,-1,-1,-1,-1,-1,-1,57.72006,4,66.972595,9,66.907394,12,141.81818,13,-1,0,-1,0,-1,-1,-1,-1,81.96721,4,82.19603,11,42.0659,6,42.613636,2,59.14918,1,73.46188,8,76.824585,9,-1,-1,-1,-1,67,8,66,13,62,15,74,11,72,11,76,14,79,6,80,14,84,7,72,5,74,10,78,9,81.26892,10,76.66621,9,85.71429,6,69.20415,4,-1,0,80.92522,9,75.75757,6,64.82983,8,81.69935,5,46.666668,7,64.377686,3,75.187965,2,-1,0,-1,0,51.50125,8,27.700832,2,57.471268,3,61.457417,14,60.373222,11,60.827248,5,56.625145,10,63.333332,19,67.319466,11,69.26952,11,55.511497,14,62.761505,9,59.422752,7,41.716324,7,64.377686,3,60.386475,10,66.137566,5,49.261086,4,58.411213,10,33.333336,4,60.97561,4,77.639755,5,35.971226,1,-1,0,38.684723,4,-1,0,89.82036,3,72,5,78,3,68,6,71,3,70,4,76,4,68,11,74,10,71,7,74,13,63,13,73,3,71,4,72,14,68,6,-1,-1,22,11,23,17,35,14,42,16,51.54639,1,41,12,37,15,54,18,58,16,-1,0,50,11,54,14,60,6,55,14,60,16,66,4,67,14,67,16,62,19,66,20,67,5,65,8,70,6,67,17,65,9,70,18,66,19,67,15,68,15,75,10,56,19,64,22,65,20,73,18,66.46971,9,71,12,75,18,66,18,74,9,59.931503,7,60,9,71,15,62,12,70,11,-1,-1,65,11,75,12,81,4,79,12,71,6,74,10,79,8,76,10,72,14,69,13,76,16
5:27 PM,57.315712,12,62,16,64,12,70,13,67.842606,1,53.371284,6,29.752066,3,74.8868,10,50.93499,15,-1,-1,-1,-1,-1,-1,-1,-1,49.88913,3,70.99191,12,71.61198,17,135.51666,4,-1,0,-1,0,-1,-1,-1,-1,78.12501,2,-1,0,45.0045,5,35.3904,8,62.77056,4,70.09345,11,73.59956,9,-1,-1,-1,-1,69,7,72,13,74,7,73,10,70,14,77,18,70,6,81,11,84,11,76,5,73,13,79,7,55.94999,10,73.78985,7,79.61783,10,75.0469,8,53.19149,1,88.76644,8,77.83312,7,62.499996,10,70,7,55.788006,8,77.639755,5,64.338234,7,-1,0,49.999996,1,61.184048,4,-1,0,52.950073,7,60.29685,13,52.30125,5,58.411213,5,38.31418,8,69.20415,12,75.54945,11,76.68712,15,56.818176,12,62.56015,13,60.06006,4,63.739376,9,63.291134,9,42.579075,7,70.67139,4,53.19149,1,62.642372,11,42.918457,2,65.466446,8,21.929827,1,35.046726,3,74.15255,7,69.44444,1,-1,0,58.593754,3,71,5,71,3,73,7,77,6,63,8,70,4,71,3,76,4,65,6,74,7,65,11,66,15,68,4,67,5,70,12,-1,-1,19,11,21,12,44,18,46,13,56.603767,6,42,13,44,16,51,14,57,14,45.87156,3,54,11,59,18,57,8,53,15,59,16,54,5,63,14,67,16,65,15,71,14,68,9,72,7,68,5,67,14,66,13,71,20,65,17,71,13,69,17,74,15,54,13,62,12,66,15,73,20,62.00677,11,62,19,72,14,66,13,74,14,70.75472,6,63,13,70,9,60,11,71,12,-1,-1,67,6,76,10,78,6,75,9,70,6,73,14,80,7,79,5,77,8,72,11,75,19
5:27:30 PM,35.281666,10,62,14,68,13,71,18,79.74482,8,79.18911,15,24.570023,1,78.181816,2,43.550476,5,-1,-1,-1,-1,-1,-1,-1,-1,89.41878,1,74.84796,8,65.55944,10,139.86014,1,-1,0,-1,0,-1,-1,-1,-1,80.645164,6,77.214455,2,39.241337,3,44.70939,1,65.21041,4,70.10983,15,68.229195,18,-1,-1,-1,-1,68,8,68,13,73,10,76,8,76,11,78,20,77,7,77,8,83,8,72,6,74,11,78,8,58.64601,13,66.67061,9,50.30181,10,77.369446,8,53.19149,1,83.053764,14,80.5116,7,69.93007,8,78.277885,8,56.818176,6,61.349693,6,78.12501,2,-1,0,51.54639,2,50.5733,3,-1,0,73.22175,7,59.090908,13,55.17827,13,55.61173,11,52.935513,11,60.72874,6,53.1511,14,83.333336,10,57.339447,10,62.26054,13,58.027084,6,62.761505,9,63.37136,10,66.137566,10,64.308685,8,50,3,72.70694,13,40.983604,1,60,6,60.240963,1,40.983604,1,71.09004,3,74.62686,1,-1,0,85.47009,2,72,5,77,2,70,6,73,1,64,9,71,8,70,5,72,1,69,4,76,3,66,8,72,6,68,2,69,19,59,9,-1,-1,17,11,16,5,37,16,41,12,60.60606,2,41,14,40,17,50,19,55,19,-1,0,57,12,57,17,59,5,57,14,60,19,52,9,63,14,66,14,62,14,70,17,64,7,68,10,65,11,69,13,67,9,72,10,67,14,68,16,68,14,71,18,56,17,63,18,65,15,71,14,54.824562,15,60,21,71,19,57,22,68,16,76.68711,5,66,11,73,8,62,17,69,11,-1,-1,71,10,73,9,77,3,81,5,75,6,70,6,80,14,75,8,72,13,74,11,77,14
5:28 PM,44.186237,9,59,17,67,9,70,14,68.63056,13,68.76633,10,26.5428,2,74.912895,11,64.22925,13,-1,-1,-1,-1,-1,-1,-1,-1,58.027077,1,73.71007,3,73.221756,11,139.86014,2,-1,0,-1,0,-1,-1,-1,-1,53.95684,3,75.99656,4,38.606487,7,-1,0,66.383255,2,69.48465,8,69.53387,9,-1,-1,-1,-1,64,11,66,13,69,17,73,13,74,15,80,13,82,5,83,6,88,6,71,9,71,7,77,13,92.27272,7,90.18759,3,51.02041,11,65.55423,11,52.91005,2,81.36925,7,75.15633,5,65.31205,9,69.93007,8,59.288544,6,69.93007,8,72.81554,3,-1,0,53.19149,1,60.491776,10,21.459229,1,53.00354,3,64,16,57.20824,15,63.559326,12,52.941177,9,68.07867,9,65.55944,15,77.18696,9,49.277267,15,60.66734,12,56.17978,4,62.949646,7,70.588234,12,61.728394,12,64.93507,14,56.17978,2,48.95961,8,34.72222,1,64.308685,4,71.09004,3,-1,0,69.44444,1,74.62686,1,-1,0,71.09004,3,69,4,74,4,73,10,83,2,64,7,69,4,73,12,73,11,70,5,74,9,72,3,73,3,70,4,75,7,67,13,-1,-1,11,5,16,9,40,14,40,21,55.555553,1,43,9,39,15,54,16,57,16,47.846893,2,60,16,65,15,68,1,62,13,66,17,63,5,60,13,62,21,62,15,68,14,68,4,72,4,65,6,70,12,65,15,71,17,71,10,77,9,69,18,77,9,61,15,66,18,65,14,69,16,51.813473,6,66,16,72,14,57,23,66,19,69.156296,10,64,11,72,16,60,17,68,9,-1,-1,67,15,75,11,77,1,78,6,73,5,74,11,82,8,72,10,72,14,72,12,76,13
5:28:30 PM,50.361572,13,60,12,66,7,69,10,61.332966,9,78.36991,16,26.621967,9,72.16783,8,65.15152,10,-1,-1,-1,-1,-1,-1,-1,-1,54.545452,1,40.225258,5,79.051384,8,140.21967,10,-1,0,-1,0,-1,-1,-1,-1,88.83248,7,98.46421,6,41.298244,13,35.039906,3,-1,0,75.58262,6,72.0072,8,-1,-1,-1,-1,67,7,66,12,70,18,73,10,72,14,79,16,78,5,80,6,88,3,74,3,76,7,79,8,71.64032,9,47.005733,8,103.09278,4,72.81554,3,34.72222,1,48.581635,12,65.30826,12,71.94245,6,75,6,59.34718,12,60.55363,7,64.10256,2,-1,0,62.111805,2,43.94236,8,28.409088,3,50,5,62.35386,16,63.559326,6,64.308685,8,41.841003,6,64.308685,8,64.70589,11,78.277885,8,52.966106,10,64.8415,9,75.07507,5,49.073063,9,68.07867,9,63.694267,8,72.72727,8,53.19149,1,44.59309,16,34.72222,1,69.44444,2,82.938385,7,47.393364,2,56.17977,3,-1,0,-1,0,113.63637,1,71,2,75,1,74,8,82,3,63,8,70,8,74,4,76,2,67,5,73,10,64,10,70,9,77,2,74,3,60,15,-1,-1,21,10,24,13,44,15,49,12,72.463776,1,46,14,44,18,53,16,57,19,76.33588,2,62,14,67,20,62,9,62,16,69,17,63,3,65,14,66,15,62,12,66,21,67,6,66,2,67,6,71,9,70,11,72,11,64,17,71,10,72,12,80,8,65,15,72,11,70,11,73,20,53.34281,15,65,21,69,15,58,17,67,14,69.08463,8,65,15,69,19,61,16,69,11,-1,-1,68,13,72,8,80,2,73,10,74,5,77,5,80,2,69,15,69,11,71,15,75,12
5:29 PM,51.539013,6,56,12,64,11,68,11,69.66214,8,80.80808,8,27.272728,7,53.427208,12,74.8868,12,-1,-1,-1,-1,-1,-1,-1,-1,75.75757,1,75.45814,7,58.14944,13,142.70613,9,-1,0,-1,0,-1,-1,-1,-1,90.09008,4,72.89231,8,37.86001,14,47.18465,5,52.72727,4,50.38841,4,58.16459,9,-1,-1,-1,-1,71,7,71,8,69,8,74,11,73,12,78,14,77,13,77,10,78,8,75,2,76,4,81,3,82.46565,13,64.713196,10,57.894737,11,50,11,42.735046,1,78.4632,9,74.27213,4,42.238647,16,64.655174,12,57.75578,7,62.111805,8,90.09008,2,-1,0,-1,0,47.573193,4,29.94012,1,54.021614,9,57.894737,11,58.26272,11,26.10966,2,67.91171,8,69.93007,8,52.91005,8,80.93526,9,56.772102,14,77.18696,9,99.99999,1,53.191494,12,70.09345,12,45.605305,11,73.98274,12,-1,0,61.1951,17,33.333332,3,52.91005,2,56.58436,11,35.971226,1,113.63637,1,61.475407,3,-1,0,-1,0,72,1,-1,0,74,3,-1,0,69,5,76,4,71,7,75,4,70,8,72,9,65,13,70,13,67,5,68,11,71,5,-1,-1,16,11,20,10,44,18,50,15,58.13954,3,40,12,40,17,55,19,58,17,-1,0,62,14,65,19,62,8,59,14,61,20,62,11,65,13,69,18,59,18,69,14,67,2,71,3,65,5,68,7,65,10,68,21,66,13,70,20,71,14,76,17,67,12,78,8,71,13,79,10,52.08333,11,68,13,71,18,51,22,62,15,71.42858,3,62,13,68,16,55,20,66,17,-1,-1,68,13,73,13,76,11,71,15,74,6,76,6,83,5,73,9,72,16,74,10,79,18
5:29:30 PM,42.986786,9,64,11,69,9,71,12,83.55615,5,71.8649,8,29.299257,6,50.259735,6,68.40909,7,-1,-1,-1,-1,-1,-1,-1,-1,57.72006,2,81.75978,7,62.125847,17,142.41632,10,-1,0,-1,0,-1,-1,-1,-1,76.21951,5,82.628876,9,39.669422,12,-1,0,38.607834,4,73.80982,10,57.416267,10,-1,-1,-1,-1,73,10,70,6,71,2,71,11,74,12,77,21,78,13,78,9,82,4,70,6,77,9,77,10,85.59623,7,75.757576,4,78.03122,13,72.46376,7,51.41388,4,67.8077,10,56.818184,6,70.224724,5,71.94245,2,38.436897,12,60.893097,9,64.10256,1,-1,0,14.044945,1,50.48235,5,24.999998,2,69.93007,8,55.46075,13,49.701786,10,16.077171,1,62.111797,6,62.28766,11,72.34727,9,84.88965,10,49.728752,11,65.07592,6,72.81554,3,52.950073,7,69.73501,10,51.54639,11,62.7615,12,47.393364,2,68.49315,7,-1,0,66.66667,4,75.187965,2,42.735046,1,63.451775,5,62.111805,2,-1,1,64.377686,3,-1,0,70,1,72,7,-1,0,63,7,68,2,72,6,72,6,65,7,79,8,63,13,70,11,68,8,74,16,65,10,-1,-1,25,9,26,7,48,12,56,15,62.30529,4,40,15,42,14,56,14,61,16,-1,0,56,19,59,17,62,5,53,18,58,19,57,4,64,13,66,22,61,12,68,21,65,13,69,14,69,6,69,10,61,10,71,11,68,9,72,13,71,15,76,16,66,14,71,17,68,13,76,6,59.422752,7,70,13,76,11,60,18,66,19,61.425056,5,62,16,68,15,62,16,67,14,-1,-1,65,10,72,16,78,7,72,7,66,9,70,11,75,10,75,7,73,13,72,12,78,23
5:30 PM,42.40657,8,61,11,62,14,64,17,65.70302,11,77.04161,8,26.850784,7,78.18182,6,67.63133,8,-1,-1,-1,-1,-1,-1,-1,-1,64.678406,6,67.99295,9,69.5256,17,130.80444,10,-1,0,-1,0,-1,-1,-1,-1,83.682,4,83.648994,2,35.78427,7,-1,0,-1,0,74.92507,10,70.47216,15,-1,-1,-1,-1,64,19,62,9,69,12,74,14,74,13,79,24,73,8,76,13,86,11,68,11,70,14,79,4,89.51998,8,71.31989,9,88.888885,8,66.28787,7,-1,0,86.967705,14,59.02166,15,55.98622,13,51.30597,11,41.666668,5,50.79826,7,76.21951,5,-1,0,71.94245,2,52.393944,7,29.498524,6,64.338234,7,57.840614,9,52.57009,9,57.471268,3,57.636887,8,60.01847,13,71.57464,7,70,7,63.291134,9,71.57464,7,75.07507,5,45.300114,8,70.09345,6,53.24298,11,71.42857,5,45.04504,2,46.189373,4,34.602074,2,57.471268,6,85.47009,2,-1,0,69.44444,2,81.96721,2,7.5557237,8,93.63295,5,68,2,78,4,73,2,-1,0,65,7,-1,0,75,3,76,1,67,7,72,11,61,10,72,7,67,3,68,12,68,14,-1,-1,28,14,28,13,49,16,55,17,-1,0,38,9,40,15,53,15,60,15,-1,0,60,12,64,20,62,9,62,15,65,18,63,9,63,13,63,19,66,12,70,19,68,6,65,10,64,12,65,19,64,9,69,27,72,14,74,7,72,12,77,12,65,17,73,13,70,17,77,18,56.17978,2,67,12,74,4,70,16,75,9,57.98969,9,63,12,70,18,56,18,63,17,-1,-1,70,12,74,10,85,7,77,8,73,8,74,7,79,6,79,4,74,7,76,7,79,10
5:30:30 PM,54.545452,8,66,11,65,5,65,7,79.28118,6,82.51959,12,27.652956,4,80.323784,7,53.93337,10,-1,-1,-1,-1,-1,-1,-1,-1,61.287033,4,73.80982,10,63.118473,13,169.39583,5,-1,0,-1,0,-1,-1,-1,-1,87.2093,3,77.41294,5,36.363636,8,35.41913,7,49.78744,3,70.15493,8,71.83334,15,-1,-1,-1,-1,64,9,66,12,67,21,74,6,75,7,80,11,75,8,78,10,82,8,76,6,73,12,74,7,63.577904,6,81.752785,2,80.97166,8,69.25208,5,-1,0,89.51998,8,69.29047,4,71.83909,15,70,7,55.732483,14,52.681995,11,70.67139,4,-1,0,53.19149,1,58.273045,3,-1,0,56.675064,9,56.625145,10,55.187634,10,59.523815,8,53.674652,13,64,16,68.610634,8,69.93007,16,55.658627,6,59.652927,11,69.44444,2,61.391544,9,67.56756,6,44.247787,9,67.04981,7,56.17978,1,70.42254,18,35.971226,1,71.09004,3,74.906364,4,-1,0,55.555553,5,40.899796,4,60.06006,4,76.62836,4,70,8,75,6,70,2,79,4,58,4,70,6,67,7,74,1,70,8,73,5,64,11,68,8,69,5,72,8,64,16,-1,-1,23,12,26,12,47,14,52,12,52.083336,1,32,12,43,16,55,13,56,15,43.10345,1,63,13,69,15,66,3,60,16,64,20,60,8,62,18,63,18,66,16,70,17,69,5,66,12,69,2,64,10,67,14,68,16,65,7,71,6,74,6,75,2,67,12,73,13,67,15,76,13,61.34969,2,70,17,73,18,61,17,71,8,71.42857,4,68,12,74,9,61,17,67,19,-1,-1,65,17,73,12,79,9,80,6,65,8,69,12,78,14,73,13,71,12,68,13,76,19
5:31 PM,47.60825,7,40,22,56,12,65,17,56.395218,10,73.7463,11,28.043934,8,74.7489,9,65.15151,6,-1,-1,-1,-1,-1,-1,-1,-1,-1,0,83.59457,8,78.12501,11,140.58107,5,-1,0,-1,0,-1,-1,-1,-1,90.09008,2,81.941864,4,37.2748,6,33.259422,4,62.77056,4,66.357,10,64.883575,15,-1,-1,-1,-1,65,11,68,12,71,15,73,12,71,17,77,17,72,5,76,9,83,5,66,9,70,13,74,12,84.80949,7,82.58456,5,55.555553,5,69.12441,3,-1,0,78.31976,13,71.80813,8,70.32349,10,70,7,58.997047,8,62.7615,3,57.471268,6,-1,0,69.44444,2,50.48235,5,30.257185,4,51.124744,5,60.29685,13,55,11,55.46075,13,42.492916,6,53.475933,12,70.821526,10,75.45272,15,52.966106,10,59.068798,17,34.72222,1,69.20415,4,75.07507,5,67.20431,10,72.9927,6,45.04504,1,66.8239,17,33.78378,3,66.137566,5,75.187965,2,-1,0,65.35948,4,-1,0,86.50519,5,107.91368,3,69,4,77,5,74,9,78,7,64,6,74,6,73,4,77,1,66,8,75,6,67,10,71,9,68,7,70,10,66,12,-1,-1,18,11,20,12,47,12,52,17,52.083336,2,36,13,38,15,52,14,59,19,45.871555,1,62,14,68,15,64,5,65,12,70,12,66,5,63,17,66,21,61,20,65,18,68,6,65,13,68,6,66,11,66,17,71,17,61,14,65,17,71,12,78,12,67,8,71,1,67,12,76,10,52.4109,15,69,17,76,12,57,17,60,18,66.22517,4,68,12,74,7,63,13,72,8,-1,-1,64,20,71,17,76,3,76,12,69,6,74,11,75,7,72,10,70,17,72,16,77,19
5:31:30 PM,48.97459,8,52,15,63,12,66,15,93.479774,8,73.07805,5,26.816841,5,50.72349,10,65.15151,12,-1,-1,-1,-1,-1,-1,-1,-1,68.4671,3,86.033844,5,60.109917,10,142.70613,9,-1,0,-1,0,-1,-1,-1,-1,78.82882,7,60.83563,6,41.911987,7,-1,0,54.438183,4,83.59457,8,74.719795,14,-1,-1,-1,-1,67,10,67,9,68,13,72,15,73,13,80,15,78,12,79,9,87,9,71,3,75,7,75,4,69.74507,4,68.04573,2,79.365074,6,67.20431,5,40.983604,1,67.94751,11,80.78415,3,65.55423,11,74.94647,7,59.523808,9,67.340065,8,66.66667,2,-1,0,53.00354,3,45.938107,5,31.779663,3,60.55363,7,65.31205,9,37.505863,16,51.30597,11,41.716324,7,66.137566,10,48.75887,11,60.386475,10,62.66786,14,67.340065,8,89.82036,3,57.894737,11,65.73541,16,62.7615,3,70.67139,4,-1,0,60,15,34.72222,1,69.44444,2,71.09004,3,53.19149,1,113.63637,1,53.19149,1,60.97561,4,71.94245,2,73,5,71,1,73,6,81,10,68,10,73,6,73,5,81,5,63,8,77,5,59,8,75,4,70,8,72,9,52,10,-1,-1,28,15,27,14,45,15,55,12,66.96428,3,35,11,35,15,52,15,58,17,41.66666,2,62,9,66,23,70,3,61,17,70,16,60,5,69,13,69,9,62,20,67,21,74,4,61,13,67,7,65,16,65,15,66,16,64,16,66,22,68,19,74,19,67,12,72,10,71,12,79,6,49.656227,13,67,11,75,10,59,16,69,12,55.762077,3,61,13,67,15,67,13,73,8,-1,-1,67,9,77,7,76,6,77,12,68,8,72,8,79,8,71,14,72,7,73,7,77,12
5:32 PM,49.95837,11,58,18,64,12,70,13,62.011665,10,81.35042,16,23.096169,6,75.4512,7,64.781334,7,-1,-1,-1,-1,-1,-1,-1,-1,61.287033,2,66.92694,12,62.125847,17,143.00307,7,-1,0,-1,0,-1,-1,-1,-1,87.2093,6,77.41294,5,36.57262,7,39.241337,1,-1,0,71.63568,7,52.6162,6,-1,-1,-1,-1,70,11,67,13,69,20,74,11,76,7,79,18,81,4,81,8,91,2,66,6,67,10,74,13,63.131313,10,74.76077,6,83.333336,5,81.96721,2,-1,0,77.94768,9,71.02273,5,55.187634,10,79.365074,3,52.26481,9,62.597813,8,-1,0,-1,0,69.44444,1,50.12176,6,29.205606,5,48.123196,10,50.93378,18,48.387096,15,57.471268,6,56.258785,8,60.240967,17,55.487057,9,81.25,13,35.561874,10,48.123196,10,77.12082,6,57.670124,10,61.652287,10,60.714287,17,64.63528,14,53.19149,1,40,4,34.72222,1,70.67139,4,-1,0,39.682537,3,73.22175,7,72.81554,3,26.455025,2,78.12501,4,67,2,76,4,73,4,73,1,65,10,76,8,72,7,78,8,73,4,78,3,57,13,71,4,66,3,76,4,64,11,-1,-1,26,11,33,13,43,15,52,15,71.42857,1,41,12,41,15,46,13,55,14,48.7013,3,64,12,67,17,70,5,64,10,68,20,68,2,63,18,66,19,66,12,71,7,69,4,77,3,74,4,63,20,63,15,68,17,66,11,70,17,69,12,76,21,53,16,58,15,71,9,78,5,54.216866,9,71,12,77,5,62,16,70,12,70.42253,5,62,16,68,16,62,19,70,14,-1,-1,70,11,79,6,80,6,73,9,70,5,71,7,78,7,64,5,65,14,71,13,77,21
5:32:30 PM,56.16809,9,59,16,65,16,67,13,87.20296,8,80.756805,7,26.975992,5,64.20039,9,73.84933,12,-1,-1,-1,-1,-1,-1,-1,-1,61.287033,2,74.2115,4,55.75616,10,139.86015,3,-1,0,-1,0,-1,-1,-1,-1,75,3,78.72846,4,34.52244,7,38.143673,4,57.312252,4,67.99295,9,62.738346,17,-1,-1,-1,-1,68,8,72,5,73,7,67,9,74,11,78,20,80,10,82,12,83,3,68,6,73,8,79,4,84.17509,10,77.1724,8,59.97001,8,83.333336,10,-1,0,80.05152,6,73.156456,3,70,7,70.09345,6,42.857143,6,46.904312,5,90.09008,2,-1,0,53.19149,1,55.267868,7,26.455025,1,57.471268,3,50.607285,5,53.71531,12,58.411213,5,59.13272,9,66.00661,8,67.49156,12,79.8722,15,58.411213,10,64.26735,15,51.90311,3,39.717564,9,58.67014,9,53.89718,13,66.90997,11,47.393364,2,50.946136,21,42.918457,2,60.06006,4,79.365074,3,29.94012,1,38.31418,2,89.285706,1,99.99999,2,77.639755,5,74,2,77,3,71,3,77,4,68,6,74,3,75,6,78,10,69,14,72,11,68,3,72,4,63,6,71,7,76,5,-1,-1,21,10,23,12,49,14,52,14,57.339447,5,43,13,49,13,47,18,54,16,52.91005,2,63,10,69,12,71,2,61,16,68,16,66,4,66,13,68,17,62,19,66,18,60,4,65,3,62,3,72,7,71,8,74,10,70,14,70,15,70,11,75,13,50,12,51,22,63,16,69,19,58.139526,5,71,10,76,5,68,15,76,6,55.43237,5,67,13,70,9,59,23,68,15,-1,-1,69,14,75,14,79,4,69,8,78,5,77,13,80,5,69,11,69,15,71,13,76,17
5:33 PM,54.874702,10,60,18,64,16,68,11,57.339447,11,61.652287,11,28.379528,5,72.8402,6,82.26201,10,-1,-1,-1,-1,-1,-1,-1,-1,-1,0,68.181816,5,82.573135,10,139.86015,3,-1,0,-1,0,-1,-1,-1,-1,74.62686,1,77.214455,1,35.312122,15,-1,0,57.312252,2,72.72727,6,56.759056,10,-1,-1,-1,-1,72,4,68,11,69,15,71,13,75,18,78,17,81,11,81,10,86,8,75,5,77,15,77,4,67.77284,8,69.53274,7,57.471264,9,77.77778,7,42.918457,2,57.612843,5,77.06535,11,65.35948,4,73.52941,4,57.283142,7,59.241703,5,64.10256,1,-1,0,59.88024,2,45.323475,7,29.94012,1,62.04757,12,58.997047,16,56.726097,7,58.411213,5,56.675064,9,66.66667,4,83.48794,9,86.50519,5,51.67959,12,67.319466,11,52.91005,2,42.19409,6,62.814075,15,33.20053,10,65.31205,9,45.045044,3,73.52941,8,35.335693,2,58.593754,3,64.10256,2,-1,0,72.81554,3,63.451775,5,-1,0,-1,0,71,6,71,3,71,6,81,2,62,6,72,4,71,4,78,3,68,5,73,9,65,16,68,10,71,2,76,2,54,7,-1,-1,10,7,16,4,51,16,53,17,56.980057,4,46,9,48,16,49,16,57,16,67.56757,1,59,13,64,17,63,5,65,14,69,11,63,4,64,15,71,16,64,15,72,18,59,3,62,2,64,6,64,10,64,11,65,14,70,12,72,13,72,17,75,22,59,13,61,14,66,16,71,17,43.24324,8,65,17,72,13,62,14,70,8,75.07507,5,69,10,77,6,61,17,68,7,-1,-1,66,15,73,14,78,3,73,12,74,8,76,9,78,4,69,11,69,12,77,12,79,13
5:33:30 PM,46.506477,7,70,8,66,7,71,8,84.697914,9,62.91286,12,24.86119,10,46.90909,10,74.19641,7,-1,-1,-1,-1,-1,-1,-1,-1,71.77034,3,67.75833,4,64.39961,9,139.86014,2,-1,0,-1,0,-1,-1,-1,-1,85.03401,5,87.709625,3,38.55851,13,-1,0,-1,0,74.5496,6,76.824585,9,-1,-1,-1,-1,66,6,65,14,69,15,74,14,77,11,81,15,84,2,80,9,81,3,76,9,76,7,79,6,77.722984,15,76.78133,6,67.659,10,75.0469,8,19.904457,5,79.76894,8,73.07805,8,51.25285,9,71.70795,11,61.57636,5,67.56756,6,66.66667,2,-1,0,-1,0,44.37658,4,24.660913,4,44.091713,5,60.362175,12,52.91005,8,68.610634,8,60.362175,12,68.87052,15,63.89776,12,82.72058,9,60.51437,8,80,4,62.7615,3,54.773087,7,73.924736,11,58.411213,10,66.84492,15,45.04504,1,56.2701,7,35.335693,2,57.75578,7,75.187965,2,35.971226,1,52.941177,9,65.789474,3,-1,0,51.54639,2,70,5,71,2,73,6,74,4,61,7,77,6,70,4,77,2,72,7,75,7,62,9,68,10,73,5,68,13,58,7,-1,-1,23,10,27,10,45,15,53,19,57.14286,4,47,15,44,17,49,14,56,15,59.523815,2,58,18,63,15,65,2,61,16,67,16,57,5,68,14,71,8,64,15,71,15,68,13,70,13,67,5,68,8,63,12,65,16,69,10,71,10,73,8,80,5,66,19,69,22,70,13,74,16,58.997047,4,69,17,72,19,57,18,67,18,72.85975,8,67,6,74,9,65,11,70,8,-1,-1,70,13,73,7,79,3,75,10,75,5,76,6,80,6,72,7,72,12,76,11,77,17
5:34 PM,50.37179,7,59,13,68,8,68,12,74.341545,14,79.46599,10,24.603273,10,74.22324,9,59.014057,10,-1,-1,-1,-1,-1,-1,-1,-1,67.75833,2,83.59457,8,77.35377,10,144.30014,5,-1,0,-1,0,-1,-1,-1,-1,75.187965,2,79.6657,5,41.55125,11,-1,0,64.07828,1,66.518845,4,65.42184,8,-1,-1,-1,-1,63,9,69,4,70,9,75,9,78,10,79,15,79,8,78,8,82,9,78,4,74,8,80,4,79.090904,6,71.31989,3,73.20644,10,68.337135,6,47.393364,2,94.15584,10,71.02273,10,67.91171,8,67.698265,7,42.872456,8,65.18904,10,74.906364,4,-1,0,74.62686,1,55.470722,5,26.455025,1,55.147057,6,65.07592,12,54.667786,13,60.01847,13,65.07592,6,62.326874,9,68.75,11,83.547554,13,54.667786,13,63.636364,14,69.44444,2,63.291134,9,66.137566,5,53.816048,11,67.46626,9,45.04504,2,42.17432,9,42.918457,2,62.7615,3,89.285706,1,37.878784,4,60.97561,4,81.96721,2,-1,0,96.15385,3,68,1,72,3,67,2,73,2,56,11,66,7,68,6,78,6,73,7,72,10,70,4,72,8,69,4,69,13,71,5,-1,-1,30,12,39,12,45,18,55,13,51.54639,2,42,11,46,17,52,17,58,20,53.00354,3,56,13,64,16,67,1,62,20,67,15,62,3,60,15,66,16,67,10,71,11,57,17,55,16,65,13,67,14,67,13,72,13,70,12,70,16,71,15,73,14,65,6,72,6,71,13,76,19,55.401665,4,71,14,71,16,58,16,65,19,59.52381,6,65,14,71,13,65,10,72,9,-1,-1,71,9,79,8,83,4,78,6,75,10,72,7,78,8,67,8,71,10,72,11,79,14
5:34:30 PM,56.103897,9,63,11,63,10,69,13,90.90909,9,69.77672,7,26.943422,9,74.10599,8,58.170994,9,-1,-1,-1,-1,-1,-1,-1,-1,57.822037,3,90.24064,9,74.36261,11,139.86015,3,-1,0,-1,0,-1,-1,-1,-1,112.35956,2,95.59885,3,31.298904,11,41.259796,5,55.25313,2,72.72727,6,74.92507,10,-1,-1,-1,-1,69,3,68,5,72,11,71,10,73,10,79,18,79,8,85,8,89,5,76,8,71,4,76,9,71.71118,11,75.32714,7,88.888885,8,74.906364,4,42.735046,1,72.16324,9,72.2265,6,60.373222,11,61.188812,7,62.761505,9,58.997047,8,79.365074,3,-1,0,53.19149,1,48.393417,8,28.328611,4,52.91005,2,58.50585,13,51.85185,14,62.597813,8,57.531376,11,62.761505,9,72.0072,16,70.67139,4,60.918465,13,64.93507,7,83.682,4,56.23243,12,66.964294,9,65.885796,9,70.67139,4,52.91005,2,83.1025,6,42.735046,1,69.44444,1,-1,0,35.971226,1,60.06006,4,-1,0,-1,0,69.12441,3,67,2,75,2,71,2,75,2,68,5,67,2,68,9,71,7,71,8,77,8,72,12,69,10,68,3,74,8,61,17,-1,-1,43,11,38,16,48,13,53,12,69.44444,5,47,10,47,17,57,16,62,18,49.504955,3,58,11,62,20,63,4,61,15,66,17,61,2,62,18,67,15,60,16,68,14,63,10,60,15,58,17,63,17,68,8,72,8,69,11,71,13,69,10,74,16,65,13,69,13,67,9,71,4,61.403515,7,71,14,75,17,68,14,72,17,64.10257,5,64,13,67,17,61,16,69,18,-1,-1,68,9,78,10,82,3,70,9,76,4,75,10,83,6,73,9,69,10,71,10,75,8
5:35 PM,52.616196,9,56,17,58,13,69,9,84.69792,3,75.757576,10,31.456434,5,82.586426,9,65.15151,6,-1,-1,-1,-1,-1,-1,-1,-1,67.06408,3,79.87828,7,70.10126,12,151.51514,2,-1,0,-1,0,-1,-1,-1,-1,76.62836,4,67.6711,1,31.590033,12,-1,0,46.136356,2,75,11,76.001175,13,-1,-1,-1,-1,67,9,68,10,72,12,71,10,74,11,78,8,81,5,77,10,83,9,78,3,77,10,82,7,66.30694,10,68.25006,4,54.884747,10,83.93286,7,-1,0,89.238625,7,68.25006,4,70.546745,8,67.698265,7,46.583855,6,59.422752,7,66.66667,2,-1,0,65.789474,3,63.21662,5,35.54502,3,62.111797,6,60.386475,10,52.250805,13,52.30125,5,50.000004,7,68.337135,6,80.4829,16,86.50519,10,59.13272,18,64.308685,4,71.42857,5,63.694267,8,73.20644,10,57.624115,13,72.75132,11,56.17978,1,70.043106,13,33.955856,4,75.07507,5,78.82882,7,-1,0,106.38298,2,89.285706,1,-1,0,89.82036,3,73,3,75,3,65,6,76,2,70,6,67,2,69,5,78,2,67,7,76,4,68,10,75,8,74,5,71,15,68,14,-1,-1,37,11,38,10,45,19,55,16,60.240963,4,52,12,53,13,57,17,63,19,50.76142,2,58,15,63,20,69,3,61,18,66,18,70,3,61,18,64,17,59,18,68,15,66,7,68,11,60,10,57,20,62,12,69,15,72,8,72,11,71,11,77,9,66,10,71,18,69,14,73,18,73.17073,3,68,6,72,2,62,23,73,15,56.603767,3,67,14,69,16,66,18,67,16,-1,-1,69,11,79,12,80,3,75,8,76,4,77,8,77,5,74,9,72,11,72,15,77,23
5:35:30 PM,52.67265,9,59,19,65,8,70,13,82.81192,9,80.16675,10,25.09279,8,77.15311,6,67.67817,10,-1,-1,-1,-1,-1,-1,-1,-1,57.72006,2,70.10983,5,77.15725,7,139.86014,1,-1,0,-1,0,-1,-1,-1,-1,79.365074,3,77.41294,5,45.328636,3,39.241337,1,-1,0,72.72727,8,70.99191,12,-1,-1,-1,-1,68,13,70,8,73,12,72,13,75,12,80,18,72,12,79,12,83,10,77,6,74,9,75,5,62.837063,9,62.300644,5,75.54945,11,62.7615,3,46.082943,2,81.26892,10,74.870224,9,75.75757,8,77.369446,8,61.391544,9,64.10256,2,-1,0,-1,0,57.471268,3,56.136364,5,-1,0,59.523808,9,62.66786,14,50.607285,5,53.00354,3,65.703026,10,68.59756,9,55.487057,9,90.09009,6,61.728394,12,68.807335,12,69.44444,2,56.58436,11,62.7615,3,61.391544,9,73.22175,7,-1,0,62.172775,19,41.841,2,64.377686,3,72.674416,5,42.735046,1,65.35948,4,60.240963,1,-1,0,99.99999,1,66,2,73,1,70,4,74,1,65,9,71,2,68,5,71,4,71,6,75,7,60,10,71,6,76,4,76,9,54,11,-1,-1,50,10,53,9,51,14,55,11,60.72874,3,46,14,55,17,54,15,62,17,55.24862,2,58,16,64,19,63,6,61,13,61,18,65,3,61,15,66,17,57,17,64,17,68,13,69,14,66,8,62,17,57,15,67,16,69,6,73,12,72,9,78,10,66,10,73,9,71,12,74,14,54.94505,11,64,15,71,21,68,5,72,4,72.614105,7,66,13,72,18,60,21,68,16,-1,-1,68,16,74,16,78,8,75,12,63,5,73,12,76,8,68,13,69,15,72,15,75,17
5:36 PM,42.022694,10,59,15,62,12,68,15,73.67026,10,83.14855,6,30.672232,6,68.08286,8,68.943405,8,-1,-1,-1,-1,-1,-1,-1,-1,79.435135,3,71.87542,9,64.42376,12,139.86014,2,-1,0,-1,0,-1,-1,-1,-1,96.15385,3,64.76051,4,47.846893,2,-1,0,75.63338,1,95.454544,7,77.92208,5,-1,-1,-1,-1,71,4,70,11,72,12,72,12,75,13,78,19,73,5,78,9,80,9,62,6,72,9,76,6,54.38044,5,63.840656,4,40.650406,7,69.23077,9,42.857143,3,66.64215,10,66.28788,7,59.422752,7,70.09345,6,53.846153,7,68.07867,9,81.96721,3,-1,0,-1,0,53.125896,3,29.027578,4,65.35948,4,56.726097,7,55.147057,6,53.19149,1,35.75685,6,65.703026,10,58.07201,10,77.26269,14,51.706306,10,73.22175,7,89.82036,3,62.26054,13,70,14,59.34718,12,63.85696,10,48.54369,2,29.205606,5,36.284473,5,70.67139,4,74.62686,1,42.735046,1,69.44444,1,64.10256,1,-1,0,69.44444,1,69,4,69,1,70,4,77,2,66,6,72,4,71,6,78,4,71,9,82,6,68,11,70,6,66,4,74,7,58,11,-1,-1,63,11,64,9,47,15,52,12,-1,0,48,12,52,15,57,16,62,17,51.813473,4,62,12,63,16,64,6,61,12,65,21,53,8,61,13,62,17,61,16,69,22,67,6,68,3,63,14,57,12,55,13,57,16,69,16,70,12,70,10,76,9,69,9,76,11,70,11,76,15,54.869682,8,68,16,72,14,63,21,69,19,-1,0,71,4,74,4,62,14,68,17,-1,-1,68,13,73,15,78,1,72,15,66,10,73,12,74,12,69,9,68,14,68,13,77,17
5:36:30 PM,43.782307,12,62,13,63,7,67,15,88.26125,4,80.05693,9,23.376623,3,74.7489,9,64.17363,7,-1,-1,-1,-1,-1,-1,-1,-1,67.75833,2,61.88301,7,70.61989,12,141.98383,12,-1,0,-1,0,-1,-1,-1,-1,90.09008,4,56.818184,1,39.42181,11,39.065678,8,55.58598,1,69.66214,10,66.357,10,-1,-1,-1,-1,66,3,70,6,73,5,72,9,72,14,78,13,74,8,76,7,83,9,65,8,72,12,74,9,84.02008,9,56.81818,5,96.46303,6,56.17977,3,-1,0,79.76894,8,67.64069,9,50.8647,10,69.87578,9,42.839657,7,63.559326,6,71.94245,4,-1,0,-1,0,58.551617,8,26.455025,2,54.773087,7,63.85696,10,59.523808,9,57.471268,3,58.997047,12,60.85842,19,63.636364,7,75,15,46.25736,11,67.2182,13,49.999996,1,63.694267,8,48.231514,6,60.82725,15,69.87578,9,48.54369,2,52.212826,21,42.735046,1,75.07507,5,74.62686,1,-1,0,77.31959,3,74.62686,1,-1,0,85.47009,2,73,5,-1,0,73,3,73,1,66,6,74,1,71,3,76,4,71,8,76,2,63,9,76,5,70,4,74,10,68,10,-1,-1,68,12,77,9,39,20,50,14,45.04504,2,43,8,43,13,53,14,56,13,52.91005,2,63,15,66,14,65,6,66,13,65,15,63,6,58,15,60,23,68,12,72,15,65,6,72,6,58,6,60,12,52,10,45,17,67,10,71,14,71,18,75,17,67,9,71,13,74,8,79,12,50.403225,10,71,13,74,14,62,19,71,12,54.878048,9,66,10,70,20,67,12,69,4,-1,-1,68,13,75,17,80,4,72,13,63,6,72,13,77,10,69,15,69,17,70,12,74,16
5:37 PM,41.426926,15,59,13,58,10,65,13,74.39369,10,77.416504,14,27.156342,7,86.22995,4,59.99628,9,-1,-1,-1,-1,-1,-1,-1,-1,51.701855,2,57.244106,7,70.33492,14,142.83588,16,-1,0,-1,0,-1,-1,-1,-1,58.997047,4,74.81649,2,39.42181,11,46.62005,1,60.407677,8,70.10983,10,77.83655,13,-1,-1,-1,-1,71,3,65,7,75,12,70,19,74,10,75,19,74,11,82,6,85,4,68,6,72,13,76,9,65.60629,13,74.17518,5,77.18696,9,77.31959,3,46.082943,2,66.35143,9,46.006626,4,63.636364,7,61.7284,7,52.151237,8,64.26735,5,60.06006,4,-1,0,51.54639,2,50.955853,6,-1,0,76.04563,12,61.199512,10,55.28255,18,58.708416,18,63.694267,8,60.29685,13,76.47059,13,83.57915,17,55.331993,11,60.82725,15,62.111805,2,50.30181,10,62.642372,11,58.708416,12,50,6,56.17978,1,69.23077,9,35.273373,4,48.92368,5,70.09345,6,-1,0,67.04981,7,-1,0,-1,0,-1,0,-1,0,70,1,75,4,76,1,65,5,72,4,73,4,-1,0,72,11,76,12,68,11,72,6,74,4,76,5,70,9,-1,-1,71,10,70,8,38,17,60,14,55.24862,6,41,15,43,14,45,16,58,17,-1,0,62,12,67,16,65,5,65,11,66,21,59,6,70,14,67,14,60,14,66,22,64,5,66,2,66,6,68,8,64,11,64,16,68,12,73,11,72,14,77,14,69,14,73,17,70,9,76,12,56.10098,8,74,8,76,11,71,15,73,13,67.36527,9,67,12,70,13,67,10,69,20,-1,-1,71,9,74,4,82,2,74,18,76,7,75,7,80,3,72,8,73,15,72,9,75,20
5:37:30 PM,38.61169,15,57,19,59,13,62,19,77.30364,5,61.508183,10,30.67798,5,73.295456,10,68.983955,12,-1,-1,-1,-1,-1,-1,-1,-1,-1,0,91.28947,4,64.984184,9,140.30986,8,-1,0,-1,0,-1,-1,-1,-1,-1,0,72.12848,2,37.05174,14,47.846893,2,61.51515,4,49.511757,6,71.23473,14,-1,-1,-1,-1,62,13,64,16,67,18,74,11,76,8,79,22,73,7,78,7,83,3,73,3,77,9,79,4,83.29744,8,84.80325,1,58.57295,11,83.93286,7,53.19149,1,74.13089,11,74.76077,6,52.30125,10,49.57507,7,41.97761,9,43.424316,7,-1,0,-1,0,52.91005,2,48.88508,6,30,3,51.54639,11,51.085567,8,51.85185,14,60.66734,12,64.23983,6,63.739376,9,56.69738,16,75,12,45.41701,11,62.18905,15,69.20415,4,60,6,69.25208,10,52.677788,12,75.75757,8,-1,0,64.93507,14,53.19149,1,52.91005,4,81.96721,4,35.971226,1,71.09004,6,-1,0,-1,0,31.779663,3,68,5,69,3,63,1,75,2,65,6,68,5,67,7,74,3,67,6,79,7,63,16,72,11,69,4,72,9,71,6,-1,-1,68,15,71,6,58,13,68,10,56.657223,4,43,14,50,15,49,17,58,14,-1,0,60,13,68,13,64,7,60,14,65,12,62,5,66,13,65,18,66,15,69,13,65,8,69,9,68,6,69,8,66,10,67,15,70,7,75,9,73,3,78,5,66,14,72,14,72,15,74,15,60.120243,6,72,8,78,9,72,8,76,9,66.1157,8,73,9,74,10,59,18,68,12,-1,-1,64,13,72,20,85,2,78,9,67,7,75,5,79,4,68,14,69,11,72,19,77,22
5:38 PM,51.40409,9,65,15,65,10,65,15,74.39369,10,77.30364,5,32.71092,4,65.35899,7,49.643757,7,-1,-1,-1,-1,-1,-1,-1,-1,63.424946,2,56.116722,10,28.409094,4,144.30014,5,-1,0,-1,0,-1,-1,-1,-1,77.12082,12,76.65289,14,37.250557,14,41.797283,2,63.782986,3,81.716034,4,73.46188,8,-1,-1,-1,-1,61,13,62,15,66,11,72,12,75,18,78,22,75,8,78,6,84,7,66,5,72,5,76,4,81.87464,4,81.752785,2,76.14213,6,69.44444,2,35.971226,1,70.11606,12,80.78415,6,66.425125,11,70.67139,4,55.788006,8,68.119896,5,-1,0,-1,0,57.471268,3,51.79826,8,26.455025,2,66.137566,5,54.945053,13,54.30566,14,60.72874,6,53.635277,9,68.21283,10,73.98274,12,70,7,58.86427,17,67.49156,12,57.471268,3,58.997047,12,65.789474,19,52.30125,10,65,13,47.16981,1,73.20644,10,34.72222,1,70.224724,5,-1,0,-1,0,59.88024,2,90.09008,2,-1,0,17.667847,1,72,1,-1,0,70,6,70,5,63,4,72,2,71,5,74,4,72,7,81,5,66,7,70,7,67,12,75,9,73,5,-1,-1,72,9,69,7,59,14,69,8,59.88024,2,36,14,44,14,56,14,62,19,54.347828,1,55,14,63,19,66,5,62,13,68,16,65,5,66,12,68,14,65,12,69,18,66,14,64,17,67,9,70,14,67,14,70,15,68,6,71,9,72,8,79,10,70,6,75,7,71,7,78,10,62.5,4,71,13,73,13,69,13,76,10,67.75068,5,73,7,76,6,67,10,70,10,-1,-1,67,10,74,13,75,6,71,16,64,5,74,7,78,3,72,7,74,8,75,10,80,16
5:38:30 PM,50.143932,9,62,11,65,11,66,8,78.609085,17,75.13148,18,24.307241,5,66.88559,9,61.079548,5,-1,-1,-1,-1,-1,-1,-1,-1,66.518845,4,58.932663,9,70.564514,11,140.21967,10,-1,0,-1,0,-1,-1,-1,-1,84.26967,3,77.41294,5,38.745785,9,37.2748,6,70.70707,4,56.296913,9,38.23279,6,-1,-1,-1,-1,67,11,66,10,68,13,72,9,80,8,82,12,76,11,79,8,85,9,66,6,74,7,78,4,77.54011,10,66.5838,3,81.69935,5,93.16771,3,40.983604,1,80.92522,9,68.181816,6,53.635277,9,70.8502,7,47.669495,9,65.789474,6,66.66667,2,-1,0,52.91005,2,55.306767,4,30.03003,2,52.910057,6,58.922558,7,57.471264,9,53.00354,3,62.814075,15,52.94507,16,62.04757,12,65.43075,12,62.642372,11,61.188812,7,77.31959,3,48.76219,13,64.29278,13,61.728394,12,63.667233,15,56.17978,2,69.28406,6,31.38075,3,57.14286,4,74.62686,1,39.16449,3,69.12441,3,-1,0,-1,0,79.365074,3,70,2,69,2,70,4,66,1,64,10,69,3,68,5,76,4,70,6,80,12,72,4,79,5,73,3,73,7,66,15,-1,-1,63,12,72,7,62,14,68,9,71.94245,6,56,8,48,10,52,13,60,15,46.2963,3,59,16,67,20,67,9,61,13,68,16,64,5,62,14,69,16,63,16,68,16,70,7,69,8,70,13,66,15,66,14,71,17,62,16,69,15,68,13,76,13,68,6,77,9,73,11,82,11,55.45287,6,71,12,77,10,64,17,72,14,92.5926,3,69,10,75,11,68,10,74,9,-1,-1,68,10,77,9,84,4,74,5,69,8,73,9,80,10,71,7,67,5,70,14,80,19
5:39 PM,57.471264,11,63,20,64,8,69,16,79.42326,13,69.01991,14,22.380903,7,59.645752,13,57.629364,19,-1,-1,-1,-1,-1,-1,-1,-1,58.862003,3,88.29301,9,70.3942,10,140.37433,14,-1,0,-1,0,-1,-1,-1,-1,80,8,113.63637,2,40.225258,10,-1,0,66.383255,2,59.347183,11,69.204155,11,-1,-1,-1,-1,69,9,71,6,69,6,67,6,72,11,81,15,71,18,76,11,86,14,69,11,72,8,79,8,82.38636,10,68.181816,6,81.12094,11,69.12441,3,46.38219,5,82.38636,5,78.91413,1,67.659,10,80.38586,5,60,9,69.25208,5,66.66667,4,-1,0,-1,0,53.173824,7,29.94012,1,63.559326,6,60.51437,16,61.188812,7,70.67139,4,42.839657,7,68.855934,13,61.93229,15,74.55268,15,45.289856,15,65.39236,13,106.38298,2,66.90997,11,71.42857,5,49.321827,16,75,9,47.748978,7,65.73541,16,-1,0,75,3,106.38298,2,29.94012,1,69.12441,3,69.12441,3,-1,0,94.78673,4,68,2,76,3,86,1,72,1,64,5,-1,0,68,6,73,4,72,7,77,13,66,9,73,12,80,1,74,7,69,7,-1,-1,68,11,71,8,56,14,68,10,70.42254,3,60,10,62,8,51,16,59,13,56.17978,1,67,11,71,14,63,6,60,13,67,22,65,12,65,11,70,17,61,14,69,16,65,8,67,13,66,7,68,15,66,12,69,14,62,13,66,17,69,14,74,13,62,12,74,11,72,9,79,7,49.9002,5,73,11,81,10,69,15,77,8,61.728394,5,68,9,72,11,62,15,70,12,-1,-1,75,8,81,10,69,6,71,9,70,8,73,11,80,10,73,13,72,9,76,10,79,14
5:39:30 PM,42.160732,8,60,18,63,13,69,12,65.14186,9,55.43237,8,23.949709,4,68.611404,13,54.73895,15,-1,-1,-1,-1,-1,-1,-1,-1,-1,0,75.54773,5,49.275944,7,142.6025,8,-1,0,-1,0,-1,-1,-1,-1,99.99999,2,83.648994,2,38.70968,11,-1,0,-1,0,76.824585,9,70.10983,10,-1,-1,-1,-1,63,7,66,9,69,16,76,11,75,12,80,16,72,10,81,8,86,2,70,9,73,12,79,12,76.13262,7,78.550476,3,83.682,8,74.94647,7,-1,0,77.38837,12,73.156456,3,71.94245,4,69.44444,1,58.593754,3,61.57636,5,-1,0,-1,0,52.91005,2,51.59592,5,30,6,71.94245,2,59.652927,11,55.401665,12,69.44444,1,50.93379,6,60.706398,11,75.493614,13,71.35017,13,52.250805,13,67.50675,15,69.28406,6,49.30156,12,60.51437,8,63.291138,14,67.56756,6,48.231514,3,60.706398,11,34.72222,1,74.62686,1,84.26967,3,30.487804,2,69.12441,3,75.187965,2,-1,0,-1,0,69,3,73,2,75,5,77,2,68,6,74,5,69,5,-1,0,70,8,76,9,73,10,73,12,67,8,75,13,67,8,-1,-1,68,10,71,10,63,10,71,9,62.03474,5,67,6,72,13,50,18,62,14,57.14286,4,63,13,70,12,62,10,63,10,71,16,59,8,64,11,68,22,64,13,70,13,79,2,71,6,66,11,67,14,64,9,70,16,67,12,70,10,70,17,76,18,61,16,69,13,63,17,72,15,58.411213,5,71,10,77,8,66,17,76,11,74.94647,7,68,11,76,8,67,9,71,8,-1,-1,67,9,74,8,76,5,73,10,65,14,72,16,79,9,73,12,72,8,75,13,78,12
5:40 PM,59.694065,8,62,13,65,8,68,15,56.660793,9,76.55502,16,30.219091,2,57.656204,10,50.079865,7,-1,-1,-1,-1,-1,-1,-1,-1,56.621582,3,78.92429,9,68.06028,16,143.00307,7,-1,0,-1,0,-1,-1,-1,-1,81.96721,1,86.65795,2,37.206997,5,42.0659,3,-1,0,50.81875,6,70.15493,4,-1,-1,-1,-1,63,16,62,16,69,15,73,12,79,10,81,10,76,9,87,4,92,5,64,10,69,11,76,7,69.74506,6,40.08337,4,91.38381,7,62.111805,2,42.735046,1,87.37948,7,69.763115,9,64.61232,13,73.52941,4,56.657223,8,60.97561,4,89.285706,1,-1,0,53.19149,1,48.532883,6,34.72222,1,62.7615,6,61.53846,8,46.860355,10,52.966106,5,58.997047,4,69.93007,8,60.0343,7,88.42444,11,68.23821,11,65.18904,10,71.94245,2,57.84526,16,71.09004,12,46.948357,12,64.308685,8,52.966106,5,69.73501,10,-1,0,71.09004,3,73.74631,5,-1,0,69.44444,2,81.96721,2,-1,0,99.99999,2,70,6,73,1,71,4,73,3,67,4,67,2,73,3,75,3,71,6,76,5,66,9,72,10,75,4,77,15,70,12,-1,-1,64,14,68,15,63,12,67,14,73.52941,1,65,11,66,9,65,9,73,12,46.082943,4,61,9,67,19,61,7,57,14,67,13,59,9,68,8,70,13,64,11,71,21,64,8,70,9,77,1,71,7,68,13,72,16,72,10,73,9,74,8,75,11,65,17,71,17,64,17,72,12,50.87209,7,64,13,73,12,68,9,74,6,72.15007,10,68,8,76,10,64,15,71,8,-1,-1,68,8,73,8,84,4,74,11,69,7,79,6,87,3,71,8,70,11,72,12,77,17
5:40:30 PM,58.259502,8,60,13,64,6,69,15,77.04161,8,69.25208,11,27.607967,7,59.765263,9,64.19489,17,-1,-1,-1,-1,-1,-1,-1,-1,53.41048,8,71.77034,6,62.74744,16,142.70613,9,-1,0,-1,0,-1,-1,-1,-1,75.757576,9,70.320305,17,39.272728,9,36.780483,10,51.262627,5,70.588234,11,69.421486,14,-1,-1,-1,-1,70,3,67,12,71,6,71,7,74,11,78,22,79,3,78,9,85,6,74,6,76,5,82,5,82.15816,9,-1,0,44.97751,6,69.20415,4,-1,0,86.093155,9,69.97314,5,69.93007,8,72.34727,9,55.07956,9,66.137566,5,76.62836,4,-1,0,51.54639,2,52.393944,7,23.696682,2,57.471268,3,61.521255,11,51.25285,9,57.369816,13,61.349693,6,60.893097,9,76.21951,5,87.71931,4,54.347828,9,75,12,85.47009,2,69.26952,11,63.37136,10,52.941177,18,65.18904,10,40.650406,7,60.024014,10,42.735046,1,62.7615,6,69.44444,1,-1,0,58.333336,7,-1,0,-1,0,89.82036,3,71,4,74,3,73,3,79,3,60,5,66,5,71,5,74,3,71,8,77,6,62,9,69,7,74,2,74,8,67,15,-1,-1,62,12,71,9,62,16,68,18,71.42857,2,63,10,70,14,69,12,73,16,67.1141,2,64,12,69,13,67,3,65,12,71,19,59,5,61,14,65,16,67,11,74,14,-1,0,74,3,63,8,69,14,71,8,73,17,67,12,70,15,72,10,77,13,67,8,71,11,68,14,74,15,54.01235,7,66,20,69,17,60,15,70,11,71.2589,6,67,4,76,4,66,9,74,9,-1,-1,69,14,80,7,78,7,75,13,70,4,77,6,81,3,76,6,74,11,76,14,75,11
5:41 PM,51.57962,8,62,15,65,13,69,14,79.12784,9,73.07805,15,28.527958,5,74.7489,9,57.23413,8,-1,-1,-1,-1,-1,-1,-1,-1,-1,0,75.40846,3,52.964916,9,142.1801,11,-1,0,-1,0,-1,-1,-1,-1,78.82882,7,72.27273,9,39.901573,10,-1,0,48.873264,5,64.93507,8,63.09885,18,-1,-1,-1,-1,69,8,69,8,70,9,72,9,78,14,79,14,78,12,81,10,86,6,71,2,80,9,80,5,76.83702,9,50.505047,4,68.21283,10,52.21932,4,49.999996,1,78.32999,7,41.322315,4,71.94245,8,85.836914,4,60.024014,10,64.93507,7,62.7615,3,-1,0,-1,0,48.70834,4,26.10966,2,50,5,63.0063,14,44.994373,8,56.818176,6,59.523815,8,64.93507,7,67.99162,13,69.25208,10,60.72874,6,71.09004,3,49.999996,4,70.09345,6,74.96251,10,64.27915,14,64.8415,9,-1,0,71.30125,16,-1,0,70.67139,4,-1,0,37.5,3,73.74631,5,-1,0,-1,0,74.62686,1,69,3,80,2,71,5,76,4,64,7,68,5,71,5,79,3,73,8,77,7,69,10,73,5,69,6,70,9,70,11,-1,-1,61,12,70,14,60,13,70,12,66.66667,4,68,13,71,17,67,10,72,14,56.390976,3,68,8,71,16,65,2,61,12,69,14,65,3,67,15,69,16,62,14,69,16,62,8,65,7,70,3,72,6,67,6,76,11,67,16,70,16,70,15,75,15,70,11,74,13,69,13,77,11,55.205048,7,69,16,74,11,53,23,66,17,52.20418,9,68,6,71,12,64,7,71,4,-1,-1,72,7,80,8,80,4,80,6,70,8,76,8,80,10,72,15,74,15,72,10,79,13
5:41:30 PM,34.0605,7,64,9,68,9,71,11,46.006622,5,51.770554,10,25.830523,6,76.87723,11,60.845528,13,-1,-1,-1,-1,-1,-1,-1,-1,46.62005,1,47.846893,4,64.984184,9,140.21967,10,-1,0,-1,0,-1,-1,-1,-1,81.96721,3,70.03171,2,38.70968,11,-1,0,51.83861,1,75.75757,1,59.642147,11,-1,-1,-1,-1,62,6,64,16,64,17,75,16,77,13,78,15,77,9,78,8,85,5,72,6,75,12,80,6,83.42923,9,80.30839,4,69.25208,5,74.62686,1,50,5,61.59728,8,48.287407,6,60,6,40.48583,4,55.555553,5,66.66667,2,89.285706,1,-1,0,-1,0,48.116886,3,30.03003,2,62.111805,2,43.38395,8,47.826088,11,63.291134,9,64.93507,7,68.119896,5,87.5,14,69.12441,3,51.90311,12,62.28766,11,69.44444,2,60.06006,4,69.44444,1,61.7284,7,75.75757,8,52.91005,2,72.04611,10,-1,0,71.94245,2,74.62686,1,28.08989,2,62.499996,10,64.26735,5,-1,0,85.47009,2,72,4,75,2,71,4,80,4,61,12,73,7,70,2,73,4,69,10,75,6,68,9,73,7,71,6,75,5,68,10,-1,-1,62,15,71,14,64,13,68,15,80,2,65,8,71,13,66,14,74,17,52.083336,1,70,7,72,15,68,4,66,14,71,20,60,4,67,11,69,13,64,19,68,14,63,8,63,5,64,14,67,9,67,14,70,18,66,10,68,8,70,13,75,10,67,13,72,14,75,9,79,11,60.60606,4,64,16,74,13,62,17,71,10,65.789474,6,63,16,70,16,65,13,70,11,-1,-1,70,4,80,4,79,4,77,12,73,9,73,8,83,4,79,12,79,12,79,11,82,16
5:42 PM,51.701855,6,64,9,64,10,70,6,85.28057,10,78.162575,13,26.803661,8,43.95529,5,45.606064,7,-1,-1,-1,-1,-1,-1,-1,-1,71.30125,4,74.312614,5,50.283344,12,139.86014,2,-1,0,-1,0,-1,-1,-1,-1,81.96721,3,-1,0,40.90909,12,33.670033,6,59.14918,2,40.90909,3,69.044876,9,-1,-1,-1,-1,57,13,58,14,61,10,79,9,82,9,84,16,77,14,80,13,82,11,76,8,75,8,81,5,83.8843,7,86.61308,5,74.40477,10,71.42857,5,42.735046,1,75.757576,6,78.91413,1,46.948357,6,52.08334,7,34.403667,6,62.111797,6,-1,0,-1,0,32.67974,2,50.185772,7,28.735634,3,52.30125,10,56.726097,7,57.471268,6,57.471268,3,51.085567,8,64.82983,8,69.87578,9,70,7,61.90476,13,70.224724,5,52.966106,5,56.876938,11,70,7,58.56515,8,71.94245,4,-1,0,42.372883,8,-1,0,71.94245,4,68.49315,7,35.54502,3,62.111805,2,70.224724,5,-1,0,79.365074,3,70,5,71,3,71,9,76,1,61,9,69,3,69,10,76,7,74,5,80,9,65,12,69,9,74,5,72,8,70,9,-1,-1,66,11,72,7,60,19,70,14,53.475937,4,65,9,69,18,66,15,72,12,59.76096,3,70,12,74,17,70,4,67,9,72,17,69,3,66,18,70,18,60,11,65,14,67,2,59,7,62,11,62,11,66,10,70,13,70,11,70,9,72,13,75,10,66,13,69,10,73,12,75,16,64.377686,3,74,8,77,11,66,17,72,16,67.82946,7,67,14,71,12,61,17,70,14,-1,-1,71,9,77,12,73,3,80,14,71,7,70,8,80,9,77,6,71,7,76,11,80,15
5:42:30 PM,52.73732,7,60,14,62,13,67,10,76.30259,7,78.8799,8,29.044437,5,75.95384,10,62.831577,13,-1,-1,-1,-1,-1,-1,-1,-1,81.81818,3,51.216393,6,56.5489,10,139.86015,3,-1,0,-1,0,-1,-1,-1,-1,85.71429,6,77.545845,3,33.745777,11,47.846893,2,59.301235,5,70.15493,8,57.142857,11,-1,-1,-1,-1,65,8,71,6,63,9,73,7,73,9,80,16,82,7,77,5,83,3,70,6,72,14,78,12,61.88647,6,73.07805,4,73.89163,6,78.32898,6,-1,0,88.73929,11,72.2265,6,66.28787,7,85.47009,2,58.333336,7,43.38395,4,72.81554,3,-1,0,-1,0,46.489742,4,-1,0,76.21951,5,59.523815,8,65.27415,5,59.241703,5,55.658627,6,60.893097,9,74.96251,10,70.8502,7,58.290157,9,71.57464,7,71.94245,2,64.26735,10,78.82882,7,57.840614,9,80,4,50,6,69.25208,10,29.94012,1,61.349693,6,74.62686,1,-1,0,79.365074,3,-1,0,-1,0,89.82036,3,72,5,73,1,73,4,75,4,67,10,73,4,67,7,76,4,73,3,83,1,68,8,71,11,72,8,73,6,69,10,-1,-1,62,12,68,10,65,10,70,12,63.93862,5,63,14,71,13,63,12,72,17,61.34969,2,68,12,75,12,75,5,71,11,76,16,75,3,69,11,72,25,66,15,70,19,65,15,65,11,66,3,61,11,62,10,70,10,58,20,63,21,70,13,76,13,67,16,73,11,71,14,75,10,111.11111,1,75,10,74,16,69,13,75,9,72.63923,6,67,11,73,12,64,17,69,10,-1,-1,73,14,78,10,77,2,76,7,73,9,72,12,78,8,72,9,73,16,74,17,76,15
5:43 PM,42.79194,15,58,10,64,7,68,8,83.07619,7,81.65488,3,28.379528,5,74.69599,8,68.50043,6,-1,-1,-1,-1,-1,-1,-1,-1,49.88913,3,81.75978,7,69.40208,13,138.56813,11,-1,0,-1,0,-1,-1,-1,-1,87.2093,3,71.57741,7,36.363636,9,36.363636,1,-1,0,54.545452,8,48.270313,9,-1,-1,-1,-1,68,7,63,9,69,12,75,12,77,17,78,16,79,10,76,6,83,3,75,6,74,9,75,4,77.47,13,79.65166,6,81.79959,8,70.67139,4,53.19149,1,81.87464,8,76.19296,7,69.93007,8,67.340065,8,57.14286,8,62.111805,2,89.285706,1,-1,0,-1,0,66.82902,8,30.03003,2,55.658627,6,54.773087,7,52.950073,7,59.13272,9,32.9188,9,58.997047,8,76.62836,8,75.64297,10,52.910057,6,60,6,72.81554,3,56.3063,5,71.09004,6,60,12,81.775696,7,55.401665,4,49.57507,7,34.72222,1,66.137566,5,99.99999,1,32.154343,2,71.42857,5,51.020405,3,-1,2,65.35948,4,66,3,73,2,72,3,78,1,68,5,68,2,71,8,75,3,75,3,79,3,74,4,63,1,68,2,74,10,68,8,-1,-1,63,11,68,11,60,16,70,11,72.463776,1,65,9,68,13,63,17,72,12,53.763443,2,62,13,72,16,71,1,68,12,74,9,67,3,72,9,76,15,69,18,73,20,61,4,68,8,66,12,67,15,68,17,69,16,62,15,60,9,64,14,70,17,71,8,74,9,70,16,73,11,64.8415,9,69,10,72,10,66,15,72,16,69.76743,6,72,9,74,11,61,14,69,13,-1,-1,69,14,77,9,85,1,71,10,74,6,73,6,76,6,76,7,73,7,73,7,77,10
5:43:30 PM,49.813198,8,52,14,61,11,68,11,54.567284,10,76.60879,6,12.925464,1,84.368866,6,69.065216,4,-1,-1,-1,-1,-1,-1,-1,-1,55.564133,6,74.833694,9,69.44444,11,145.45454,4,-1,0,-1,0,-1,-1,-1,-1,75,3,69.22675,3,36.363636,4,-1,0,64.07828,1,76.824585,9,72.46377,11,-1,-1,-1,-1,66,11,70,9,70,8,72,7,76,8,80,6,81,10,76,4,92,2,74,7,74,8,74,6,83.42923,9,81.752785,4,70.09345,12,70.224724,5,52.91005,2,79.090904,6,54.949886,5,67.698265,7,72.72727,8,56.17978,4,65.703026,10,59.88024,2,-1,0,52.91005,2,36.656208,7,24.999998,2,58.055157,8,56.258785,16,55.096416,12,67.319466,11,44.84305,14,67.56756,6,60,15,76.62836,8,49.164207,10,62.642372,11,-1,0,60.386475,10,73.89163,6,65.466446,8,73.52941,8,-1,0,55.03145,14,38.071064,3,81.96721,2,74.94647,7,-1,0,71.94245,2,72.81554,3,33.8295,5,-1,0,62,5,76,2,71,4,75,1,64,6,73,4,67,2,76,3,71,4,79,8,71,6,79,2,72,1,78,3,68,12,-1,-1,65,12,70,12,59,16,69,12,67.56757,1,64,11,67,12,67,12,72,14,66.96428,3,67,12,73,13,66,7,65,10,71,19,72,2,67,7,72,11,69,9,74,11,68,12,71,14,67,6,68,15,69,16,74,14,70,10,70,15,65,13,70,16,58,19,66,15,74,8,79,13,60.483868,3,67,17,68,11,67,14,73,6,61.919502,4,70,10,73,13,67,12,71,13,-1,-1,66,15,73,13,76,4,74,7,74,7,77,5,83,1,74,6,73,15,69,9,73,20
5:44 PM,44.604927,14,58,21,61,9,68,16,75.757576,5,77.92208,6,29.66039,10,55.201595,9,47.983932,6,-1,-1,-1,-1,-1,-1,-1,-1,57.72006,2,69.044876,9,73.221756,11,146.29048,7,-1,0,-1,0,-1,-1,-1,-1,93.16771,3,98.73323,1,38.358265,5,37.531277,6,68.860245,1,72.72727,10,68.93581,8,-1,-1,-1,-1,63,9,67,13,68,10,72,10,74,12,77,23,75,5,83,10,88,6,77,7,78,6,86,1,78.4632,9,74.76077,6,77.355835,11,77.77778,7,53.19149,1,87.181335,10,69.97314,5,53.475933,6,76.62836,8,46.296295,7,69.25208,5,69.44444,1,-1,0,53.19149,1,49.242424,2,-1,0,52.950073,7,59.97001,8,51.124744,15,59.523815,8,49.668873,9,52.151237,8,60.015007,16,82.72058,9,51.981804,16,53.317535,9,74.62686,1,65.789474,6,68.68132,10,55.788006,8,72.674416,5,-1,0,73.333336,11,38.31418,2,81.96721,3,77.12082,6,42.735046,1,69.44444,1,75.187965,2,-1,0,113.63637,1,76,1,72,1,71,5,75,3,63,6,71,2,70,6,72,3,73,2,77,7,63,11,76,8,78,2,82,4,71,3,-1,-1,66,11,71,10,66,16,69,11,108.695656,1,59,11,67,17,63,11,68,18,53.763443,2,67,12,70,13,60,10,64,15,71,12,61,5,65,14,70,15,66,11,72,8,69,3,69,5,67,8,70,14,70,11,74,13,59,13,60,13,73,9,79,10,62,18,66,16,67,19,72,13,62.240658,3,68,12,76,11,65,19,70,12,65.789474,6,71,8,74,6,67,12,71,10,-1,-1,73,11,74,9,77,5,79,9,72,6,77,9,84,4,70,13,68,12,70,16,75,22
5:44:30 PM,49.26108,11,62,16,65,11,69,13,51.18755,5,84.17508,7,27.782066,3,72.16783,8,64.63444,5,-1,-1,-1,-1,-1,-1,-1,-1,65.71742,1,68.93581,8,77.98574,5,140.4604,6,-1,0,-1,0,-1,-1,-1,-1,99.99999,1,354.27805,1,37.462536,5,-1,0,59.14918,2,76.001175,13,76.907906,13,-1,-1,-1,-1,65,9,67,13,68,12,71,11,73,14,74,20,79,11,83,8,85,8,72,6,73,7,82,4,86.722496,6,68.04573,2,70.09345,6,69.25208,5,52.91005,2,80.870056,12,81.02415,8,67.46626,9,70.09345,6,57.636887,8,67.340065,8,94.33962,2,-1,0,69.44444,1,46.489742,4,29.94012,1,54.127197,8,59.13272,9,54.744522,9,60.97561,4,64.82983,8,51.75159,13,63.98538,14,62.434967,12,53.475937,18,70.546745,8,79.726654,7,51.440327,10,51.25285,9,70.24266,11,70.32349,10,53.19149,1,76.62836,8,23.696682,1,63.451775,5,33.333332,3,42.918457,2,83.682,4,59.88024,2,1.9716089,4,-1,0,68,2,-1,0,73,4,74,2,63,3,70,5,70,3,-1,0,72,4,76,5,68,8,74,8,72,5,79,8,73,5,-1,-1,65,14,71,7,62,9,71,11,54.945053,1,63,12,64,14,60,12,67,15,-1,0,68,8,71,12,66,6,67,10,72,15,61,13,65,12,70,15,63,16,71,14,67,3,67,1,75,2,70,9,67,8,72,11,63,10,68,9,59,13,67,18,69,10,78,8,63,22,71,14,62.849163,9,69,19,73,10,66,14,70,14,74.25742,6,66,13,72,14,66,10,72,4,-1,-1,70,11,77,8,81,3,68,14,71,2,76,10,79,5,77,7,77,10,73,10,76,12
5:45 PM,52.44756,5,63,15,69,10,71,6,59.159927,12,76.26602,15,20.136763,8,52.26057,5,74.19641,7,-1,-1,-1,-1,-1,-1,-1,-1,58.651028,4,93.50649,6,56.721714,14,136.9342,6,-1,0,-1,0,-1,-1,-1,-1,73.89163,6,74.81649,8,37.2748,3,-1,0,-1,0,69.044876,9,74.2115,4,-1,-1,-1,-1,67,6,70,10,73,12,77,13,76,12,77,13,77,7,81,9,86,7,81,4,77,11,81,9,74.54375,12,79.80082,5,80.8314,7,75.07507,5,40.983604,1,77.67064,7,81.02415,8,70.88331,13,71.70795,11,56.249996,9,65.07592,6,81.96721,3,-1,0,62.7615,3,50.221397,9,26.455025,1,64.308685,4,60.024014,10,58.333336,7,54.824566,5,42.105263,8,51.903114,9,60.386475,10,60.386475,10,53.89718,13,40.68716,9,78.12501,4,51.67959,12,70.32349,10,49.30156,12,55.487057,9,45.04504,1,74.906364,4,34.72222,1,71.94245,2,-1,0,-1,0,75.07507,5,65.789474,3,37.5,6,67.56756,3,63,4,76,2,71,1,75,1,61,6,71,3,70,4,72,3,71,11,78,6,74,7,76,4,73,3,75,10,71,9,-1,-1,69,12,76,13,59,15,68,13,65.78947,1,63,9,67,12,61,16,66,11,59.171593,2,62,11,69,21,-1,0,65,11,70,14,64,4,69,13,73,14,63,13,72,16,60,5,65,6,67,3,68,6,69,9,74,12,68,12,71,11,66,12,78,7,57,10,68,13,66,9,73,8,43.215214,10,63,18,66,18,63,20,70,10,68.181816,6,70,11,73,14,63,20,69,13,-1,-1,71,8,73,4,78,9,80,8,73,10,75,11,81,12,80,4,76,6,76,12,79,12
5:45:30 PM,53.872047,4,64,10,66,8,71,9,86.67181,9,64.3832,10,24.338577,9,62.99341,12,69.0874,11,-1,-1,-1,-1,-1,-1,-1,-1,53.475933,3,68.82708,4,55.01703,8,-1,0,-1,0,-1,0,-1,-1,-1,-1,89.82036,3,75.59908,3,34.34132,12,-1,0,64.07828,1,81.90008,5,58.24839,14,-1,-1,-1,-1,59,9,64,14,71,13,77,9,75,8,80,12,75,10,80,10,84,7,73,7,74,9,77,6,78.93305,2,84.80325,1,88.183426,10,112.35956,2,52.91005,2,79.051384,8,81.752785,4,71.42857,5,66.66667,4,57.471264,9,68.07867,9,78.12501,2,-1,0,52.91005,2,48.70834,4,28.312572,5,56.625145,10,52,13,51.6055,9,65.789474,6,60.827248,5,54.347828,7,51.24451,7,79.61783,10,47.54938,13,61.652287,10,71.09004,6,56.876938,11,52.447556,6,55.03145,14,70,7,51.75983,5,77.18696,9,-1,0,59.88024,2,65.789474,3,-1,0,52.57009,9,51.020405,3,72.81554,3,54.644806,2,66,4,72,4,69,7,76,2,63,8,66,5,73,2,75,5,73,9,75,7,67,9,73,5,79,4,77,5,69,8,-1,-1,64,18,74,9,66,16,72,15,58.13953,4,60,11,65,11,65,14,70,13,58.139526,5,62,14,70,11,69,3,64,10,72,14,71,1,69,11,71,14,65,13,74,9,61,3,63,4,69,5,69,10,64,9,71,13,66,13,70,15,72,11,75,14,59,13,63,15,67,7,73,17,57.692314,3,63,12,70,10,59,19,68,16,74.468094,7,66,13,70,6,64,22,72,12,-1,-1,67,14,75,13,81,4,78,4,67,5,73,7,79,5,77,10,72,13,72,10,79,12
5:46 PM,53.73937,4,61,8,63,11,68,8,74.51565,4,79.28118,3,24.164318,11,87.029854,8,56.96538,9,-1,-1,-1,-1,-1,-1,-1,-1,83.59457,4,74.26763,9,60.5676,5,144.30014,5,-1,0,-1,0,-1,-1,-1,-1,77.31959,3,80.30303,4,39.406708,12,33.504578,10,59.14918,2,79.28118,5,48.27031,6,-1,-1,-1,-1,72,3,66,9,68,12,71,13,72,9,79,10,69,3,75,5,84,3,64,4,76,12,75,9,74.8967,6,74.76077,6,69.44444,1,69.44444,1,-1,0,79.60036,10,89.01021,6,65.43075,12,76.62836,4,57.736713,5,62.111805,2,-1,0,-1,0,53.19149,1,56.136364,3,27.262812,5,54.127197,8,56.254135,17,56.249996,9,64.338234,7,43.10345,8,66.666664,6,54.744522,9,75,6,48.23151,9,60.97561,4,69.12441,3,46.689304,11,69.20415,8,45.01385,13,44.091713,5,50,3,71.09005,9,26.455025,1,64.338234,7,78.86436,5,53.19149,1,74.62686,1,-1,0,0.43081164,1,104.166664,3,65,4,69,4,70,5,76,3,58,7,72,4,71,6,76,3,72,7,81,6,60,15,70,7,73,3,75,5,63,8,-1,-1,71,11,72,7,58,16,68,10,68.649895,6,62,12,67,16,56,19,67,16,56.390976,3,65,9,71,15,59,11,61,14,66,18,67,3,67,7,71,11,64,11,71,16,68,10,67,13,61,6,66,9,66,11,74,8,67,13,73,19,67,13,78,17,65,12,70,12,52,12,71,13,59.59475,10,67,9,75,13,55,15,67,14,66.312996,10,67,13,72,11,61,15,69,6,-1,-1,71,17,75,14,-1,0,76,17,82,4,74,9,78,4,72,5,69,13,72,10,80,13
5:46:30 PM,45.75961,5,67,14,68,9,70,10,83.14855,6,81.79481,7,28.464687,8,82.87825,4,76.349434,2,-1,-1,-1,-1,-1,-1,-1,-1,65.454544,3,81.81818,3,71.04195,11,141.81818,13,-1,0,-1,0,-1,-1,-1,-1,69.44444,2,74.04992,3,40.62976,12,-1,0,51.01968,7,72.46377,11,57.72006,4,-1,-1,-1,-1,73,3,72,7,70,10,72,11,76,10,81,9,71,9,81,4,88,3,71,3,71,4,73,1,54.320675,6,93.144554,2,52.26481,9,76.21951,5,41.841,2,84.67977,6,84.80325,1,64.338234,7,70.67139,4,60.362175,12,67.56756,6,53.19149,1,-1,0,-1,0,50.573296,4,-1,0,56.947613,10,58.309036,16,64.70589,11,60.55363,7,49.701786,10,61.521255,11,77.26269,14,74.15255,7,48.491383,9,62.388588,7,52.91005,2,48.23151,9,79.365074,3,53.248135,10,68.21283,10,45.045044,3,44.247787,9,37.5,3,69.12441,3,69.12441,3,29.985004,4,53.19149,1,-1,0,69.20415,4,69.44444,2,71,3,78,2,72,3,73,3,65,7,73,3,64,8,73,6,72,8,71,1,67,11,72,8,65,10,73,5,71,5,-1,-1,73,15,74,6,65,11,72,10,69.44444,4,62,11,68,7,67,12,74,13,45.977013,4,65,11,69,13,63,5,62,11,73,17,57,8,62,17,67,20,60,8,70,11,67,9,63,16,70,8,69,14,70,10,71,18,64,9,69,7,66,9,76,15,65,12,72,17,67,12,73,11,55.762077,6,67,5,75,12,61,10,65,12,65.466446,8,66,11,70,10,63,15,68,12,-1,-1,67,10,77,6,79,3,75,8,66,4,72,6,82,5,73,6,72,8,75,12,79,10
5:47 PM,41.850735,9,64,12,66,8,70,7,76.30259,7,83.07619,7,25.269238,7,78.81232,5,68.50043,6,-1,-1,-1,-1,-1,-1,-1,-1,72.72727,2,57.781204,5,72.47092,7,143.00307,7,-1,0,-1,0,-1,-1,-1,-1,79.365074,3,-1,0,38.197098,10,-1,0,-1,0,64.62732,5,72.72727,10,-1,-1,-1,-1,63,11,65,14,68,9,77,5,77,12,81,13,81,9,82,7,83,6,63,4,73,7,80,4,74.58847,11,76.36852,5,76.62836,4,79.365074,3,59.88024,2,80.65798,7,78.73189,6,71.94245,6,74.62686,1,61.475407,3,62.111805,2,70.224724,5,-1,0,53.00354,3,57.872543,2,28.328611,4,52.931595,13,50.395966,14,54.945053,13,54.166668,13,55.788006,8,64.28572,9,58.45674,15,74.40477,10,48.543686,13,65.885796,9,-1,0,47.361298,7,65.66604,7,51.6055,9,57.471268,3,48.54369,2,74.906364,4,29.94012,1,58.290157,9,-1,0,-1,0,75,6,-1,0,-1,0,-1,0,72,2,-1,0,69,6,75,5,66,5,71,3,71,5,75,6,73,7,77,9,66,5,74,4,71,6,76,7,67,7,-1,-1,72,12,75,5,64,16,72,12,65.50218,3,63,10,71,14,59,18,73,11,42.372883,3,63,14,68,20,68,5,66,8,69,17,63,4,63,11,68,18,61,16,70,21,65,9,62,12,68,8,66,18,67,6,71,11,65,8,68,16,67,13,74,12,65,9,72,17,66,9,74,19,60.790276,4,57,18,69,16,66,7,69,9,72.9927,2,63,7,70,11,64,13,70,12,-1,-1,68,14,74,10,83,3,70,6,67,8,77,7,81,7,75,4,75,6,76,8,79,10
5:47:30 PM,50.38841,8,63,12,64,12,63,13,82.81192,9,78.3699,7,28.310791,3,69.686676,7,70.816864,7,-1,-1,-1,-1,-1,-1,-1,-1,49.88913,3,74.719795,7,72.58901,12,146.29048,7,-1,0,-1,0,-1,-1,-1,-1,75.921906,7,78.857315,8,38.502674,6,49.140045,1,-1,0,62.4907,7,74.719795,7,-1,-1,-1,-1,61,14,64,9,67,10,78,6,78,5,80,7,79,6,82,12,86,3,70,8,75,6,77,6,75.06731,10,76.522804,8,72.27332,11,66.137566,5,53.19149,1,55.94999,5,82.74493,3,44.247784,6,74.15255,7,60.55363,7,65.27415,5,69.12441,3,-1,0,-1,0,55.035656,3,32.67974,2,58.027084,6,60,12,55.831264,9,58.333336,7,59.422752,7,56.947613,5,74.4249,11,83.1025,12,56.457306,16,63.44171,16,62.7615,3,67.144135,15,67.91171,8,52.966106,10,65.789474,6,45.04504,1,51.085567,8,35.971226,1,59.88024,2,74.62686,1,-1,0,74.906364,4,29.354208,3,81.96721,2,53.19149,1,71,1,-1,0,73,4,-1,0,57,13,73,6,76,1,74,1,74,8,76,3,68,8,71,7,66,2,77,6,70,6,-1,-1,73,5,71,4,68,8,73,8,-1,0,62,14,69,10,68,10,75,14,57.034218,3,64,6,74,12,58,5,61,17,69,15,65,7,68,10,72,16,63,13,69,17,73,4,68,4,65,10,63,18,65,10,69,21,67,7,71,10,72,12,74,13,63,10,68,15,70,10,75,10,48.115475,12,69,11,75,12,42,14,62,12,67.56757,1,65,9,67,11,61,13,70,6,-1,-1,69,6,75,11,85,5,76,4,75,5,77,11,80,3,73,8,73,11,75,11,79,15
5:48 PM,51.72909,9,53,15,65,11,71,6,55.048756,7,80.30839,5,25.560194,5,72.8402,8,77.07198,5,-1,-1,-1,-1,-1,-1,-1,-1,62.124664,5,89.12656,5,57.244102,8,145.45454,8,-1,0,-1,0,-1,-1,-1,-1,76.21951,5,73.948906,9,40.89631,8,35.495956,3,64.07828,2,74.719795,7,72.02881,11,-1,-1,-1,-1,68,7,66,8,71,9,73,13,76,11,82,15,77,5,82,7,84,5,76,6,74,12,75,4,75.32467,4,43.538837,4,69.25208,10,79.726654,7,49.261086,4,85.37447,10,75.15633,5,72.34727,9,69.44444,2,36.363636,4,60.06006,4,27.322403,1,-1,0,-1,0,49.070248,5,35.971226,1,58.027084,6,64.27915,14,52.91005,4,-1,0,60.72874,6,61.813187,9,72.72727,8,88.33923,5,62.03474,10,65.466446,8,69.12441,3,49.455986,10,71.30125,8,65.39236,13,64.82983,8,45.045044,3,69.20415,8,35.971226,1,71.94245,2,87.2093,3,-1,0,113.63637,1,71.94245,8,89.82036,3,81.96721,4,66,3,69,2,78,2,-1,0,69,4,-1,0,71,8,76,6,66,5,73,5,67,9,73,5,72,4,72,8,72,6,-1,-1,69,14,72,11,67,9,72,5,-1,0,65,8,70,10,64,15,73,11,53.619305,4,64,10,74,14,69,4,65,10,73,16,64,6,62,12,69,14,63,8,72,16,64,11,63,18,71,3,67,9,63,9,70,15,61,14,70,12,72,7,77,7,67,12,72,11,68,12,73,19,51.357304,14,69,11,73,12,43,20,55,22,22.522522,3,63,11,67,7,61,15,67,10,-1,-1,67,14,73,9,79,2,75,11,72,3,77,12,84,3,73,11,70,11,72,18,76,13
5:48:30 PM,48.520794,12,54,17,62,10,71,17,62.972294,11,54.112556,8,25.503426,8,54.727272,7,72.07026,5,-1,-1,-1,-1,-1,-1,-1,-1,60.606064,5,81.81818,6,68.06028,8,142.70613,9,-1,0,-1,0,-1,-1,-1,-1,84.26967,3,77.214455,2,20.429008,1,-1,0,56.263855,4,55.416286,7,74.08551,8,-1,-1,-1,-1,65,6,68,10,72,9,72,13,73,15,74,15,78,4,83,3,-1,0,70,2,75,14,75,4,82.73107,6,95.76099,3,45.95588,5,69.44444,2,42.134834,3,73.029465,12,78.64108,4,68.07867,9,73.74631,5,64.308685,8,76.62836,4,64.10256,1,-1,0,53.19149,1,61.184048,4,30.36437,3,59.97001,8,61.813187,9,40.625,13,61.7284,7,34.168568,6,47.058823,8,79.726654,7,65.789474,6,61.391544,9,65.789474,3,53.19149,1,64.30868,12,69.20415,12,49.658596,16,72.93355,9,51.020405,3,85.71429,6,35.335693,2,60.72874,6,99.99999,1,-1,0,56.17978,4,96.15385,3,69.44444,2,69.44444,1,72,5,76,1,71,8,68,1,65,5,70,2,74,3,-1,0,71,6,80,6,66,7,67,5,75,3,76,6,64,9,-1,-1,69,11,74,9,63,16,66,12,55.555553,1,67,8,70,3,67,10,75,14,56.17978,2,68,13,72,15,58,5,64,13,72,15,65,4,70,11,72,18,61,13,68,15,-1,0,75,3,63,8,63,17,69,13,72,16,67,11,72,13,67,15,74,13,66,7,75,9,68,13,77,10,57.096245,7,70,14,74,15,43,15,59,11,63.218395,11,58,11,65,18,60,11,67,8,-1,-1,69,7,76,7,83,2,73,11,71,4,74,5,75,3,71,4,72,11,75,12,80,14
5:49 PM,53.563457,6,60,15,68,9,70,9,53.8561,5,87.41258,3,32.727272,3,51.890583,9,53.6963,8,-1,-1,-1,-1,-1,-1,-1,-1,58.027077,1,75.40846,3,40.51551,5,140.4604,6,-1,0,-1,0,-1,-1,-1,-1,81.96721,2,67.6711,1,39.383003,14,-1,0,-1,0,73.31378,5,77.55278,6,-1,-1,-1,-1,68,6,68,13,71,8,72,6,75,13,82,15,75,7,81,11,84,6,63,1,76,4,-1,0,86.849464,9,90.18759,6,76.754395,7,75.07507,5,53.19149,1,59.30124,7,80.78415,3,65.703026,10,70.224724,5,56.675064,9,55.401665,4,71.94245,8,-1,0,-1,0,48.56087,5,28.735634,3,56.726097,7,73.64975,9,55.292263,7,61.57636,5,62.949646,7,50.61867,9,44.80956,12,75.921906,7,51.90311,6,55.555553,5,69.20415,4,67.698265,7,69.44444,1,64.252335,11,63.559326,6,54.229935,5,28.57143,8,-1,0,70.67139,4,89.285706,1,35.971226,1,69.44444,1,-1,0,112.35956,2,227.27274,1,65,2,83,1,70,6,81,1,66,9,75,2,-1,0,78,2,70,7,75,6,67,7,71,6,70,2,71,9,69,7,-1,-1,72,9,72,7,65,11,71,14,64.93507,3,64,12,68,17,69,6,70,6,72.463776,2,65,7,76,11,68,4,68,14,73,13,57,5,63,14,70,13,67,13,72,16,68,6,70,5,75,3,69,4,63,11,72,10,68,11,74,9,71,12,76,12,64,13,73,14,72,10,79,10,53.619305,8,66,13,72,16,63,19,70,15,63.559326,6,60,9,65,17,59,14,67,18,-1,-1,67,5,74,7,73,6,75,7,73,3,75,7,-1,0,67,5,75,3,72,11,78,6
5:49:30 PM,61.425056,5,56,21,66,9,68,17,88.476,8,77.25985,12,26.181818,6,86.22995,4,53.305786,6,-1,-1,-1,-1,-1,-1,-1,-1,61.287025,3,71.77034,6,77.15725,7,140.4604,6,-1,0,-1,0,-1,-1,-1,-1,71.94245,4,74.17152,5,41.21823,6,-1,0,-1,0,65.40222,5,37.79131,3,-1,-1,-1,-1,60,14,67,10,72,8,71,4,77,8,80,7,72,9,78,12,80,9,74,6,75,7,79,5,84.77054,4,73.07805,4,83.48794,9,93.63295,5,42.857143,3,80.26818,9,69.97314,5,46.583855,6,71.09004,3,44.130627,10,61.349693,6,66.66667,2,-1,0,47.393364,2,58.273045,3,31.298906,4,62.949646,7,54.166668,13,66.425125,11,61.521255,11,45.871555,8,65.35948,4,55.788006,8,55.147057,6,45.011253,12,60.386475,10,53.19149,1,65.27415,5,66.666664,6,68.610634,8,70.67139,4,56.17978,1,44.247784,12,-1,0,62.111805,2,-1,0,-1,0,66.666664,6,75,3,-1,0,79.365074,3,72,1,71,1,72,3,82,1,66,7,71,4,71,7,77,4,72,11,76,4,63,8,68,6,71,4,74,5,67,3,-1,-1,70,9,76,6,67,9,73,11,63.291138,1,66,9,72,13,68,12,75,16,51.02041,1,67,6,75,4,-1,0,68,10,76,10,68,5,69,13,73,12,65,12,72,17,66,4,66,1,74,8,68,10,70,10,71,18,70,12,75,8,73,12,80,9,67,10,71,10,70,9,77,13,65.66604,7,73,9,78,10,62,14,70,15,61.0998,6,64,16,68,15,58,19,66,15,-1,-1,66,16,74,12,75,7,69,6,68,5,75,11,76,15,68,11,73,13,72,15,74,21
5:50 PM,66.92694,4,59,9,64,5,69,10,80.84801,9,65.49646,10,24.147028,9,84.368866,8,71.33377,6,-1,-1,-1,-1,-1,-1,-1,-1,89.41878,3,82.02324,2,70.781975,7,144.30014,5,-1,0,-1,0,-1,-1,-1,-1,90.09008,4,70.67085,9,33.774277,14,34.090908,5,-1,0,70.99191,6,71.77034,6,-1,-1,-1,-1,66,9,67,6,70,7,75,12,76,13,76,26,75,8,77,10,85,8,83,4,74,13,76,12,82.73107,6,78.550476,3,89.82036,3,71.09004,3,51.54639,2,97.08376,9,78.73189,6,75.54945,11,76.14213,6,55.788006,8,87.2093,3,62.111805,2,-1,0,-1,0,52.074554,5,26.455025,1,56.726097,7,61.02212,16,31.92848,5,60.06006,4,69.12441,3,62.111805,4,69.20415,8,70,7,49.321827,8,30.487804,2,72.9927,6,35.377357,9,58.922558,7,51.903114,9,69.12441,3,45.04504,1,81.96721,2,53.19149,1,59.88024,2,67.56756,3,-1,0,-1,0,84.26967,3,57.471268,3,66.666664,6,70,2,74,3,70,3,-1,0,62,3,82,1,70,3,74,5,68,5,83,3,65,10,72,5,71,3,74,8,67,11,-1,-1,66,12,72,5,66,7,72,9,-1,0,68,7,72,13,66,12,76,14,48.076927,1,67,13,73,17,71,1,69,7,72,10,57,1,69,8,75,8,67,13,75,11,64,5,69,4,69,3,70,5,70,11,73,11,68,13,74,11,72,14,79,9,67,14,73,12,70,12,77,12,52.56242,8,70,7,75,12,67,16,74,14,72.9927,2,66,13,72,16,60,19,68,16,-1,-1,66,15,74,10,80,7,73,12,65,4,71,11,78,11,72,10,75,6,74,11,73,18
5:50:30 PM,65.245766,5,58,17,62,8,67,10,78.64108,5,74.96252,11,25.059166,6,67.117584,11,58.636368,9,-1,-1,-1,-1,-1,-1,-1,-1,49.14005,3,54.545452,2,42.997543,3,140.37433,7,-1,0,-1,0,-1,-1,-1,-1,75.07507,5,75.59908,6,26.737967,11,-1,0,51.83861,2,69.33744,6,71.63568,7,-1,-1,-1,-1,75,2,71,5,69,7,75,9,76,8,76,14,77,5,77,11,83,10,69,6,67,9,76,10,84.74026,9,68.25006,4,75.07507,5,81.96721,2,42.735046,1,81.87464,2,99.10147,3,66.666664,6,81.69935,5,58.997047,8,65.789474,3,69.44444,2,-1,0,69.44444,1,49.678196,6,28.08989,2,54.347828,9,56.657223,8,53.00354,3,74.62686,1,55.831264,9,69.22257,13,70,7,93.16771,3,66.28787,7,63.291134,9,59.88024,2,49.627792,8,32.67974,2,45.359386,13,61.349693,6,-1,0,55.61173,11,30.03003,2,62.111797,6,84.26967,3,-1,0,69.44444,1,85.47009,2,81.69935,5,81.96721,2,73,5,69,3,74,3,77,4,67,4,74,1,69,2,86,1,77,5,77,3,66,8,77,4,71,5,76,5,63,3,-1,-1,69,12,70,11,64,11,70,3,47.619053,2,67,8,71,5,62,11,71,13,53.763443,2,70,9,75,16,59,8,58,14,68,20,63,1,71,8,66,12,67,6,73,7,63,11,62,16,63,5,72,12,74,8,77,9,72,9,71,4,71,12,77,9,69,14,77,8,74,15,79,6,63.829796,3,68,11,75,13,69,10,74,8,71.42857,5,69,11,73,14,63,17,70,15,-1,-1,69,15,71,19,79,3,74,9,69,7,74,10,78,5,73,9,73,9,77,12,81,15
5:51 PM,49.084766,8,62,13,68,7,70,7,83.07619,7,55.357365,9,29.09091,8,71.218254,6,72.21227,6,-1,-1,-1,-1,-1,-1,-1,-1,82.02324,2,87.97654,6,71.623474,11,139.86014,2,-1,0,-1,0,-1,-1,-1,-1,93.16771,3,89.89145,1,38.891594,12,40.10695,2,-1,0,65.520065,4,30.643517,1,-1,-1,-1,-1,66,8,68,12,68,9,75,7,76,14,82,16,72,7,79,11,80,4,74,5,77,8,79,5,74.05517,4,74.17518,5,81.03728,10,69.20415,4,62.111805,2,85.7819,6,78.64108,4,70.67139,4,69.20415,4,59.95204,5,66.666664,6,71.94245,4,-1,0,53.19149,1,50.497475,6,30.03003,2,49.40712,5,61.57636,5,34.615383,9,52.941177,9,59.97001,8,56.22837,13,70.237045,16,77.639755,10,60.386475,10,64.338234,7,69.44444,1,64.338234,7,63.636364,7,48.076923,7,42.372883,4,53.19149,1,37.52345,4,41.841,2,56.17978,4,62.111805,2,-1,0,53.19149,1,74.62686,1,67.56756,6,104.6025,5,66,5,72,4,71,8,72,3,69,4,74,4,68,3,-1,0,68,3,74,5,68,4,75,5,71,4,78,6,66,11,-1,-1,69,15,72,7,66,12,70,14,71.42857,5,65,6,71,3,70,5,73,5,61.983463,3,66,8,73,13,59,3,66,12,73,12,59,8,66,12,67,17,69,12,70,13,61,7,60,12,66,12,63,15,68,9,78,4,73,8,69,4,73,8,75,5,66,14,73,7,71,12,74,10,85.47009,2,72,17,76,6,64,17,72,10,71.94245,2,69,7,71,6,68,13,73,12,-1,-1,71,10,76,12,77,4,74,10,70,9,73,15,76,8,71,5,75,7,73,10,75,11
5:51:30 PM,51.813477,11,65,9,70,8,74,7,79.12784,9,80.756805,7,25.608196,3,85.28925,8,50.7235,9,-1,-1,-1,-1,-1,-1,-1,-1,46.820133,2,76.71653,10,75.75757,12,143.8849,11,-1,0,-1,0,-1,-1,-1,-1,89.285706,1,-1,0,41.259796,5,31.712473,1,64.07828,1,75.524475,9,72.46377,11,-1,-1,-1,-1,71,4,68,5,76,2,76,7,75,10,79,10,77,5,83,5,84,1,67,13,71,14,74,7,86.093155,9,-1,0,81.775696,7,81.69935,5,69.44444,1,85.22727,12,73.111626,7,69.28406,6,72.81554,3,65.35948,4,66.66667,2,69.12441,3,-1,0,-1,0,53.60908,7,32.154343,2,62.7615,6,54.229935,10,50.46257,12,55.147057,3,61.349693,12,56.26407,15,56.675064,9,73.126144,16,64.59949,15,70.546745,8,-1,0,71.09004,6,71.57464,7,66.37167,9,64.308685,4,53.19149,1,63.636364,14,42.735046,1,59.88024,2,90.09008,2,39.062504,2,59.88024,2,-1,0,85.47009,2,74.62686,1,72,4,79,4,70,6,72,3,61,9,69,5,71,3,76,2,69,5,71,2,60,7,68,4,-1,0,78,5,73,6,-1,-1,73,8,74,6,62,15,73,9,59.701492,4,65,11,71,14,67,10,73,5,51.54639,1,68,5,75,7,69,2,69,10,73,13,69,3,62,14,66,14,65,13,71,15,66,8,69,14,68,5,71,9,70,14,72,18,70,9,73,5,75,6,73,7,64,9,75,3,68,13,79,8,63.636364,7,71,15,75,4,66,17,73,5,55.970146,6,69,12,74,10,66,10,71,3,-1,-1,73,12,78,9,77,1,75,6,68,5,74,8,76,3,69,13,73,9,73,13,77,17
5:52 PM,51.31965,7,60,14,67,16,71,8,73.07805,5,87.077675,5,24.242424,6,80.44622,9,72.467255,7,-1,-1,-1,-1,-1,-1,-1,-1,-1,0,81.1908,11,72.48301,13,139.86015,3,-1,0,-1,0,-1,-1,-1,-1,78.86436,5,76.23705,9,40.057858,6,57.822037,3,49.608994,4,69.53387,9,67.43256,9,-1,-1,-1,-1,64,7,64,7,68,7,73,12,73,10,79,13,74,4,81,9,84,6,71,3,74,4,75,1,91.11856,3,66.5838,3,85.03401,5,-1,0,-1,0,78.09135,5,80.78415,3,67.49156,12,62.499996,5,57.636887,8,63.451775,5,99.99999,4,-1,0,-1,0,49.502964,5,35.971226,1,58.997047,4,60.483875,9,59.13272,9,60.97561,4,31.38075,3,60.55363,7,69.68641,12,80.645164,12,50.46257,12,61.62695,15,69.44444,2,65.29851,14,66.666664,6,64.70589,11,72.72727,8,49.999996,2,75,6,34.72222,1,53.95684,3,-1,0,42.918457,2,83.682,4,99.99999,1,-1,0,79.365074,3,-1,0,72,3,73,6,79,3,61,7,71,5,70,5,71,7,73,7,79,7,67,5,65,3,69,1,70,6,69,8,-1,-1,70,8,74,4,66,9,70,7,73.80074,4,64,9,71,8,68,13,74,14,53.763443,1,65,5,74,5,70,2,68,10,76,7,60,1,71,12,73,13,63,13,72,17,55,6,64,16,70,7,66,16,67,13,71,15,64,14,66,14,72,10,73,11,68,5,72,7,68,9,80,4,55.679287,10,72,11,75,10,67,18,72,11,72.04611,5,70,13,73,5,65,20,70,10,-1,-1,72,9,77,3,84,1,71,13,74,2,78,6,79,4,70,7,73,12,73,11,75,9
5:52:30 PM,59.396137,6,66,14,69,9,70,12,86.16976,4,81.90008,4,26.056744,6,76.548775,5,82.354454,3,-1,-1,-1,-1,-1,-1,-1,-1,49.140045,1,64.36041,8,63.025215,11,139.86015,3,-1,0,-1,0,-1,-1,-1,-1,89.82036,3,81.941864,4,40.446842,7,40.858017,2,58.54868,5,73.78677,13,70.15493,8,-1,-1,-1,-1,62,5,67,11,65,15,70,7,72,10,79,11,77,8,83,8,86,6,77,4,77,7,79,6,94.83322,4,78.550476,3,93.63295,5,76.62836,4,-1,0,93.70962,9,102.3751,2,71.94245,6,76.62836,4,58.57295,11,68.02721,4,-1,0,-1,0,59.88024,2,36.100563,4,26.455025,1,61.391544,9,62.923523,13,42.052143,10,55.401665,16,59.267242,11,70,7,44.247784,6,81.79959,8,62.972294,10,62.642372,11,59.288544,6,61.7284,7,59.726963,14,58.19158,13,73.22175,7,41.841,2,73.20644,10,39.062504,2,70.224724,5,81.818184,9,29.94012,1,69.44444,2,-1,0,53.19149,1,-1,0,67,1,-1,0,70,2,70,2,67,7,73,3,71,7,74,5,71,8,80,4,66,9,66,9,69,1,70,4,67,6,-1,-1,76,8,76,6,63,10,72,7,70.42254,1,69,8,71,6,64,17,74,10,54.545456,3,68,11,72,12,64,9,67,10,76,8,73,1,71,9,74,5,68,11,75,12,-1,0,65,5,56,5,66,16,66,12,73,15,74,5,71,2,67,10,70,8,68,9,72,9,70,10,74,13,56.3063,5,68,12,75,6,63,16,67,8,57.471264,9,69,10,70,11,59,19,72,6,-1,-1,69,14,73,11,77,1,74,9,69,6,76,11,84,7,73,10,72,11,73,12,75,12
5:53 PM,54.235542,7,59,17,64,13,69,14,83.55615,10,77.47934,9,28.670408,4,56.928505,2,67.63133,4,-1,-1,-1,-1,-1,-1,-1,-1,65.454544,3,46.029915,6,72.31405,8,145.45454,4,-1,0,-1,0,-1,-1,-1,-1,81.96721,1,56.818184,1,39.484814,7,-1,0,60.705746,3,62.876606,8,62.434963,11,-1,-1,-1,-1,70,10,67,12,70,13,74,9,75,16,75,15,75,5,79,7,82,9,68,5,77,9,82,8,84.71606,10,70.24225,9,94.78673,4,85.47009,2,-1,0,84.77054,8,68.04573,2,70.42254,9,69.44444,1,59.97001,8,60.240963,1,-1,0,-1,0,53.19149,1,50.573296,1,26.455025,1,58.922558,7,57.142857,12,59.687782,13,62.28766,11,56.285175,6,81.96721,3,75.64297,10,70.224724,5,46.38219,10,72.674416,5,56.17978,4,59.642143,12,61.652287,10,62.111805,8,60.015007,16,48.54369,2,61.475407,3,34.602074,2,69.20415,4,77.12082,6,-1,0,79.365074,3,99.99999,2,69.44444,2,-1,0,71,1,-1,0,-1,0,71,1,61,3,69,3,69,5,74,5,72,9,80,4,66,12,71,9,71,5,70,9,65,2,-1,-1,67,12,72,10,66,12,74,7,69.44444,2,64,9,74,8,70,7,79,4,55.555553,5,64,14,72,8,63,5,74,10,71,10,63,8,68,13,72,9,64,8,73,6,76,1,-1,0,61,2,69,7,68,8,75,8,67,10,70,15,72,7,73,6,64,11,71,10,72,16,80,11,59.73716,10,72,11,72,11,67,15,71,5,65.93406,6,66,7,70,8,67,13,67,9,-1,-1,67,13,76,7,84,3,75,12,75,2,79,6,82,7,75,9,76,8,76,11,78,15
5:53:30 PM,54.0054,7,58,15,62,10,71,8,86.16976,8,83.14855,6,29.741251,5,75.3896,9,61.541103,10,-1,-1,-1,-1,-1,-1,-1,-1,-1,0,70.187164,7,73.426575,10,140.21967,10,-1,0,-1,0,-1,-1,-1,-1,69.44444,1,-1,0,36.069736,9,30.686611,4,64.07828,1,43.846832,5,70.72344,8,-1,-1,-1,-1,70,4,69,12,73,10,77,8,75,11,79,14,75,14,82,8,83,6,73,3,77,5,80,4,84.17509,10,83.80263,5,75.757576,9,61.7284,7,-1,0,82.73107,6,88.778404,4,81.775696,7,77.31959,3,69.44444,2,64.10256,2,69.12441,3,-1,0,-1,0,44.37658,4,35.54502,3,57.471268,3,55.147057,6,49.57507,7,52.91005,4,70,7,55.831264,9,72.46377,12,80,8,64.308685,8,64.308685,4,69.44444,2,47.058823,8,92.165886,4,62.03474,10,65.27415,5,45.04504,1,38.31418,6,-1,0,53.19149,1,-1,0,29.94012,1,78.86436,5,74.62686,1,71.09004,3,81.96721,2,70,4,-1,0,69,5,74,1,64,4,69,2,71,2,73,3,71,7,76,8,66,10,72,7,68,12,70,10,68,9,-1,-1,66,16,73,9,64,16,72,9,60.240963,2,66,7,73,11,66,12,74,10,61.728397,1,70,7,73,7,63,2,65,12,75,11,64,6,71,7,72,11,67,11,73,12,57,7,60,8,72,1,67,5,72,4,73,5,69,11,71,12,70,11,74,18,68,5,73,6,68,10,74,2,56.116722,10,71,13,77,12,68,10,71,8,72.23114,9,66,8,72,3,62,13,69,7,-1,-1,68,9,73,9,73,6,76,9,68,9,70,7,72,7,71,10,71,11,74,16,79,15
5:54 PM,42.613636,6,66,7,69,7,71,5,82.832886,8,78.24726,11,25.291557,6,72.8402,4,81.43939,5,-1,-1,-1,-1,-1,-1,-1,-1,109.090904,1,81.81818,6,63.63636,12,143.27136,14,-1,0,-1,0,-1,-1,-1,-1,81.96721,2,74.81649,2,33.852882,16,29.09091,4,62.85608,5,66.24954,6,72.46377,11,-1,-1,-1,-1,67,9,69,12,72,9,69,11,77,10,77,13,83,5,75,11,82,5,68,10,72,11,74,11,72.69385,6,78.91413,1,77.85467,9,75,6,49.999996,1,75.140656,14,66.56017,11,73.22175,7,72.674416,5,64.28572,9,77.31959,3,66.66667,2,-1,0,62.111805,2,46.489742,4,26.455025,2,60.06006,4,60.827248,5,56.258785,8,62.111805,2,59.241703,10,67.56756,3,73.52941,8,61.349693,6,58.62647,14,68.68132,10,74.62686,1,71.30125,8,79.365074,3,44.762756,10,62.7615,3,53.19149,1,49.39627,9,-1,0,62.7615,3,74.62686,1,-1,0,69.12441,3,75.187965,2,99.99999,1,85.836914,4,67,2,77,4,72,5,77,1,66,7,72,1,68,3,72,3,70,8,70,9,69,5,74,6,73,4,74,8,68,13,-1,-1,69,4,78,2,60,19,69,14,58.139526,5,67,11,71,8,70,8,76,7,-1,0,65,7,72,11,69,1,62,5,74,6,59,3,67,9,74,14,69,7,72,10,53,1,67,1,60,7,63,8,67,11,73,12,69,18,73,17,70,15,75,13,66,15,71,16,70,8,78,8,54.945053,1,69,13,74,2,67,19,74,13,65.963066,5,71,6,71,8,59,9,70,2,-1,-1,72,6,78,6,81,2,70,10,68,7,74,10,78,6,72,9,74,7,74,11,73,9
5:54:30 PM,44.893375,2,61,4,66,4,75,6,55.01306,8,81.90008,8,27.829311,7,79.11953,9,60.139862,8,-1,-1,-1,-1,-1,-1,-1,-1,53.475933,3,80.2139,4,45.891605,7,140.1869,11,-1,0,-1,0,-1,-1,-1,-1,75,6,78.10453,9,36.855038,14,-1,0,56.725033,3,74.413994,10,65.87615,10,-1,-1,-1,-1,69,14,67,7,71,7,73,9,75,12,75,14,73,6,78,11,84,5,71,5,75,8,78,4,105.96317,5,73.156456,3,61.57636,5,69.44444,1,52.91005,2,86.0432,5,79.46599,8,63.37136,10,62.04757,12,65.789474,6,63.451775,5,58.13953,2,-1,0,-1,0,46.976036,2,32.67974,2,54.773087,7,54.744522,9,56.726097,7,46.082943,2,63.559326,12,52.935513,11,67.372475,14,71.09004,3,61.188812,7,58.411213,5,71.09004,6,62.597813,8,69.87578,9,59.267242,11,65.35948,4,49.999996,2,73.20644,10,35.971226,1,71.09004,3,65.789474,3,-1,0,69.12441,3,66.66667,2,85.836914,4,99.99999,1,70,4,77,1,72,4,77,3,66,8,74,3,73,5,76,1,73,3,77,3,63,11,70,9,77,2,76,7,67,12,-1,-1,73,10,77,5,67,8,76,1,70.42254,4,61,12,66,16,62,19,71,12,68.72852,4,67,7,74,9,67,7,66,13,72,12,70,3,70,6,73,6,69,10,71,9,59,8,68,11,60,2,71,3,72,5,72,11,71,7,76,7,71,15,77,12,67,14,71,13,70,8,75,14,52.49344,4,71,8,76,7,67,11,75,3,67.669174,9,69,11,69,11,65,9,66,9,-1,-1,68,5,68,2,78,4,74,9,68,4,72,12,79,7,72,11,71,8,73,9,75,16
5:55 PM,57.416267,5,58,13,62,10,71,13,83.98068,8,90.90909,2,24.135155,3,55.84416,10,67.67817,5,-1,-1,-1,-1,-1,-1,-1,-1,78.48267,4,72.72727,4,64.39961,9,139.86015,3,-1,0,-1,0,-1,-1,-1,-1,66.666664,6,72.21495,5,38.860104,11,-1,0,209.71074,1,77.096054,4,72.72727,6,-1,-1,-1,-1,65,13,63,15,70,15,74,11,74,10,74,14,65,7,76,7,78,4,67,4,70,11,76,5,93.70961,3,78.91413,1,92.165886,4,81.96721,4,-1,0,87.878784,4,47.546597,2,71.94245,4,74.15255,7,52.26481,9,57.003258,14,41.841,2,-1,0,56.17978,4,53.173824,7,29.94012,1,53.533195,5,58.949623,11,52.21932,4,61.57636,5,46.948357,6,59.88024,2,77.473175,13,57.283142,7,60.292854,14,40.51864,5,62.111805,2,52.966106,5,62.7615,3,56.58436,11,67.698265,7,50,3,71.5137,12,-1,0,52.447556,6,74.40477,10,-1,0,78.12501,4,62.111805,2,78.12501,4,81.96721,2,63,3,76,2,71,4,80,1,67,6,75,3,72,4,75,4,72,4,74,4,67,4,74,7,73,4,73,8,72,6,-1,-1,69,14,72,7,70,8,74,7,-1,0,68,7,72,2,63,13,70,12,55.710304,4,67,12,73,7,67,2,71,8,73,7,68,5,67,12,70,14,67,8,74,6,51,7,60,19,63,4,71,15,73,10,74,10,68,10,73,8,72,12,75,10,65,13,70,15,73,15,78,18,53.050396,4,71,9,75,13,69,9,75,10,99.99999,1,68,9,72,4,67,11,71,14,-1,-1,70,4,70,9,77,3,72,11,70,7,73,9,81,3,71,8,71,12,73,5,77,7
5:55:30 PM,52.447556,4,64,8,68,6,72,6,74.51565,1,83.55615,5,26.16089,2,80.323784,7,80.10432,3,-1,-1,-1,-1,-1,-1,-1,-1,54.545452,1,82.64463,8,68.93939,13,139.86015,3,-1,0,-1,0,-1,-1,-1,-1,64.10256,2,80.30303,4,43.241016,7,40.90909,6,89.58517,4,94.04389,7,43.00561,6,-1,-1,-1,-1,65,6,70,8,68,9,73,9,74,5,78,7,82,8,82,10,89,6,70,5,73,8,71,4,87.008705,8,74.17518,5,104.166664,3,112.35956,2,-1,0,86.29668,8,69.97314,5,71.42857,5,54.644806,2,60.97561,4,53.763443,4,75.187965,2,-1,0,-1,0,54.290493,5,28.08989,2,46.153847,6,62.111805,8,60,6,54.84461,12,55.147057,6,42.857143,6,54.570263,8,79.365074,3,63.85696,10,63.636364,7,69.44444,2,63.437138,11,60.06006,4,51.24451,7,71.94245,2,56.17978,1,66.666664,10,-1,0,64.377686,3,87.2093,3,30.487804,4,73.52941,4,78.12501,2,89.82036,3,-1,0,73,4,-1,0,70,3,80,2,65,8,77,2,72,6,74,2,71,8,75,7,66,10,74,8,70,5,72,5,69,10,-1,-1,68,15,69,9,61,11,67,12,-1,0,71,8,72,7,73,7,74,6,56.657223,4,63,13,70,15,68,5,65,11,70,10,65,3,72,10,75,3,63,11,69,14,65,9,62,9,60,7,65,16,66,11,73,5,64,7,70,12,66,8,78,8,68,9,71,11,71,12,76,11,61.643833,9,75,13,77,15,69,14,73,10,80.90615,5,71,6,72,9,65,9,75,2,-1,-1,67,15,74,11,79,3,70,7,58,5,73,7,78,8,70,9,67,16,65,12,70,21
5:56 PM,55.753445,6,63,12,70,11,71,3,71.676025,12,80.84801,9,30.359255,3,88.17498,2,76.548775,6,-1,-1,-1,-1,-1,-1,-1,-1,56.087868,4,83.59457,4,75.09536,9,140.58107,5,-1,0,-1,0,-1,-1,-1,-1,89.82036,3,72.56298,1,42.0659,3,-1,0,59.301235,5,76.71653,10,66.75143,14,-1,-1,-1,-1,69,6,69,11,73,8,69,13,69,15,73,18,79,4,79,10,84,5,68,5,73,9,78,6,85.7819,6,78.550476,3,80.527084,11,70.67139,4,40.983604,1,88.587494,5,71.31989,3,67.46626,9,79.365074,6,58.593754,3,66.66667,2,64.10256,1,-1,0,74.62686,1,40.63646,7,-1,0,54.229935,10,56.726097,7,49.668873,9,60.634327,13,52.151237,8,65.16588,11,78.22685,12,57.636887,8,48.6618,8,71.94245,2,70.224724,5,66.425125,11,49.321827,8,60.634327,13,42.826557,4,45.04504,2,56.24297,10,42.918457,2,65.35948,4,71.94245,2,34.602074,2,89.92806,5,81.96721,2,59.88024,2,85.47009,2,72,2,78,2,70,7,-1,0,60,3,73,3,72,8,84,2,72,5,80,1,66,9,66,7,72,5,77,8,74,3,-1,-1,64,16,71,8,66,14,68,11,72.20217,4,64,7,68,11,71,7,75,4,62.111805,2,68,8,76,2,75,1,67,12,72,10,65,4,69,10,71,11,70,12,78,4,73,5,68,13,60,9,66,8,67,12,75,11,61,16,65,17,68,11,74,15,63,6,72,9,69,10,76,10,53.87931,10,70,16,74,10,69,19,74,11,64.10256,4,71,11,72,11,68,13,69,10,-1,-1,70,7,76,3,79,1,74,13,73,5,77,6,81,5,73,8,72,12,71,13,74,25
5:56:30 PM,49.737495,6,62,16,65,10,67,10,94.69697,3,81.79481,7,28.043934,4,56.653492,8,71.07439,8,-1,-1,-1,-1,-1,-1,-1,-1,64.36041,4,68.67234,7,70.83826,8,146.29048,7,-1,0,-1,0,-1,-1,-1,-1,78.12501,4,-1,0,40.90909,3,32.66195,1,59.14918,1,77.29113,7,74.84796,8,-1,-1,-1,-1,68,9,70,10,71,10,72,13,73,15,73,24,76,4,72,3,81,6,74,8,75,7,78,7,89.238625,7,78.550476,3,82.938385,7,69.44444,2,52.21932,4,92.99342,8,69.97314,5,78.12501,4,69.44444,1,57.283142,7,65.789474,6,89.285706,1,-1,0,-1,0,52.46389,4,15.015015,1,53.95684,3,55.292263,7,51.24451,7,58.593754,3,56.947613,5,58.333336,7,65.466446,8,74.40477,10,60.024014,10,48.54369,11,-1,0,54.824566,5,39.16449,3,62.111805,8,64.338234,7,52.91005,4,78.12501,2,53.19149,1,62.7615,3,79.365074,6,35.971226,2,70.09345,6,-1,0,78.12501,4,105.8201,4,75,3,75,3,74,3,-1,0,67,13,73,2,69,2,79,2,69,5,74,2,65,8,71,3,72,5,72,8,69,11,-1,-1,69,12,72,8,63,15,68,13,69.12441,3,64,11,66,12,60,16,68,14,75.75757,2,70,5,75,7,68,1,67,6,75,10,64,3,67,11,71,10,67,9,71,11,71,1,72,7,74,9,68,10,71,10,79,4,67,9,72,8,66,14,67,10,65,14,73,11,70,13,75,12,57.361374,12,74,11,77,9,62,18,71,10,67.46626,9,70,10,73,9,67,11,73,11,-1,-1,71,9,74,7,78,4,73,8,76,6,73,8,75,4,74,10,68,16,71,15,73,16
5:57 PM,54.058926,10,58,13,60,11,71,8,83.787186,4,74.51565,1,29.325514,2,84.368866,6,65.67693,5,-1,-1,-1,-1,-1,-1,-1,-1,62.337666,4,85.99508,7,41.866028,4,140.4604,6,-1,0,-1,0,-1,-1,-1,-1,87.71931,4,74.81649,8,43.084877,5,-1,0,46.136356,1,64.27915,7,75.49544,4,-1,-1,-1,-1,69,7,69,8,71,9,71,11,75,16,77,14,75,9,78,13,80,16,73,3,75,4,76,2,87.878784,8,78.550476,3,87.5,7,90.09008,2,53.19149,1,81.16883,5,80.78415,3,69.87578,9,66.66667,4,65.07592,6,58.593754,3,69.44444,1,-1,0,-1,0,47.65396,5,28.328611,4,57.471264,9,55.401665,12,60.51437,8,69.44444,2,60.72874,6,57.736713,5,60.51437,8,73.89163,6,55.555553,10,64.82983,8,61.57636,5,65.466446,8,51.25285,9,46.296295,7,69.44444,1,-1,0,68.21283,10,31.055902,1,60.72874,6,-1,0,-1,0,79.365074,3,81.96721,4,69.44444,2,-1,0,61,2,81,1,75,5,-1,0,66,5,73,3,69,7,78,5,74,6,76,6,69,8,69,4,67,3,72,1,67,7,-1,-1,63,11,73,10,61,12,71,12,67.873314,3,65,10,67,13,60,16,68,16,48.3871,3,65,7,72,10,65,5,63,6,72,5,62,1,72,7,78,7,65,11,72,9,70,3,66,1,74,2,71,12,69,7,71,14,71,9,71,5,76,9,79,12,61,15,68,10,65,18,74,11,62.695923,4,73,9,75,10,70,13,74,7,59.121624,7,68,10,72,7,63,12,70,10,-1,-1,71,14,78,7,84,4,74,9,71,5,68,9,76,12,72,8,73,9,75,11,76,12
5:57:30 PM,57.589462,7,58,16,69,9,71,4,54.545456,9,80.05693,9,27.52504,6,86.48431,5,48.863636,1,-1,-1,-1,-1,-1,-1,-1,-1,-1,0,57.72006,6,69.89349,7,140.4604,6,-1,0,-1,0,-1,-1,-1,-1,79.05139,8,65.82215,2,36.780483,10,33.243828,13,65.596725,3,81.869354,8,53.252186,7,-1,-1,-1,-1,70,6,72,4,71,8,76,9,76,12,75,11,78,6,80,5,80,2,65,5,68,14,75,13,69.818954,5,78.550476,3,87.5,7,69.44444,1,-1,0,84.80949,7,79.65166,6,66.66667,4,70.67139,4,67.56756,6,69.44444,2,66.66667,2,-1,0,69.44444,1,54.927948,5,28.409088,3,70,7,60,12,52.21932,4,53.19149,1,54.495914,4,67.56756,6,62.03474,10,93.16771,3,54.249546,12,70.67139,4,69.44444,2,63.291134,9,61.57636,5,61.867264,11,51.25285,9,45.04504,1,66.66667,8,-1,0,60.97561,4,64.10256,1,34.72222,1,74.906364,4,75.187965,2,81.96721,3,112.35956,2,68,2,80,2,73,2,77,2,62,6,72,3,67,2,77,4,70,2,71,1,71,7,69,4,74,2,72,4,64,5,-1,-1,67,13,75,9,63,11,73,10,60.97561,2,65,12,68,11,67,11,75,12,69.44444,1,66,12,70,17,58,4,65,9,71,16,65,5,72,6,73,5,66,6,76,9,64,5,70,6,67,2,-1,0,69,8,76,7,69,11,69,15,70,12,77,6,69,10,76,12,71,10,78,12,56.53266,9,66,20,73,10,71,15,72,14,72.58065,9,69,6,73,9,67,10,68,7,-1,-1,70,8,79,6,74,5,74,10,70,11,69,8,76,11,71,7,73,13,70,8,74,12
5:58 PM,45.454548,5,64,9,67,8,70,7,78.3699,7,67.842606,1,26.098307,8,54.292923,9,62.876,7,-1,-1,-1,-1,-1,-1,-1,-1,-1,0,67.75833,4,63.63636,12,139.86014,1,-1,0,-1,0,-1,-1,-1,-1,74.62686,1,85.12689,4,41.858967,13,31.712473,1,54.83099,7,72.9927,11,53.80563,8,-1,-1,-1,-1,68,8,66,12,70,9,70,7,70,8,72,14,82,7,80,8,83,5,69,8,72,8,74,9,79.090904,6,81.16883,5,71.09004,6,78.86436,5,53.19149,1,90.42406,9,79.80082,5,77.369446,8,84.26967,6,64.93507,7,67.698265,7,67.56756,3,-1,0,59.88024,2,46.013412,1,35.971226,2,49.019608,3,58.922558,7,46.72897,8,63.559326,6,64.28572,9,63.559326,6,66.666664,6,78.277885,8,54.570263,8,65.27415,5,71.94245,4,58.13953,2,69.20415,4,57.067604,13,58.593754,3,45.04504,1,58.13953,4,-1,0,63.451775,5,-1,0,42.735046,1,-1,0,-1,0,89.82036,3,69.44444,1,75,2,-1,0,72,6,81,2,69,2,72,2,70,5,72,2,65,8,66,7,71,3,72,1,74,3,72,4,69,4,-1,-1,68,11,76,5,65,13,71,12,51.02041,1,64,8,71,11,67,12,73,11,63.451775,5,58,12,72,14,57,5,63,12,68,16,60,3,69,14,70,13,69,5,71,5,64,2,59,1,64,5,71,10,74,8,76,7,68,9,72,12,70,12,78,10,66,7,74,8,71,10,78,5,57.75578,7,63,13,75,13,65,18,67,9,84.98583,6,72,10,73,10,63,12,72,6,-1,-1,71,7,76,7,82,2,74,12,71,1,74,6,79,4,71,11,73,4,69,15,76,20
5:58:30 PM,59.61252,2,64,7,68,7,73,7,83.55615,5,77.92208,6,24.849865,6,60.34617,6,-1,0,-1,-1,-1,-1,-1,-1,-1,-1,58.027077,1,61.88301,7,63.27479,7,140.58107,5,-1,0,-1,0,-1,-1,-1,-1,-1,0,-1,0,42.687748,9,-1,0,64.07828,1,76.36364,7,64.678406,6,-1,-1,-1,-1,66,8,70,11,67,5,72,8,74,14,80,17,79,8,79,8,82,5,70,3,76,5,78,4,86.0432,5,71.31989,3,90.09009,6,69.20415,4,40.983604,1,84.77054,4,80.78415,3,71.65605,9,71.09004,3,58.708416,6,67.20431,5,65.789474,3,-1,0,69.44444,1,43.971043,3,30.03003,2,52.966106,5,57.471268,3,55.401665,16,57.471268,6,44.64286,6,42.881645,5,68.07867,9,79.726654,7,61.7284,7,58.411213,5,69.44444,2,51.83789,11,67.04981,7,53.00354,3,70.224724,5,45.04504,1,53.846153,7,29.94012,1,-1,0,67.56756,3,26.455025,2,69.12441,3,60.240963,1,76.62836,4,84.26967,3,72,2,77,3,77,4,-1,0,64,7,74,3,71,3,76,3,71,6,75,5,66,10,71,9,74,3,78,1,70,5,-1,-1,73,7,77,9,64,14,74,7,64.308685,4,64,8,70,13,69,10,73,7,42.372883,3,66,14,74,10,50,1,60,13,70,14,63,3,65,11,66,17,66,13,70,14,61,6,65,13,-1,0,71,6,68,6,73,5,71,5,73,6,75,6,79,8,66,12,74,13,69,6,77,13,58.962265,5,72,12,77,5,59,18,72,14,68.87052,10,66,9,70,7,65,17,71,11,-1,-1,71,8,76,6,75,4,71,11,72,5,73,11,77,3,73,7,72,7,73,14,76,13
5:59 PM,56.98779,7,62,6,66,4,75,2,81.90008,8,86.03384,6,26.70524,4,74.41162,5,63.79065,5,-1,-1,-1,-1,-1,-1,-1,-1,63.424946,2,89.41878,2,79.545456,5,144.81093,9,-1,0,-1,0,-1,-1,-1,-1,73.20644,10,76.77698,9,38.657303,10,36.855034,3,-1,0,54.13941,8,74.5496,6,-1,-1,-1,-1,61,6,66,13,69,8,79,6,72,8,78,11,77,8,77,7,85,9,72,7,73,8,75,6,85.472885,9,87.077675,4,84.26967,6,90.09008,2,53.19149,1,82.73107,9,68.04573,2,62.7615,6,65.35948,4,75,3,93.16771,3,64.10256,2,-1,0,40.983604,1,52.074554,5,26.28121,4,48.6618,4,60.97561,4,54.229935,10,62.761505,9,53.846153,7,62.7615,6,57.14286,8,58.67014,9,61.11111,11,67.56756,6,69.44444,1,57.471268,6,64.308685,4,51.54639,11,50.607285,5,46.72897,4,36.49635,3,38.31418,2,72.81554,3,70.546745,8,26.455025,2,74.62686,1,74.62686,1,71.94245,2,81.96721,2,67,4,78,3,73,3,78,4,72,5,75,2,68,5,75,3,66,4,71,3,59,9,63,7,72,6,67,7,72,4,-1,-1,71,10,74,6,68,10,77,10,56.818176,3,65,10,72,7,56,17,70,18,49.019608,1,69,8,76,7,64,7,65,12,72,14,47,2,65,13,69,13,64,14,68,16,67,7,66,10,65,6,67,13,67,10,70,14,64,16,71,12,66,8,75,10,68,7,77,6,71,7,78,11,55.350555,6,68,9,73,9,61,13,70,4,62.949646,7,61,10,72,17,62,14,68,6,-1,-1,69,10,73,12,78,2,78,8,70,7,73,6,79,7,73,4,81,4,71,7,78,15
5:59:30 PM,61.63328,4,64,6,62,9,70,6,90.90909,4,80.756805,7,28.188866,6,83.61691,8,74.41163,6,-1,-1,-1,-1,-1,-1,-1,-1,-1,0,73.31378,5,73.26555,7,140.37433,7,-1,0,-1,0,-1,-1,-1,-1,76.62836,4,73.8985,6,36.96605,9,40.90909,6,51.83861,2,73.71007,3,80.450516,5,-1,-1,-1,-1,70,6,67,9,65,11,77,9,74,7,80,16,73,8,81,7,86,5,74,6,73,8,78,7,84.67977,6,129.13223,1,70.42254,9,77.31959,3,40.983604,1,87.03482,11,78.550476,3,73.64975,9,75.187965,2,56.2701,7,66.66667,4,90.09008,2,-1,0,69.44444,1,61.184048,4,30.03003,2,49.261086,4,51.41388,4,59.267242,11,62.597813,8,38.31418,6,57.471264,9,62.063614,16,47.892723,5,54.545456,12,54.021614,9,62.7615,3,55.831264,9,70.8502,7,58.922558,7,70.8502,7,56.17978,1,71.94245,6,-1,0,60,6,81.96721,2,35.971226,1,58.055157,8,57.471268,3,64.377686,3,74.62686,1,67,3,71,1,70,4,79,2,65,4,74,4,75,3,78,1,67,7,73,4,67,5,68,5,74,2,67,11,67,7,-1,-1,73,7,71,4,68,11,78,6,66.66667,1,71,10,74,11,66,14,76,6,51.54639,1,64,10,75,15,71,4,66,7,75,7,66,6,65,14,71,16,61,12,70,13,66,5,65,8,62,7,65,11,67,14,69,17,67,9,68,8,69,12,76,9,63,7,72,9,74,7,82,5,64.93507,2,70,9,77,9,67,13,74,9,87.41259,5,65,10,69,2,60,12,70,16,-1,-1,65,8,74,8,76,3,78,2,66,9,72,8,79,8,77,5,75,7,75,14,79,13
6:00 PM,60.944637,4,63,5,66,7,72,10,83.787186,4,71.022736,2,24.570023,1,78.181816,4,65.15151,6,-1,-1,-1,-1,-1,-1,-1,-1,89.41878,1,43.118935,4,46.59566,7,139.86014,4,-1,0,-1,0,-1,-1,-1,-1,89.285706,1,77.214455,1,40.304527,3,-1,0,58.216232,4,71.77034,6,76.960075,8,-1,-1,-1,-1,69,8,69,8,73,5,75,7,77,12,80,13,74,11,77,7,-1,0,67,8,72,9,76,5,77.76884,8,70.58159,6,74.906364,4,71.94245,2,44.247784,3,82.73107,6,82.74493,3,70.24266,11,77.31959,3,60.97561,4,64.308685,4,76.62836,4,-1,0,74.62686,1,44.37658,4,27.573528,3,49.999996,1,61.188812,14,50.93379,6,52.91005,2,62.597813,8,64.26735,5,86.666664,13,75,6,59.687782,13,34.403667,6,69.44444,1,56.249996,9,46.948357,6,55.788006,8,60.06006,4,-1,0,40.322582,3,-1,0,59.88024,2,-1,0,34.72222,1,71.94245,2,89.285706,1,69.44444,2,69.44444,1,64,2,74,1,71,1,76,1,62,9,73,2,74,3,74,3,66,6,76,4,63,7,67,5,67,3,70,4,65,7,-1,-1,70,8,71,3,69,8,74,4,78.12501,1,70,8,77,6,72,8,79,8,54.94505,5,65,14,73,9,64,5,67,6,76,15,66,4,65,8,75,6,63,17,70,14,66,5,71,6,63,5,67,12,65,14,73,11,72,10,75,7,70,10,76,9,59,12,70,12,69,10,76,12,53.29458,11,72,7,78,6,64,8,76,9,70.92199,2,67,10,72,12,56,11,69,3,-1,-1,65,12,76,15,77,1,80,8,77,4,75,5,81,4,70,3,75,5,73,6,79,9