 ,4054,4054,4055,4055,4056,4056,4057,4057,4059,4059,4060,4060,4061,4061,4062,4062,4063,4063,4064,4064,4065,4065,4066,4066,4067,4067,4102,4102,4103,4103,4104,4104,4163,4163,4164,4164,4165,4165,4172,4172,4173,4173,4175,4175,4176,4176,4177,4177,4178,4178,4180,4180,4181,4181,4182,4182,4186,4186,4187,4187,4189,4189,4190,4190,4191,4191,5346,5346,5347,5347,5348,5348,5382,5382,5383,5383,5384,5384,5385,5385,5386,5386,5387,5387,6991,6991,6992,6992,6993,6993,6994,6994,6995,6995,6999,6999,7000,7000,7001,7001,7002,7002,7003,7003,7004,7004,7005,7005,7007,7007,7008,7008,7010,7010,7011,7011,7012,7012,7013,7013,7014,7014,7018,7018,7019,7019,7021,7021,7022,7022,7023,7023,7024,7024,7025,7025,7026,7026,7027,7027,7029,7029,7030,7030,7031,7031,7725,7725,7728,7728,7729,7729,7730,7730,7731,7731,7732,7732,7733,7733,7757,7757,7758,7758,7794,7794,7795,7795,7796,7796,7797,7797,7798,7798,7799,7799,7800,7800,7801,7801,7802,7802,7803,7803,7804,7804,7805,7805,7806,7806,7807,7807,7808,7808,7809,7809,8209,8209,8210,8210,8215,8215,8216,8216,8217,8217,8218,8218,8219,8219,8224,8224,8225,8225,8226,8226,8227,8227,8228,8228,8233,8233,8234,8234,8235,8235,8236,8236,8237,8237,8238,8238,8239,8239,8240,8240,8241,8241,8242,8242,8243,8243,8244,8244,8245,8245,8246,8246,8251,8251,8252,8252,8253,8253,8254,8254,8255,8255,8256,8256,8258,8258,8259,8259,8260,8260,8261,8261,8262,8262,8267,8267,8268,8268,8269,8269,8270,8270,8271,8271,8276,8276,8277,8277,8278,8278,8284,8284,8285,8285,8362,8362,8363,8363,8364,8364,8365,8365,8366,8366,8369,8369,8370,8370,8371,8371,8372,8372
 ,Speed,Volume,Speed,Volume,Speed,Volume,Speed,Volume,Speed,Volume,Speed,Volume,Speed,Volume,Speed,Volume,Speed,Volume,Speed,Volume,Speed,Volume,Speed,Volume,Speed,Volume,Speed,Volume,Speed,Volume,Speed,Volume,Speed,Volume,Speed,Volume,Speed,Volume,Speed,Volume,Speed,Volume,Speed,Volume,Speed,Volume,Speed,Volume,Speed,Volume,Speed,Volume,Speed,Volume,Speed,Volume,Speed,Volume,Speed,Volume,Speed,Volume,Speed,Volume,Speed,Volume,Speed,Volume,Speed,Volume,Speed,Volume,Speed,Volume,Speed,Volume,Speed,Volume,Speed,Volume,Speed,Volume,Speed,Volume,Speed,Volume,Speed,Volume,Speed,Volume,Speed,Volume,Speed,Volume,Speed,Volume,Speed,Volume,Speed,Volume,Speed,Volume,Speed,Volume,Speed,Volume,Speed,Volume,Speed,Volume,Speed,Volume,Speed,Volume,Speed,Volume,Speed,Volume,Speed,Volume,Speed,Volume,Speed,Volume,Speed,Volume,Speed,Volume,Speed,Volume,Speed,Volume,Speed,Volume,Speed,Volume,Speed,Volume,Speed,Volume,Speed,Volume,Speed,Volume,Speed,Volume,Speed,Volume,Speed,Volume,Speed,Volume,Speed,Volume,Speed,Volume,Speed,Volume,Speed,Volume,Speed,Volume,Speed,Volume,Speed,Volume,Speed,Volume,Speed,Volume,Speed,Volume,Speed,Volume,Speed,Volume,Speed,Volume,Speed,Volume,Speed,Volume,Speed,Volume,Speed,Volume,Speed,Volume,Speed,Volume,Speed,Volume,Speed,Volume,Speed,Volume,Speed,Volume,Speed,Volume,Speed,Volume,Speed,Volume,Speed,Volume,Speed,Volume,Speed,Volume,Speed,Volume,Speed,Volume,Speed,Volume,Speed,Volume,Speed,Volume,Speed,Volume,Speed,Volume,Speed,Volume,Speed,Volume,Speed,Volume,Speed,Volume,Speed,Volume,Speed,Volume,Speed,Volume,Speed,Volume,Speed,Volume,Speed,Volume,Speed,Volume,Speed,Volume,Speed,Volume,Speed,Volume,Speed,Volume,Speed,Volume,Speed,Volume,Speed,Volume,Speed,Volume,Speed,Volume,Speed,Volume,Speed,Volume,Speed,Volume,Speed,Volume,Speed,Volume,Speed,Volume,Speed,Volume,Speed,Volume,Speed,Volume,Speed,Volume,Speed,Volume,Speed,Volume,Speed,Volume,Speed,Volume,Speed,Volume,Speed,Volume,Speed,Volume,Speed,Volume,Speed,Volume,Speed,Volume,Speed,Volume,Speed,Volume
 ,4/8/26,4/8/26,4/8/26,4/8/26,4/8/26,4/8/26,4/8/26,4/8/26,4/8/26,4/8/26,4/8/26,4/8/26,4/8/26,4/8/26,4/8/26,4/8/26,4/8/26,4/8/26,4/8/26,4/8/26,4/8/26,4/8/26,4/8/26,4/8/26,4/8/26,4/8/26,4/8/26,4/8/26,4/8/26,4/8/26,4/8/26,4/8/26,4/8/26,4/8/26,4/8/26,4/8/26,4/8/26,4/8/26,4/8/26,4/8/26,4/8/26,4/8/26,4/8/26,4/8/26,4/8/26,4/8/26,4/8/26,4/8/26,4/8/26,4/8/26,4/8/26,4/8/26,4/8/26,4/8/26,4/8/26,4/8/26,4/8/26,4/8/26,4/8/26,4/8/26,4/8/26,4/8/26,4/8/26,4/8/26,4/8/26,4/8/26,4/8/26,4/8/26,4/8/26,4/8/26,4/8/26,4/8/26,4/8/26,4/8/26,4/8/26,4/8/26,4/8/26,4/8/26,4/8/26,4/8/26,4/8/26,4/8/26,4/8/26,4/8/26,4/8/26,4/8/26,4/8/26,4/8/26,4/8/26,4/8/26,4/8/26,4/8/26,4/8/26,4/8/26,4/8/26,4/8/26,4/8/26,4/8/26,4/8/26,4/8/26,4/8/26,4/8/26,4/8/26,4/8/26,4/8/26,4/8/26,4/8/26,4/8/26,4/8/26,4/8/26,4/8/26,4/8/26,4/8/26,4/8/26,4/8/26,4/8/26,4/8/26,4/8/26,4/8/26,4/8/26,4/8/26,4/8/26,4/8/26,4/8/26,4/8/26,4/8/26,4/8/26,4/8/26,4/8/26,4/8/26,4/8/26,4/8/26,4/8/26,4/8/26,4/8/26,4/8/26,4/8/26,4/8/26,4/8/26,4/8/26,4/8/26,4/8/26,4/8/26,4/8/26,4/8/26,4/8/26,4/8/26,4/8/26,4/8/26,4/8/26,4/8/26,4/8/26,4/8/26,4/8/26,4/8/26,4/8/26,4/8/26,4/8/26,4/8/26,4/8/26,4/8/26,4/8/26,4/8/26,4/8/26,4/8/26,4/8/26,4/8/26,4/8/26,4/8/26,4/8/26,4/8/26,4/8/26,4/8/26,4/8/26,4/8/26,4/8/26,4/8/26,4/8/26,4/8/26,4/8/26,4/8/26,4/8/26,4/8/26,4/8/26,4/8/26,4/8/26,4/8/26,4/8/26,4/8/26,4/8/26,4/8/26,4/8/26,4/8/26,4/8/26,4/8/26,4/8/26,4/8/26,4/8/26,4/8/26,4/8/26,4/8/26,4/8/26,4/8/26,4/8/26,4/8/26,4/8/26,4/8/26,4/8/26,4/8/26,4/8/26,4/8/26,4/8/26,4/8/26,4/8/26,4/8/26,4/8/26,4/8/26,4/8/26,4/8/26,4/8/26,4/8/26,4/8/26,4/8/26,4/8/26,4/8/26,4/8/26,4/8/26,4/8/26,4/8/26,4/8/26,4/8/26,4/8/26,4/8/26,4/8/26,4/8/26,4/8/26,4/8/26,4/8/26,4/8/26,4/8/26,4/8/26,4/8/26,4/8/26,4/8/26,4/8/26,4/8/26,4/8/26,4/8/26,4/8/26,4/8/26,4/8/26,4/8/26,4/8/26,4/8/26,4/8/26,4/8/26,4/8/26,4/8/26,4/8/26,4/8/26,4/8/26,4/8/26,4/8/26,4/8/26,4/8/26,4/8/26,4/8/26,4/8/26,4/8/26,4/8/26,4/8/26,4/8/26,4/8/26,4/8/26,4/8/26,4/8/26,4/8/26,4/8/26,4/8/26,4/8/26,4/8/26,4/8/26,4/8/26,4/8/26,4/8/26,4/8/26,4/8/26,4/8/26,4/8/26,4/8/26,4/8/26,4/8/26,4/8/26,4/8/26,4/8/26,4/8/26,4/8/26,4/8/26,4/8/26,4/8/26,4/8/26,4/8/26,4/8/26,4/8/26,4/8/26,4/8/26,4/8/26,4/8/26
9:00:30 AM,50.97706,3,65,6,70,6,76,5,65.06786,7,68.13315,7,28.116213,1,58.055805,6,75.87521,5,-1,-1,-1,-1,-1,-1,-1,-1,62.695923,3,77.55278,3,56.593605,6,149.0313,5,-1,0,-1,0,-1,-1,-1,-1,71.09004,3,83.417274,5,44.70939,2,39.241337,2,59.14918,1,70.72344,8,63.302265,6,-1,-1,-1,-1,66,14,68,10,72,10,74,6,78,6,83,6,81,10,80,9,83,11,73,7,77,8,77,12,77.94768,9,79.65166,6,51.903114,9,69.44444,1,47.393364,2,48.038692,10,78.60223,7,55.928413,10,77.369446,8,52.151237,8,71.09004,3,-1,0,-1,0,-1,0,-1,0,-1,0,-1,0,-1,0,-1,0,25,5,62.111797,6,44.444443,4,81.96721,2,71.09004,3,52.966106,5,-1,0,43.424316,7,69.44444,2,64.93507,7,69.44444,2,53.19149,1,31.249998,5,-1,0,64.308685,4,69.44444,2,34.72222,1,71.94245,2,64.377686,3,43.38395,4,81.96721,2,70,4,75,6,65,2,74,4,67,6,74,4,68,8,74,10,68,3,78,2,58,4,67,8,66,6,75,1,70,4,-1,-1,66,13,77,8,62,12,72,6,86.2069,2,68,6,70,13,71,14,75,10,64.516136,2,69,12,70,6,64,10,63,15,71,13,76,2,71,7,73,10,62,9,69,4,81,2,72,3,72,5,74,9,72,8,73,4,70,13,75,7,73,11,79,10,66,12,72,13,72,13,77,11,68.181816,6,72,12,77,5,68,9,73,7,60.882797,8,65,10,73,8,65,17,72,10,-1,-1,69,8,78,5,81,4,76,7,76,7,75,7,78,9,75,4,70,8,73,7,79,7
9:01 AM,60.774883,4,69,7,69,7,76,4,72.56894,11,79.54545,7,33.879166,1,52.73054,5,61.51897,7,-1,-1,-1,-1,-1,-1,-1,-1,63.424946,2,68.181816,5,68.181816,5,138.84297,14,-1,0,-1,0,-1,-1,-1,-1,-1,0,-1,0,42.447826,8,-1,0,49.081234,1,64.62732,5,64.82482,7,-1,-1,-1,-1,73,8,65,10,70,10,72,8,75,6,78,4,80,12,76,9,84,15,76,8,74,10,77,12,72.16324,9,65.939865,6,73.52941,8,58.055157,8,-1,0,58.10625,7,78.91413,2,40.68716,9,74.906364,4,43.706295,10,59.642143,12,-1,0,-1,0,-1,0,-1,0,-1,0,-1,0,-1,0,-1,0,48.814503,7,66.66667,4,46.25736,11,74.906364,4,49.999996,8,79.365074,3,112.35956,2,51.54639,2,46.583855,6,42.27053,7,48.92368,5,38.31418,4,79.365074,3,42.735046,1,69.44444,1,51.085567,8,42.735046,1,69.12441,3,62.111805,4,37.700283,8,80.645164,6,70,5,75,7,69,3,77,6,67,2,74,3,71,4,71,2,71,6,75,1,69,7,73,1,62,3,70,7,70,4,-1,-1,72,16,77,4,62,18,71,12,76.53061,3,61,9,75,5,71,12,75,9,54.347828,1,66,13,73,10,68,9,68,10,68,7,60,10,64,8,72,12,68,8,75,12,66,3,66,4,70,2,64,4,69,9,74,8,67,12,74,13,74,11,77,8,68,9,77,11,70,17,74,17,58.593754,3,70,13,78,10,69,14,76,3,68.181816,3,71,8,74,6,64,12,71,6,-1,-1,73,11,76,10,75,6,75,6,75,6,74,10,78,15,73,3,76,4,75,6,81,5
9:01:30 AM,49.288067,6,63,8,66,4,63,8,81.65488,3,81.75278,5,35.650623,2,68.690094,11,70.919655,10,-1,-1,-1,-1,-1,-1,-1,-1,-1,0,86.974525,7,66.12091,11,139.86015,3,-1,0,-1,0,-1,-1,-1,-1,81.96721,1,80.30303,2,46.62005,1,42.724895,3,82.38636,1,65.454544,6,70.2302,3,-1,-1,-1,-1,70,6,64,7,76,4,77,6,76,8,81,9,79,10,79,7,83,5,74,9,77,6,78,11,64.23888,15,79.54545,7,73.74631,10,90.09009,6,-1,0,75.22547,13,66.55131,8,49.39627,9,71.09004,3,18.939392,2,75,3,-1,0,-1,0,-1,0,-1,0,-1,0,-1,0,-1,0,-1,0,56.726097,7,48.622368,6,62.03474,10,76.62836,4,40.369087,7,58.922558,7,69.44444,2,39.138943,4,59.88024,2,62.7615,3,69.20415,4,-1,0,56.3063,5,-1,0,113.63637,1,58.593754,3,23.696682,1,80.38586,5,89.285706,1,47.393364,2,69.44444,2,68,8,75,1,68,5,75,6,61,11,67,7,71,4,73,3,68,5,72,1,64,8,69,6,72,3,69,5,69,6,-1,-1,72,8,76,8,66,17,75,6,68.02721,4,62,15,69,13,65,14,75,8,59.171593,4,70,8,75,10,68,6,70,6,74,9,65,8,70,13,74,8,65,10,72,9,75,1,-1,0,63,2,72,4,72,8,78,10,67,11,73,11,69,12,77,14,70,12,73,8,71,12,78,4,67.340065,8,68,20,74,13,69,18,77,9,76.33588,6,69,10,75,5,65,13,71,4,-1,-1,70,9,76,5,82,4,75,1,71,8,63,10,77,13,78,3,75,10,70,7,76,14
9:02 AM,48.270317,4,66,6,64,6,71,8,44.238,4,76.07455,4,31.712473,2,65.88355,3,51.98259,1,-1,-1,-1,-1,-1,-1,-1,-1,49.140045,1,31.16883,6,46.287228,9,140.30986,8,-1,0,-1,0,-1,-1,-1,-1,68.119896,5,78.72846,4,23.578728,3,38.23279,3,55.31938,5,75.49544,8,67.1141,11,-1,-1,-1,-1,68,10,67,8,69,9,74,9,71,8,77,9,72,9,75,10,85,4,66,4,69,9,72,12,87.37948,7,78.91413,2,60.01847,13,75.07507,5,53.19149,1,65.191986,10,72.564735,10,63.89776,12,60.97561,8,47.748978,7,62.111805,2,-1,0,-1,0,-1,0,-1,0,-1,0,-1,0,-1,0,-1,0,64.10256,2,36.49635,3,71.94245,6,53.846153,7,56.249996,9,69.12441,3,74.62686,1,23.364485,2,59.288544,6,34.168568,3,62.7615,3,-1,0,71.42857,5,45.731705,3,58.593754,3,128.20512,1,35.335693,2,60.97561,4,81.96721,2,35.161743,5,78.86436,5,68,4,75,3,71,8,77,1,65,9,72,6,69,6,75,6,68,2,73,5,63,7,73,1,65,4,69,8,60,7,-1,-1,70,9,75,7,70,11,75,7,96.15385,3,66,13,69,5,64,15,71,12,38.31418,2,66,9,75,7,69,6,70,7,77,10,66,6,72,5,72,7,67,13,77,10,74,3,73,6,73,4,71,6,70,10,73,6,69,15,73,11,71,12,76,11,65,13,75,14,72,10,76,13,62.111805,4,71,14,78,4,67,22,71,11,67.56757,8,68,10,72,9,67,10,72,6,-1,-1,70,6,76,5,77,8,78,4,72,5,75,7,83,4,72,4,71,8,71,9,80,5
9:02:30 AM,60.27122,2,70,6,63,5,71,5,36.805298,4,83.787186,4,33.259422,4,43.114975,4,70.307396,4,-1,-1,-1,-1,-1,-1,-1,-1,-1,0,64.93507,8,69.270355,10,143.54068,6,-1,0,-1,0,-1,-1,-1,-1,69.44444,1,-1,0,41.41195,7,-1,0,-1,0,35.219017,8,60.31883,7,-1,-1,-1,-1,75,5,70,8,69,6,71,6,74,7,82,9,71,14,77,17,82,17,72,4,76,8,81,3,40.33604,5,75.75757,6,75.0469,8,76.62836,4,-1,0,61.544987,11,69.910515,11,52.461662,13,85.71429,6,52,13,60.024014,10,-1,0,-1,0,-1,0,-1,0,-1,0,-1,0,-1,0,-1,0,61.57636,5,52.966106,5,77.31959,3,56.3063,5,40.91653,10,71.09004,3,71.09004,3,52.63158,10,66.666664,6,28.735634,3,60.97561,8,-1,0,33.579582,10,31.055902,2,70.67139,4,56.17978,2,-1,0,59.88024,2,-1,0,76.62836,4,92.165886,4,68,5,75,4,71,4,74,3,63,9,70,4,70,8,74,9,73,4,77,2,72,5,72,4,71,1,70,4,65,8,-1,-1,71,8,75,6,67,10,71,6,49.50495,1,68,8,69,9,70,12,73,6,49.944504,9,63,8,70,10,64,11,68,11,73,9,66,9,74,8,70,8,70,7,75,6,59,2,70,5,71,6,71,7,70,8,75,9,71,7,72,7,71,12,78,9,65,11,71,9,70,20,75,12,67.56757,1,75,11,76,10,66,20,75,6,72.55937,11,70,11,72,9,65,11,72,9,-1,-1,73,8,77,6,72,6,78,4,68,9,72,11,78,8,74,4,72,3,71,3,80,6
9:03 AM,51.94805,4,65,13,67,11,69,3,64.62732,9,77.416504,7,-1,0,38.013847,4,71.858284,4,-1,-1,-1,-1,-1,-1,-1,-1,75.75757,1,75.45814,7,74.76858,6,142.1801,11,-1,0,-1,0,-1,-1,-1,-1,87.2093,3,-1,0,51.701855,2,41.958042,5,-1,0,50.718513,11,63.09885,9,-1,-1,-1,-1,68,11,69,11,72,12,73,5,77,9,85,2,74,10,79,18,83,11,71,12,72,12,78,15,79.56832,12,73.07805,4,34.106415,5,80.38586,5,34.72222,1,77.199524,8,78.64108,4,46.826225,9,76.21951,10,45.55809,8,72.81554,3,-1,0,-1,0,-1,0,-1,0,-1,0,-1,0,-1,0,-1,0,68.02721,4,38.56041,3,72.9927,6,37.52345,4,72.674416,5,85.836914,4,89.82036,3,40.19293,5,71.09004,3,50.556118,10,60.06006,4,45.04504,2,59.523815,8,-1,0,69.44444,2,48.54369,2,38.31418,2,52.91005,2,-1,0,72.674416,5,81.96721,2,71,3,76,1,69,11,77,2,67,7,74,1,68,7,74,3,68,3,75,1,70,4,75,4,-1,0,69,6,66,7,-1,-1,70,11,73,11,63,11,71,8,80.64516,1,67,6,69,9,70,13,73,14,53.19149,2,68,10,74,10,64,4,67,12,72,10,66,11,68,10,71,9,69,11,74,9,72,1,69,2,63,3,66,8,74,3,73,10,71,9,74,7,73,9,76,8,65,14,71,8,68,15,70,12,64.72492,4,66,19,73,16,75,14,75,8,69.93007,8,69,13,73,5,63,16,70,9,-1,-1,76,8,80,9,76,7,71,4,68,9,73,17,78,13,70,9,69,8,70,9,79,9
9:03:30 AM,38.177044,8,68,6,65,3,72,7,69.22012,6,81.90008,4,65.71742,1,63.73518,9,67.65734,9,-1,-1,-1,-1,-1,-1,-1,-1,40.858017,2,55.20795,5,63.636364,2,144.30014,10,-1,0,-1,0,-1,-1,-1,-1,69.44444,2,83.648994,1,43.636364,2,-1,0,66.383255,6,72.405464,9,77.55278,6,-1,-1,-1,-1,64,5,65,14,72,12,71,9,71,8,79,9,76,14,78,12,85,10,66,9,73,13,75,14,64.807365,10,69.93007,8,73.74631,10,71.94245,4,-1,0,55.855164,4,89.01021,6,73.22175,7,73.89163,6,42.265427,10,63.37136,10,-1,0,-1,0,-1,0,-1,0,-1,0,-1,0,-1,0,-1,0,47.34848,5,50,6,82.938385,7,97.65626,5,61.188812,7,31.779663,3,62.111805,2,39.525696,4,77.31959,3,36.842106,7,71.09004,3,37.593983,1,60.024014,10,38.31418,2,69.44444,2,74.62686,1,-1,0,61.57636,5,66.66667,2,69.20415,4,77.31959,3,68,6,67,5,73,7,73,3,64,13,70,9,69,6,75,1,62,8,75,8,65,3,71,3,-1,0,77,6,69,5,-1,-1,74,10,76,3,68,15,72,10,73.52941,1,65,7,70,12,68,9,75,8,72.463776,2,67,12,73,11,-1,0,70,12,75,12,61,2,68,14,69,9,67,9,71,8,70,7,67,2,70,5,73,6,69,3,76,5,65,13,71,14,71,9,76,9,69,11,72,6,69,11,74,7,52.91005,4,66,15,72,9,62,23,71,12,74.40477,5,72,7,74,8,63,16,70,6,-1,-1,71,13,78,5,75,6,71,8,69,12,75,15,79,15,69,9,71,5,71,7,76,8
9:04 AM,63.72132,5,64,8,71,5,72,6,77.639755,11,80.30839,5,34.965034,1,65.27239,6,67.63133,4,-1,-1,-1,-1,-1,-1,-1,-1,-1,0,65.454544,3,85.99508,2,143.54068,6,-1,0,-1,0,-1,-1,-1,-1,78.12501,4,83.648994,1,38.891586,4,37.79131,3,-1,0,47.568707,3,65.71742,1,-1,-1,-1,-1,72,10,71,10,72,9,72,6,73,7,77,9,79,9,80,9,86,9,66,9,73,15,75,16,54.26106,15,80.30839,4,48.076923,11,73.74631,10,58.593754,3,65.31042,12,74.17518,5,34.843204,6,72.81554,3,42.19409,6,73.89163,6,-1,0,-1,0,-1,0,-1,0,-1,0,-1,0,-1,0,-1,0,35.971226,4,67.04981,7,59.97001,8,54.824566,5,69.87578,9,70.67139,4,89.82036,3,71.94245,4,31.38075,3,57.736713,5,41.841,2,-1,0,30.193237,5,26.455025,2,-1,0,-1,0,26.455025,1,69.20415,4,59.95204,5,74.906364,4,71.42857,5,66,3,72,3,69,6,75,6,66,7,70,3,66,7,73,8,70,2,78,2,64,8,68,6,-1,0,71,6,68,8,-1,-1,68,13,72,10,67,11,75,4,47.468353,3,69,10,72,13,67,10,73,13,72.463776,1,65,9,73,8,64,12,69,11,73,16,77,1,72,10,73,13,66,15,73,8,68,3,69,1,66,5,70,5,72,5,74,11,68,9,71,10,70,13,77,13,68,7,72,8,74,7,76,6,54.347828,4,67,13,72,8,62,16,73,10,59.14468,13,64,11,71,14,68,7,73,6,-1,-1,70,12,78,5,82,5,72,8,71,9,72,12,80,12,72,5,70,4,77,5,76,3
9:04:30 AM,54.390053,7,71,5,70,5,73,6,76.07455,4,51.18755,5,23.958471,3,75.3896,9,63.596924,6,-1,-1,-1,-1,-1,-1,-1,-1,32.180206,2,82.02324,2,78.02824,6,143.54068,12,-1,0,-1,0,-1,-1,-1,-1,78.12501,2,-1,0,39.241337,3,-1,0,68.860245,1,68.181816,5,97.402596,1,-1,-1,-1,-1,69,13,68,8,70,4,73,4,76,5,78,7,73,13,77,16,81,14,73,9,74,10,79,8,59.377556,4,82.58456,5,57.80347,14,71.57464,7,51.54639,2,66.856224,12,73.07805,8,62.28766,11,79.365074,6,36.873154,5,76.62836,4,-1,0,-1,0,-1,0,-1,0,-1,0,-1,0,-1,0,-1,0,68.02721,4,73.52941,4,40.650406,7,67.340065,8,49.40712,5,45.95588,5,69.44444,1,63.559326,6,73.74631,5,52.447556,6,39.682537,3,-1,0,66.00661,8,-1,0,65.789474,3,-1,0,42.735046,1,71.42857,5,69.44444,2,87.71931,8,-1,0,69,4,73,3,69,4,73,3,66,7,72,9,68,6,73,4,71,5,74,2,54,7,66,3,74,2,67,6,74,2,-1,-1,68,7,74,13,67,12,70,11,86.2069,2,67,9,77,5,70,19,76,14,54.644806,2,62,7,72,15,65,3,65,12,76,5,64,11,69,14,71,11,72,12,73,12,65,8,67,13,70,7,68,16,67,10,71,9,68,12,69,20,67,9,77,14,65,12,73,15,68,10,72,9,62.111805,2,72,7,75,6,60,20,70,7,68.610634,8,66,10,69,9,59,23,69,11,-1,-1,70,8,79,3,78,4,77,3,73,7,74,11,78,13,78,3,66,6,74,8,78,3
9:05 AM,38.322334,6,68,7,69,4,75,5,75.39854,7,68.181816,6,-1,0,70.30739,5,52.730545,6,-1,-1,-1,-1,-1,-1,-1,-1,30.643517,1,78.48267,6,66.751434,8,140.4604,6,-1,0,-1,0,-1,-1,-1,-1,81.96721,4,81.38821,3,41.797283,2,61.287033,1,41.56429,1,68.82708,4,71.20816,5,-1,-1,-1,-1,73,9,71,6,78,4,70,6,77,5,77,2,80,10,78,11,86,9,72,8,72,13,76,17,76.86191,16,63.44462,9,71.94245,2,71.94245,2,-1,0,53.11679,12,68.181816,6,43.731777,12,76.754395,7,57.531376,11,67.46626,9,-1,0,-1,0,-1,0,-1,0,-1,0,-1,0,-1,0,-1,0,45.04504,2,60.06006,4,80,8,99.99999,1,43.409626,11,60.97561,4,69.44444,1,47.34848,5,48.355904,5,58.055157,8,52.910057,6,45.04504,1,24.3309,2,48.231514,3,58.411213,5,74.62686,1,34.72222,1,59.88024,2,74.62686,1,81.96721,3,99.99999,2,74,8,-1,0,72,7,75,5,63,7,70,4,69,8,73,8,70,3,74,1,69,4,74,1,63,3,63,2,66,9,-1,-1,74,8,81,1,65,12,73,12,83.33332,2,67,12,68,10,67,15,80,5,61.53846,4,70,14,74,13,66,4,66,10,72,18,60,4,65,11,75,6,66,15,74,10,65,6,67,5,68,7,65,12,67,11,73,9,67,17,72,12,69,14,77,23,67,8,71,11,69,17,74,15,52.356018,2,69,11,71,7,71,8,74,5,79.365074,3,65,13,69,8,64,12,68,4,-1,-1,67,18,74,9,84,4,78,4,73,13,70,16,78,15,75,2,73,4,75,8,77,7
9:05:30 AM,54.91153,12,63,15,65,11,69,9,69.01991,7,84.17508,7,29.725046,2,73.82276,7,54.142536,4,-1,-1,-1,-1,-1,-1,-1,-1,42.613636,2,81.90008,5,70.66681,13,-1,0,-1,0,-1,0,-1,-1,-1,-1,77.31959,3,74.81649,4,16.50392,2,39.525692,6,61.51515,2,67.340065,7,70.07981,6,-1,-1,-1,-1,71,5,72,6,73,5,72,3,74,6,77,7,74,16,78,17,83,17,67,14,72,14,76,11,78.09135,10,74.76077,6,74.40477,10,64.655174,12,-1,0,59.310764,8,86.61308,5,53.89718,13,76.62836,8,34.324944,9,61.475407,3,-1,0,-1,0,-1,0,-1,0,-1,0,-1,0,-1,0,-1,0,46.189373,4,58.997047,4,47.393364,2,77.31959,3,65.31205,9,56.17977,3,70.67139,4,42.857143,9,65.789474,3,50.79826,7,79.365074,3,66.66667,2,62.761505,9,42.735046,1,72.81554,3,60.240963,1,29.94012,1,-1,0,-1,0,97.08738,4,84.26967,3,68,1,87,1,74,5,82,4,63,9,73,4,66,3,71,6,70,7,76,6,71,5,73,1,70,1,73,3,58,4,-1,-1,70,7,74,11,69,10,74,4,72.9927,2,67,10,72,12,71,11,76,13,64.10257,3,70,9,79,7,69,9,68,11,75,15,75,5,69,11,73,16,68,10,74,8,-1,0,-1,0,65,4,66,9,71,8,75,11,67,8,72,5,72,13,79,7,61,18,69,24,68,14,71,15,53.763443,5,68,20,72,13,64,13,70,5,72.9927,2,69,6,73,4,59,17,64,10,-1,-1,72,7,78,2,76,9,80,3,71,7,75,11,78,11,69,3,74,8,73,9,78,7
9:06 AM,52.296696,10,63,18,71,4,72,8,74.51565,2,74.51565,1,23.112482,2,66.03194,5,71.858284,8,-1,-1,-1,-1,-1,-1,-1,-1,42.613636,2,64.36041,8,68.771286,10,140.58107,5,-1,0,-1,0,-1,-1,-1,-1,41.407864,4,60.227272,2,61.287033,1,54.545452,1,56.126957,5,73.59956,9,70.588234,11,-1,-1,-1,-1,75,1,68,3,76,7,72,8,76,11,81,8,77,16,79,11,87,14,71,10,73,16,77,15,62.42376,12,72.99981,6,70.32349,10,80,8,53.19149,1,67.62574,13,74.07846,10,51.457973,6,70.67139,4,46.826225,9,62.111805,8,-1,0,-1,0,-1,0,-1,0,-1,0,-1,0,-1,0,-1,0,56.17978,2,59.88024,2,70.42254,9,65.789474,3,29.94012,1,53.19149,1,74.62686,1,64.23983,6,69.44444,2,42.41282,9,64.308685,4,52.91005,2,42.19409,6,41.841,2,49.019608,3,60.240963,1,-1,0,44.444443,4,74.62686,1,81.96721,3,90.09008,2,69,5,71,3,70,3,-1,0,67,6,76,7,71,10,75,6,72,4,73,3,68,8,75,5,73,1,76,1,68,1,-1,-1,69,11,74,6,67,8,74,8,73.89163,3,67,6,72,4,68,14,76,11,62.111805,2,68,11,71,11,69,3,68,8,73,6,65,10,67,14,75,12,70,14,75,13,75,2,81,2,65,1,70,6,71,4,74,8,69,8,77,6,72,6,83,3,66,12,75,7,66,14,70,19,47.233467,7,70,15,76,11,63,-1,69,11,63.593006,8,65,7,70,9,65,9,70,4,-1,-1,69,13,73,8,77,6,72,6,72,17,71,15,80,15,72,4,72,10,70,8,77,7
9:06:30 AM,51.783657,6,66,5,69,4,75,4,57.85124,7,72.32669,13,33.879166,3,87.954544,3,72.9308,1,-1,-1,-1,-1,-1,-1,-1,-1,81.41112,1,57.72006,4,66.13478,6,139.86014,4,-1,0,-1,0,-1,-1,-1,-1,81.96721,1,89.89145,1,28.116213,1,26.3081,6,82.38636,1,61.373222,8,74.833694,9,-1,-1,-1,-1,71,9,69,10,73,10,72,9,72,9,81,4,74,11,79,10,84,7,71,12,72,17,80,14,74.58847,11,68.766335,8,55.187634,10,70.09345,6,53.19149,1,90.53446,10,75.757576,8,57.471268,12,73.333336,11,37.220844,6,60.827248,10,-1,0,-1,0,-1,0,-1,0,-1,0,-1,0,-1,0,-1,0,52.91005,4,35.046726,3,61.188812,7,35.046726,3,55.331993,11,69.44444,2,113.63637,1,41.841,2,69.44444,2,60,9,62.111805,2,56.17978,1,19.15709,1,42.918457,2,71.09004,3,31.779663,3,29.94012,1,-1,0,74.62686,1,65.35948,4,89.82036,3,71,6,77,2,73,7,75,4,63,3,-1,0,70,4,81,7,71,6,76,2,66,5,72,3,70,1,72,8,68,3,-1,-1,74,9,73,11,66,12,74,8,68.02721,2,68,10,72,8,69,9,78,6,-1,0,68,10,74,12,69,2,69,14,73,15,65,3,67,7,71,7,68,12,77,12,71,3,73,5,74,5,76,8,73,15,76,13,69,9,75,6,74,11,77,7,67,6,79,5,69,9,77,8,68.02721,2,65,20,71,18,63,19,74,11,71.77034,12,68,16,70,6,61,12,70,7,-1,-1,72,7,81,2,79,6,75,3,71,9,75,15,80,9,64,3,65,6,76,7,80,2
9:07 AM,57.41627,4,68,10,68,11,71,11,90.90909,6,52.505253,7,29.725046,2,65.15152,10,60.2511,10,-1,-1,-1,-1,-1,-1,-1,-1,65.520065,4,67.06408,3,82.573135,5,142.6025,8,-1,0,-1,0,-1,-1,-1,-1,89.92806,5,86.21492,7,33.133152,8,33.879166,1,46.136356,4,61.35596,10,64.82482,7,-1,-1,-1,-1,67,7,72,11,70,9,68,3,75,6,77,1,79,13,78,12,86,9,69,7,75,8,79,14,85.22727,12,82.34519,7,81.12094,11,58.997047,8,-1,0,68.331764,11,62.956436,8,75.56675,12,63.191154,8,54.570263,8,69.16997,7,-1,0,-1,0,-1,0,-1,0,-1,0,-1,0,-1,0,-1,0,41.407864,4,55.147057,6,70.8502,7,71.94245,2,54.570263,8,35.54502,3,69.44444,1,57.283142,7,64.377686,3,45.731705,3,69.44444,1,-1,0,85.836914,4,31.055902,1,64.377686,3,-1,0,-1,0,69.20415,4,-1,0,81.69935,5,79.365074,3,75,5,75,2,70,5,76,3,69,8,72,6,67,2,68,1,70,5,76,5,69,9,73,1,-1,0,76,7,66,9,-1,-1,70,11,74,4,66,15,70,11,51.54639,1,67,9,72,9,70,12,75,7,47.393364,2,66,11,76,7,69,7,67,10,77,6,72,6,71,11,73,16,66,7,72,10,70,3,71,10,73,3,73,9,67,7,74,5,72,6,74,7,71,6,79,9,66,10,73,7,72,10,82,4,61.728394,3,69,11,77,7,62,21,70,16,64.81481,7,66,11,71,19,63,18,68,5,-1,-1,71,10,78,4,85,5,72,4,68,11,72,15,79,9,77,4,69,2,73,7,78,5
9:07:30 AM,64.17112,5,65,10,67,5,72,10,64.93507,5,76.07455,4,29.325514,2,94.57478,6,48.448364,7,-1,-1,-1,-1,-1,-1,-1,-1,-1,0,70.15493,4,62.38859,4,139.86015,3,-1,0,-1,0,-1,-1,-1,-1,74.62686,1,89.89145,1,35.85568,8,46.753246,6,51.83861,1,70.10983,5,75.75757,1,-1,-1,-1,-1,72,6,72,10,72,7,75,4,78,7,80,8,75,8,76,13,83,16,68,16,71,11,75,11,82.38636,5,56.818184,1,81.845245,11,86.2069,9,56.17978,1,74.8967,12,60.12506,8,56.249996,9,68.610634,8,57.531376,11,51.67959,12,-1,0,-1,0,-1,0,-1,0,-1,0,-1,0,-1,0,-1,0,45.55809,4,53.19149,1,45.454548,5,69.12441,3,52.91005,8,62.7615,3,42.735046,1,40.51864,5,59.88024,2,52.151237,8,71.09004,3,45.04504,1,56.237217,11,-1,0,78.86436,5,-1,0,41.841,2,61.57636,5,75,3,100,5,88.33923,5,71,2,77,3,76,7,81,3,67,7,73,4,72,6,77,4,69,2,-1,0,72,4,72,5,73,2,71,4,69,6,-1,-1,70,9,74,10,67,12,74,6,91.46341,3,68,12,70,10,71,11,75,10,63.157898,6,69,8,73,4,68,7,69,12,72,8,68,5,68,10,73,5,69,12,75,12,71,4,66,5,73,5,73,4,68,9,75,12,66,14,71,15,71,7,79,9,66,6,74,8,72,13,76,7,62.111805,2,71,8,76,4,64,15,77,9,62.630486,6,63,12,68,12,65,17,71,14,-1,-1,72,10,75,7,80,7,76,3,73,9,73,8,77,13,74,7,76,4,74,10,79,8
9:08 AM,62.16006,4,63,6,61,7,69,5,71.808136,10,81.79481,7,-1,0,48.728283,3,57.94107,6,-1,-1,-1,-1,-1,-1,-1,-1,-1,0,48.7013,6,46.734173,8,143.00307,7,-1,0,-1,0,-1,-1,-1,-1,84.26967,3,19.682116,1,15.833224,2,36.202732,9,58.216232,4,73.31378,5,59.159927,5,-1,-1,-1,-1,65,6,69,9,71,11,76,6,72,10,79,7,73,9,79,7,82,14,70,5,73,13,76,14,65.113266,9,78.550476,3,42.08754,5,59.88024,2,-1,0,83.25359,12,86.08815,9,58.50585,13,64.26735,10,46.189373,4,64.10256,1,-1,0,-1,0,-1,0,-1,0,-1,0,-1,0,-1,0,-1,0,48.92368,5,40,6,64.308685,8,79.365074,3,47.892723,5,42.735046,1,62.499996,5,66.666664,6,51.54639,2,44.69987,7,64.377686,3,-1,0,42.27053,7,-1,0,81.96721,2,60.240963,1,-1,0,85.47009,2,74.62686,1,69.44444,1,106.38298,2,71,3,75,5,68,2,78,3,69,11,79,4,70,6,77,3,71,4,73,2,67,3,75,2,76,1,73,6,68,5,-1,-1,71,11,77,5,66,13,74,7,-1,0,65,9,72,5,66,19,74,15,51.282055,2,68,8,74,10,73,2,69,9,70,7,64,6,72,10,73,10,63,8,73,11,67,3,69,2,68,8,69,8,68,8,75,8,69,9,73,12,70,14,76,16,68,9,75,7,70,10,77,9,59.523815,2,70,15,74,6,71,11,78,6,61.881187,5,67,9,73,5,55,18,66,11,-1,-1,75,13,77,11,78,10,74,4,70,9,73,12,78,18,68,5,72,9,74,8,76,10
9:08:30 AM,35.72066,10,67,7,69,9,73,10,79.28118,6,60.125057,5,39.8142,3,64.97105,8,79.91717,7,-1,-1,-1,-1,-1,-1,-1,-1,-1,0,77.00535,12,58.471386,16,142.41632,10,-1,0,-1,0,-1,-1,-1,-1,64.10256,1,81.38821,3,32.938076,5,41.01162,1,51.83861,2,54.844604,11,52.956757,11,-1,-1,-1,-1,74,6,70,5,68,4,71,6,78,10,81,9,73,11,77,12,81,9,71,4,71,7,75,14,74.15932,8,71.31989,6,76.62836,8,69.44444,1,-1,0,84.80949,7,73.156456,3,63.191154,8,73.22175,7,50.231842,13,61.823807,16,-1,0,-1,0,-1,0,-1,0,-1,0,-1,0,-1,0,-1,0,52.941177,9,65.789474,3,65.885796,9,30,3,46.72897,8,64.308685,4,19.531252,1,56.17977,3,56.17977,3,52.91005,4,69.44444,2,53.19149,1,41.666668,5,40.91653,5,69.44444,1,32.67974,2,42.735046,1,69.44444,1,73.52941,4,39.16449,3,109.28961,4,73,2,81,5,74,4,77,4,69,5,75,2,75,10,82,4,64,6,74,2,67,6,74,1,66,1,-1,0,70,4,-1,-1,67,13,71,10,67,11,74,9,65.57377,4,66,9,72,8,68,10,77,8,72.463776,1,67,17,72,14,68,6,70,10,74,10,67,2,71,11,70,5,69,12,76,6,-1,0,-1,0,71,4,68,6,69,4,73,9,70,9,67,11,75,7,76,5,67,16,71,16,69,13,75,11,56.02241,4,71,7,72,9,67,15,73,7,76.4526,5,71,7,73,7,64,11,74,5,-1,-1,67,11,73,12,80,4,75,6,70,6,74,13,77,14,75,3,72,8,70,14,75,8
9:09 AM,51.04521,7,64,5,67,6,73,6,79.46599,10,51.770554,5,35.077465,4,79.391594,7,54.292927,5,-1,-1,-1,-1,-1,-1,-1,-1,-1,0,81.90008,5,35.05063,6,142.41632,10,-1,0,-1,0,-1,-1,-1,-1,76.21951,5,83.4558,6,44.70939,1,45.644733,2,64.07828,2,67.53246,13,53.841373,13,-1,-1,-1,-1,68,10,70,12,71,13,72,7,72,10,77,4,76,8,81,8,85,6,70,8,71,14,75,11,62.03209,8,74.17518,5,72.72727,8,84.26967,6,53.19149,1,64.807365,10,78.91413,1,57.14286,8,87.2093,3,62.111797,6,72.81554,3,-1,0,-1,0,-1,0,-1,0,-1,0,-1,0,-1,0,-1,0,49.019608,3,57.736713,5,62.949646,7,80,8,51.706306,10,50,5,93.16771,3,60,6,77.31959,3,54.824566,5,65.35948,4,-1,0,73.74631,5,37.5,3,-1,0,83.682,4,-1,0,73.52941,8,-1,0,61.7284,7,77.31959,3,69,4,77,4,73,2,84,4,66,9,75,4,76,4,77,2,67,4,74,1,61,6,71,4,69,3,72,5,74,3,-1,-1,66,10,73,13,63,18,71,8,67.567566,5,71,5,74,8,67,11,75,11,59.288544,3,66,9,74,7,68,10,68,13,72,11,66,7,70,10,73,11,68,12,72,2,66,4,66,1,65,3,69,2,71,6,77,4,69,9,74,8,72,14,75,13,69,9,73,4,69,11,72,12,61.728397,4,69,13,75,10,66,12,75,10,65.789474,10,65,3,72,11,69,8,73,7,-1,-1,71,10,76,5,75,5,76,6,67,9,72,13,78,5,72,7,70,2,71,7,80,4
9:09:30 AM,49.813198,6,69,4,69,7,75,9,81.03728,11,56.7169,7,36.363636,2,73.60213,9,45.104897,6,-1,-1,-1,-1,-1,-1,-1,-1,-1,0,76.60879,5,48.306953,5,145.45454,4,-1,0,-1,0,-1,-1,-1,-1,53.95684,3,77.545845,3,41.259796,5,34.965034,1,55.58598,1,59.721302,9,40.584415,5,-1,-1,-1,-1,70,7,70,13,67,12,76,3,72,7,83,3,80,12,80,11,85,9,67,7,73,11,76,7,80.65798,7,71.69487,4,69.26952,11,73.52941,8,-1,0,91.25874,9,80.78415,6,60.893097,9,69.44444,1,41.716324,7,70.67139,4,-1,0,-1,0,-1,0,-1,0,-1,0,-1,0,-1,0,-1,0,43.907795,8,57.471264,9,42.134834,3,76.62836,4,54.773087,7,62.7615,3,77.31959,3,43.6205,8,46.72897,4,45.992115,7,32.67974,2,53.19149,1,81.96721,3,-1,0,49.261086,4,53.19149,1,42.735046,1,64.308685,4,128.20512,1,52.91005,2,87.2093,3,72,3,76,1,72,5,76,2,66,8,75,4,74,8,81,3,68,3,73,1,67,8,-1,0,69,2,78,4,65,3,-1,-1,70,11,74,6,63,10,73,13,70.42254,2,63,12,70,12,68,12,76,11,52.26481,3,65,7,75,11,64,6,66,9,74,11,61,13,71,12,71,7,68,9,73,15,68,4,70,7,78,2,71,4,72,9,75,8,71,14,74,7,73,10,84,2,66,11,69,12,69,7,78,6,96.153854,1,68,14,70,12,70,10,75,12,83.682,4,65,9,70,9,65,8,73,7,-1,-1,73,6,79,5,78,8,76,6,76,7,78,11,83,8,76,5,72,6,74,6,79,8
9:10 AM,58.809116,4,68,3,70,7,74,2,51.65289,6,81.75278,5,32.180206,2,69.80519,9,51.281178,7,-1,-1,-1,-1,-1,-1,-1,-1,89.41878,1,81.41112,1,73.615326,6,145.45454,4,-1,0,-1,0,-1,-1,-1,-1,178.57141,1,136.88017,1,37.74772,2,43.290043,3,-1,0,68.4671,6,50.13369,5,-1,-1,-1,-1,67,14,69,7,71,8,72,8,73,6,81,9,74,9,77,16,83,21,78,8,75,9,80,12,92.18055,8,78.91413,2,79.365074,6,85.47009,2,74.62686,1,81.77307,10,67.64069,9,62.499996,10,71.42857,10,57.636887,8,68.337135,6,-1,0,-1,0,-1,0,-1,0,-1,0,-1,0,-1,0,-1,0,45.045044,3,66.66667,4,53.846153,7,65.27415,5,42.872456,8,61.349693,6,56.17978,4,58.411213,5,62.111805,2,48.6618,8,93.16771,3,69.44444,1,52.91005,4,42.735046,1,81.96721,3,37.593983,1,39.16449,3,66.137566,5,81.96721,2,76.62836,4,83.682,4,66,5,72,2,73,5,81,1,69,7,74,5,71,5,79,4,71,5,79,3,67,3,73,2,70,4,67,1,71,6,-1,-1,67,8,79,5,69,13,73,6,81.52174,3,65,10,72,14,64,15,73,11,46.082943,2,71,12,77,10,71,2,67,9,74,12,67,5,69,10,73,12,69,10,73,6,67,1,69,2,67,5,68,12,69,7,75,11,67,10,73,14,73,12,80,14,66,10,73,6,66,13,72,13,45.731705,6,70,7,73,6,63,16,70,13,70.75472,3,67,13,70,10,60,11,69,8,-1,-1,73,9,78,4,76,3,79,3,73,8,74,9,79,12,77,1,73,6,73,7,77,3
9:10:30 AM,56.818176,5,69,10,66,9,71,8,55.944057,8,81.75278,5,29.16869,3,61.53741,7,79.91717,7,-1,-1,-1,-1,-1,-1,-1,-1,49.140045,2,52.700924,8,59.55275,7,142.70613,9,-1,0,-1,0,-1,-1,-1,-1,89.285706,1,83.648994,1,37.042755,4,39.241337,1,51.83861,1,79.28118,5,72.15007,5,-1,-1,-1,-1,68,3,68,7,70,10,70,6,76,7,78,3,74,18,78,13,81,23,70,4,75,10,77,15,76.12214,12,85.312584,5,76.40068,9,99.99999,2,-1,0,79.76894,8,73.156456,3,66.666664,12,62.7615,6,54.84461,12,77.77778,7,-1,0,-1,0,-1,0,-1,0,-1,0,-1,0,-1,0,-1,0,69.44444,2,75,3,58.922558,7,77.77778,7,54.347828,7,64.377686,3,65.27415,5,46.38219,5,51.90311,3,61.57636,5,69.44444,2,-1,0,50.79826,7,29.354208,3,-1,0,62.111805,2,-1,0,79.365074,3,-1,0,40.48583,4,93.16771,3,69,4,75,4,70,7,75,3,64,7,76,1,71,6,76,6,73,8,78,2,66,8,73,3,-1,0,69,4,68,2,-1,-1,67,15,-1,0,62,17,75,6,66.889626,4,68,8,71,5,67,13,74,15,68.02721,4,64,10,73,10,68,7,67,12,77,9,67,4,64,7,75,12,68,10,74,11,67,8,73,5,61,4,71,5,70,5,73,10,67,10,69,17,70,11,75,15,67,14,75,13,67,13,76,8,62.03474,5,68,12,71,12,70,9,71,7,62.499992,3,67,8,71,10,67,14,72,8,-1,-1,64,8,72,7,77,7,78,3,67,12,72,15,76,28,70,7,68,6,76,10,76,3
9:11 AM,54.985332,5,65,6,64,7,73,6,81.75278,5,78.033554,4,-1,0,54.292927,7,67.63133,4,-1,-1,-1,-1,-1,-1,-1,-1,25.136154,1,53.563457,6,57.244102,8,139.86014,2,-1,0,-1,0,-1,-1,-1,-1,53.533195,5,67.6711,2,-1,0,34.566196,5,61.51515,2,48.48485,8,70.99191,6,-1,-1,-1,-1,71,10,70,8,74,4,71,6,76,5,81,3,76,5,82,10,92,4,65,21,68,17,68,24,60.116085,11,60.160427,9,68.68132,10,75.921906,7,113.63637,1,92.568954,5,80.30839,4,67.91171,8,70.67139,4,50.33557,9,74.62686,1,-1,0,-1,0,-1,0,-1,0,-1,0,-1,0,-1,0,-1,0,64.308685,4,64.10256,1,78.86436,5,69.44444,2,60.72874,6,70.09345,6,69.44444,1,43.706295,5,62.7615,3,51.41388,8,41.841,2,-1,0,64.377686,3,-1,0,69.20415,4,40,4,29.94012,1,62.7615,6,81.96721,2,33.333332,3,69.44444,1,71,3,78,2,70,6,78,5,65,11,70,7,71,7,85,1,70,3,78,2,68,6,72,3,69,3,72,6,69,3,-1,-1,75,7,79,12,65,13,74,6,70.92199,2,63,11,73,10,69,10,75,7,48.7013,3,66,11,74,11,63,9,63,14,70,12,66,9,69,13,76,11,67,9,78,9,71,3,74,2,73,5,72,9,73,9,78,9,65,12,70,10,73,10,75,13,67,11,72,15,69,15,75,10,56.926003,6,66,14,75,9,63,16,65,15,73.52941,1,67,10,69,8,63,13,67,10,-1,-1,68,14,75,3,77,1,74,7,71,12,73,15,79,16,80,4,70,4,75,7,78,5
9:11:30 AM,58.651028,1,69,12,68,10,73,6,46.477043,5,80.756805,7,-1,0,85.39276,3,74.19641,7,-1,-1,-1,-1,-1,-1,-1,-1,-1,0,57.72006,4,81.81818,6,142.6025,8,-1,0,-1,0,-1,-1,-1,-1,73.74631,5,72.12848,2,34.965034,1,49.05167,5,56.263855,4,75.54773,10,53.371284,5,-1,-1,-1,-1,67,4,72,8,71,3,77,6,77,9,78,3,73,13,78,8,86,11,68,9,70,13,74,11,63.374123,7,74.17518,5,44.994373,8,62.642372,11,71.94245,2,68.545456,13,80.16674,8,61.188812,7,74.906364,4,57.736713,5,71.42857,5,-1,0,-1,0,-1,0,-1,0,-1,0,-1,0,-1,0,-1,0,33.333332,6,69.12441,3,89.82036,3,-1,0,66.137566,5,74.62686,1,62.7615,3,50,6,80.38586,5,42.17432,9,70.224724,5,45.04504,1,51.41388,4,34.602074,2,54.545456,6,60.827248,5,32.154343,2,-1,0,45.04504,1,52.91005,2,69.20415,4,69,3,74,4,75,4,78,2,69,9,77,3,69,11,78,5,75,3,85,1,62,5,67,6,71,3,67,1,64,6,-1,-1,70,11,78,4,71,8,78,8,106.38298,1,65,11,72,8,62,11,73,11,60.240963,2,70,10,75,5,68,2,66,11,75,10,60,10,71,11,70,16,70,10,78,12,70,5,73,3,74,2,75,7,67,9,76,10,67,11,72,7,67,15,75,14,69,12,70,11,69,12,72,19,69.93007,2,67,14,75,11,62,18,70,7,60.362175,6,65,11,71,13,65,8,70,8,-1,-1,69,10,75,7,78,8,77,4,70,7,78,5,83,7,74,3,73,5,77,10,76,1
9:12 AM,53.07125,9,72,8,64,6,75,7,53.475933,10,73.31378,6,25.608196,3,38.013847,4,76.01009,7,-1,-1,-1,-1,-1,-1,-1,-1,72.72727,2,53.563457,6,64.39961,9,140.30986,8,-1,0,-1,0,-1,-1,-1,-1,89.285706,1,-1,0,40.10695,4,-1,0,56.725033,3,39.58306,5,71.63568,7,-1,-1,-1,-1,72,8,73,11,74,9,73,5,78,8,75,1,80,8,81,9,85,7,70,5,73,10,77,6,87.56039,11,78.73189,6,60.483875,9,75.187965,2,42.735046,1,42.552498,9,80.33419,11,49.321827,8,73.52941,8,58.56515,8,69.25208,5,-1,0,-1,0,-1,0,-1,0,-1,0,-1,0,-1,0,-1,0,60.97561,4,57.471268,6,54.570263,8,43.859653,4,40.48583,4,53.19149,1,99.99999,1,57.471268,3,-1,0,56.17978,4,56.17977,3,33.333336,2,54.545456,6,42.735046,1,32.67974,2,-1,0,42.735046,1,71.09004,3,70.67139,4,74.62686,1,-1,0,69,2,79,1,71,6,74,3,68,4,78,3,73,4,78,4,64,6,71,6,69,6,79,2,70,2,70,5,71,3,-1,-1,70,13,73,6,67,12,75,5,66.48936,5,70,6,81,6,67,10,74,13,42.372883,2,63,8,73,12,74,3,70,13,77,6,69,2,68,10,75,8,69,13,72,17,79,4,74,4,76,7,73,6,71,5,75,12,71,6,77,5,74,7,81,6,61,12,68,16,73,8,72,6,90.90909,2,68,15,72,18,64,18,74,11,60.321716,9,69,7,74,7,62,12,70,14,-1,-1,74,8,74,6,80,9,73,6,69,8,72,15,80,10,74,5,74,7,76,6,81,1
9:12:30 AM,71.77034,3,70,8,65,8,72,11,67.50675,9,83.55615,10,31.347961,3,53.685375,9,63.978577,8,-1,-1,-1,-1,-1,-1,-1,-1,58.027077,1,75.58262,6,61.983475,7,141.98383,12,-1,0,-1,0,-1,-1,-1,-1,81.96721,4,80.30303,6,40.10695,2,36.60769,6,75.63338,1,75.58262,6,54.049995,12,-1,-1,-1,-1,71,8,70,11,74,8,74,6,76,4,79,6,76,13,74,14,80,14,71,5,73,11,79,7,75.50959,14,71.31989,6,70.24266,11,74.15255,7,53.19149,1,65.90909,8,60.18875,5,45.605305,11,57.670124,10,46.64179,10,63.451775,5,-1,0,-1,0,-1,0,-1,0,-1,0,-1,0,-1,0,-1,0,55.732483,7,57.14286,4,68.610634,8,69.20415,4,54.773087,7,42.372883,4,59.88024,2,69.44444,2,53.19149,1,68.119896,5,-1,0,-1,0,41.841,4,34.72222,1,64.308685,4,81.96721,2,35.971226,1,66.666664,6,99.99999,1,28.129393,4,85.15815,7,69,3,74,2,70,6,77,2,66,9,71,5,73,5,82,1,69,6,79,3,66,6,75,2,70,2,77,2,68,4,-1,-1,69,13,73,4,66,14,74,7,77.821014,4,67,9,73,3,72,10,79,4,41.66666,4,69,11,76,8,65,8,64,12,72,10,71,4,72,9,78,9,67,8,75,7,68,5,73,4,70,5,71,8,69,9,73,16,71,11,75,8,72,7,76,4,68,5,73,8,66,11,73,17,72.81554,3,72,9,74,7,67,14,71,19,73.52941,6,66,14,71,10,67,9,71,5,-1,-1,66,12,77,9,76,9,72,3,72,7,77,6,81,7,71,1,73,11,70,9,74,10
9:13 AM,50.156742,8,71,7,70,8,72,11,83.14855,6,83.787186,4,32.02277,3,51.062145,6,59.99628,9,-1,-1,-1,-1,-1,-1,-1,-1,58.027077,1,70.99191,6,69.37103,5,145.45454,4,-1,0,-1,0,-1,-1,-1,-1,81.96721,1,77.214455,1,40.858017,2,-1,0,51.83861,4,75.45814,7,54.545456,5,-1,-1,-1,-1,76,6,69,11,72,9,70,10,76,9,79,8,73,8,78,13,84,5,70,8,75,10,80,6,60.578205,5,65.30826,3,68.59756,9,69.16997,7,69.44444,1,80.301605,13,76.78133,6,56.249996,9,53.00354,3,38.88889,7,44.03131,9,-1,0,-1,0,-1,0,-1,0,-1,0,-1,0,-1,0,-1,0,60.97561,4,65.35948,4,67.81751,11,78.12501,4,58.67014,9,50,3,59.95204,5,46.583855,6,42.826557,4,62.7615,3,21.459229,1,-1,0,32.67974,2,35.335693,2,69.12441,3,47.16981,1,-1,0,71.09004,3,75.187965,2,52.30125,5,65.35948,4,68,6,73,6,67,2,75,1,63,8,69,5,70,8,73,3,70,1,-1,0,69,7,75,7,70,5,71,5,72,5,-1,-1,68,15,72,9,67,8,73,10,72.463776,2,67,11,73,7,71,13,74,5,-1,0,69,7,77,6,66,2,69,7,76,12,61,7,69,13,72,11,69,11,76,9,62,1,81,2,67,2,77,3,72,11,76,6,67,11,73,14,73,12,81,15,70,9,75,3,69,11,76,8,46.51162,4,70,11,73,15,67,13,71,8,53.763443,2,67,10,71,19,63,17,71,12,-1,-1,67,10,75,6,83,5,77,2,72,10,71,17,75,13,80,2,73,5,77,7,81,3
9:13:30 AM,59.940056,3,66,4,65,9,75,10,56.1938,9,70.5816,10,27.272726,4,66.03194,5,70.307396,4,-1,-1,-1,-1,-1,-1,-1,-1,65.3239,2,87.27273,4,55.11232,5,134.12816,3,-1,0,-1,0,-1,-1,-1,-1,71.94245,2,-1,0,49.140045,1,40.90909,6,-1,0,68.4671,6,72.72727,6,-1,-1,-1,-1,70,6,71,11,72,12,64,1,77,8,80,5,73,11,81,10,83,14,69,13,69,16,74,16,79.12257,10,84.80325,1,52.30125,5,69.44444,2,42.735046,1,70.11606,12,76.36852,5,65.16588,11,76.62836,8,54.945053,8,70.67139,4,-1,0,-1,0,-1,0,-1,0,-1,0,-1,0,-1,0,-1,0,42.8449,10,61.188812,7,50,11,88.49557,6,66.02641,11,60,6,54.644806,2,52.910057,6,57.471268,3,65.789474,6,30.03003,2,-1,0,53.95684,6,34.72222,1,49.261086,4,-1,0,-1,0,70.67139,4,-1,0,49.321827,8,84.26967,3,63,5,70,2,69,8,71,7,68,5,72,2,68,8,73,5,74,2,-1,0,70,2,68,1,71,4,80,2,69,2,-1,-1,72,9,74,9,64,16,72,9,75.75757,3,69,9,74,8,68,13,75,6,57.034218,3,72,10,74,7,74,2,70,10,76,7,67,3,69,6,77,10,68,13,74,13,71,3,63,1,72,2,69,4,69,12,75,7,68,12,74,8,72,12,79,12,68,12,78,13,72,10,81,9,68.965515,4,69,14,74,7,67,12,71,12,66.22517,4,68,13,73,7,66,16,70,14,-1,-1,68,9,76,15,76,7,78,3,70,11,75,8,78,9,71,5,72,4,73,11,76,8
9:14 AM,52.956757,2,69,11,65,6,72,3,80.756805,7,71.36584,13,30.219091,2,58.636368,9,70.919655,10,-1,-1,-1,-1,-1,-1,-1,-1,93.2401,2,48.270313,9,63.806515,15,140.30986,16,-1,0,-1,0,-1,-1,-1,-1,74.62686,1,-1,0,50.27231,2,36.363636,1,57.312252,2,70.72344,8,60.71851,6,-1,-1,-1,-1,73,8,71,9,73,3,74,8,74,9,78,4,78,7,78,9,85,7,69,9,74,10,76,8,61.685974,13,70.49402,10,80.38586,10,99.99999,1,69.44444,1,55.385796,7,80.78415,3,58.083252,12,71.94245,8,53.248135,10,65.789474,6,-1,0,-1,0,-1,0,-1,0,-1,0,-1,0,-1,0,-1,0,64.26735,5,59.422752,7,52.935513,11,79.365074,6,41.459366,10,67.20431,10,60.06006,4,70.09345,6,55.401665,4,58.027084,6,57.14286,4,-1,0,74.62686,1,40,4,53.19149,1,89.285706,1,32.154343,2,65.27415,5,-1,0,76.62836,4,85.47009,2,69,7,73,4,67,2,70,2,63,9,67,7,71,5,74,1,71,5,69,3,70,3,-1,0,-1,0,-1,0,67,6,-1,-1,71,10,75,5,65,14,73,10,57.636887,4,64,12,70,8,72,8,79,9,52.816902,3,69,10,73,5,66,12,70,9,74,7,69,5,74,9,75,9,62,5,79,9,68,2,-1,0,69,3,66,1,70,9,74,11,69,15,72,19,72,12,76,12,66,12,74,13,69,8,74,14,64.93507,3,73,12,78,10,66,17,73,9,91.32419,4,67,9,69,13,64,13,71,6,-1,-1,71,17,75,8,77,6,73,5,66,11,74,9,78,17,72,2,74,5,74,8,75,3
9:14:30 AM,78.29492,3,64,4,60,6,72,8,68.87052,8,90.909096,5,31.712473,1,81.94523,9,67.64933,13,-1,-1,-1,-1,-1,-1,-1,-1,69.93007,1,59.159927,5,83.24524,3,140.25975,9,-1,0,-1,0,-1,-1,-1,-1,68.02721,4,74.81649,2,47.32794,4,43.89976,8,67.18887,3,48.355904,10,56.916996,12,-1,-1,-1,-1,70,7,67,10,74,9,75,5,74,5,78,7,79,7,81,12,86,10,68,11,73,9,76,13,58.585857,8,69.97314,5,61.11111,11,70,14,-1,0,85.37447,10,78.91413,2,40.48583,4,62.111805,2,50.25126,12,71.09004,6,-1,0,-1,0,-1,0,-1,0,-1,0,-1,0,-1,0,-1,0,41.20879,6,53.333332,8,66.00661,8,64.93507,7,54.0054,12,63.559326,6,33.955856,4,46.296295,7,74.96251,10,58.055157,8,78.12501,4,-1,0,47.12939,11,42.735046,1,69.44444,1,-1,0,35.971226,1,53.19149,1,75.187965,2,94.78673,4,27.700832,2,68,3,73,2,68,10,75,6,61,8,69,4,69,8,71,6,70,8,78,1,67,3,67,3,-1,0,75,2,-1,0,-1,-1,67,10,75,8,68,9,72,5,74.07407,2,67,12,72,9,62,18,75,12,-1,0,67,7,75,8,70,3,70,9,75,10,68,11,71,7,73,8,70,11,75,7,73,2,71,2,75,3,69,3,70,5,76,7,71,12,74,7,72,16,77,14,67,12,71,12,69,10,74,9,54.794518,4,70,9,73,14,71,15,75,10,79.36508,8,68,10,72,12,63,13,67,15,-1,-1,70,7,78,4,85,1,75,3,72,4,74,10,81,3,69,8,69,8,73,6,75,10
9:15 AM,51.096443,4,68,5,67,5,72,11,80.756805,7,75.757576,5,58.027077,1,62.71268,6,72.07026,5,-1,-1,-1,-1,-1,-1,-1,-1,-1,0,44.955044,6,71.501526,4,140.58107,5,-1,0,-1,0,-1,-1,-1,-1,294.11765,1,50.39939,2,40.858017,2,31.712473,1,56.725033,3,65.42184,8,75.58262,6,-1,-1,-1,-1,67,15,68,10,70,7,74,10,75,8,78,10,78,6,81,11,85,9,74,3,73,9,80,7,68.41774,9,88.227,5,63.636364,7,70.67139,4,40.983604,1,66.35143,9,69.29047,8,67.95017,12,77.31959,3,42.857143,6,69.44444,2,-1,0,-1,0,-1,0,-1,0,-1,0,-1,0,-1,0,-1,0,45.045044,3,48.92368,5,52.966106,5,51.813473,8,48.622368,6,45.04504,4,60.06006,4,49.504955,6,60,6,49.668873,9,77.77778,7,48.54369,2,128.20512,1,-1,0,-1,0,45.04504,1,35.971226,1,83.682,4,59.88024,2,85.47009,2,-1,0,70,6,-1,0,73,6,69,1,63,11,72,5,67,5,69,3,73,7,82,2,70,6,72,3,72,1,74,6,70,2,-1,-1,67,12,70,5,61,11,72,8,-1,0,67,7,74,6,49,16,63,15,52.356018,4,59,9,69,14,67,2,72,8,74,7,64,2,70,9,75,10,70,8,75,10,63,3,72,3,73,4,76,6,70,7,76,8,67,12,74,11,72,9,79,9,67,16,73,16,69,14,73,14,69.93007,2,69,10,74,9,66,15,73,14,72.463776,1,72,11,74,8,66,14,69,9,-1,-1,72,13,76,10,76,5,69,4,73,6,75,11,81,14,83,3,68,5,73,7,77,9
9:15:30 AM,63.424946,2,63,7,68,8,75,5,71.16171,8,76.60879,6,-1,0,71.99554,9,70.307396,6,-1,-1,-1,-1,-1,-1,-1,-1,69.93007,2,66.518845,4,85.22727,1,140.25975,9,-1,0,-1,0,-1,-1,-1,-1,-1,0,-1,0,50.81875,3,46.820133,2,49.081234,1,43.00561,6,73.71007,3,-1,-1,-1,-1,64,9,67,11,73,12,69,4,75,8,79,5,75,13,77,14,81,12,71,7,75,11,78,15,69.44444,11,69.97314,5,47.92332,9,73.20644,10,53.19149,1,66.27057,11,63.943295,14,51.41388,12,75.921906,7,44.74273,8,65.07592,6,-1,0,-1,0,-1,0,-1,0,-1,0,-1,0,-1,0,-1,0,68.119896,5,70.224724,5,78.32898,6,93.16771,3,44.97751,6,44.091713,5,42.918457,2,56.818176,6,49.40712,5,49.321827,8,62.499996,5,49.999996,2,79.365074,3,-1,0,75.187965,2,-1,0,32.67974,2,71.09004,3,70.8502,7,30.487804,2,85.47009,2,71,2,73,1,67,7,76,3,69,8,70,3,68,7,75,5,72,5,79,5,71,9,71,3,70,6,76,2,67,5,-1,-1,71,6,73,2,65,10,69,10,46.403717,4,64,7,67,7,68,7,78,9,51.282055,2,63,16,66,17,70,11,71,11,76,11,74,3,71,9,75,6,72,13,78,7,71,2,64,1,66,2,71,4,72,8,76,10,68,8,73,9,70,13,76,9,67,7,78,8,67,17,75,12,68.68132,5,67,11,71,15,68,12,72,8,35.502956,6,68,12,73,10,69,14,74,7,-1,-1,72,11,79,5,75,6,89,2,70,5,74,12,77,8,70,1,71,3,72,10,78,7
9:16 AM,48.163754,4,67,7,68,5,73,7,87.693665,6,61.508183,10,-1,0,88.04258,5,75.87521,5,-1,-1,-1,-1,-1,-1,-1,-1,-1,0,70.99191,6,78.058624,7,141.81818,13,-1,0,-1,0,-1,-1,-1,-1,87.2093,3,72.12848,2,38.548027,2,34.742325,8,64.07828,2,58.651028,4,68.4671,3,-1,-1,-1,-1,68,8,67,8,74,7,73,5,74,6,80,5,76,11,79,7,86,12,72,8,71,11,76,11,73.595764,9,66.37638,5,65.466446,8,76.62836,4,53.19149,1,54.320675,6,70.896126,7,53.816048,11,62.326874,9,53.24298,11,61.349693,6,-1,0,-1,0,-1,0,-1,0,-1,0,-1,0,-1,0,-1,0,32.53796,6,50.432278,7,71.5137,12,49.40712,5,60.0343,7,69.12441,3,74.62686,1,56.818176,6,46.189373,4,52.910057,6,47.393364,4,56.17978,1,44.091713,5,35.971226,1,58.055157,8,-1,0,32.67974,2,69.44444,2,-1,0,23.041471,1,69.44444,1,73,1,-1,0,71,3,76,4,66,8,73,2,73,8,76,4,68,8,75,4,71,7,73,3,76,2,67,1,64,1,-1,-1,72,9,74,5,65,13,70,2,125,1,66,13,70,5,66,12,71,4,37.31343,2,56,5,70,10,67,7,67,12,70,15,69,10,71,13,75,13,66,8,77,4,63,5,65,9,70,1,70,7,74,11,77,2,69,14,72,15,73,10,79,6,62,13,73,10,69,9,77,7,56.980057,4,68,19,72,12,66,15,72,14,75.187965,2,65,11,70,10,65,18,70,10,-1,-1,73,12,81,5,76,9,75,4,69,14,72,13,78,13,73,1,72,8,74,10,72,6
9:16:30 AM,21.847313,3,67,8,67,7,74,4,62.373302,8,51.94805,4,41.01162,1,64.842735,7,63.185738,12,-1,-1,-1,-1,-1,-1,-1,-1,-1,0,67.132866,8,70.10126,12,139.86014,2,-1,0,-1,0,-1,-1,-1,-1,78.86436,5,30.113636,2,44.70939,1,-1,0,56.263855,4,73.31378,10,78.08143,7,-1,-1,-1,-1,68,10,64,13,73,5,73,7,75,11,76,6,80,10,78,9,84,7,63,9,71,10,79,13,60.282703,6,80.30839,4,74.15255,7,68.119896,5,53.19149,1,65.25653,11,70.145905,7,45.385777,6,55.61173,11,53.763443,8,62.111797,6,-1,0,-1,0,-1,0,-1,0,-1,0,-1,0,-1,0,-1,0,56.17978,4,67.20431,5,54.127197,8,78.12501,4,58.962265,15,46.72897,4,77.31959,3,46.72897,4,74.906364,4,48.476456,7,48.355904,5,40.983604,2,18.382353,1,33.333332,3,63.451775,5,53.00354,3,34.72222,1,69.44444,1,89.285706,1,70.67139,4,69.44444,1,66,5,-1,0,71,1,74,1,67,4,72,4,70,6,73,2,71,4,74,3,68,6,76,5,81,1,73,3,70,2,-1,-1,72,10,72,7,68,8,71,6,58.47953,2,66,8,66,5,68,18,73,8,59.523815,2,68,7,73,7,-1,0,72,7,77,9,66,7,69,9,70,13,67,10,75,19,70,2,58,3,69,4,62,11,68,7,73,11,65,12,72,16,73,13,77,16,66,10,74,9,70,13,77,14,60.422962,4,71,7,75,8,61,26,68,10,67.96117,7,69,10,71,14,64,12,67,9,-1,-1,74,11,78,8,84,6,73,4,71,11,75,10,82,16,74,2,71,9,72,6,77,10
9:17 AM,44.955044,3,69,9,71,8,73,1,76.07455,8,87.077675,5,26.192295,4,62.04906,4,42.551792,6,-1,-1,-1,-1,-1,-1,-1,-1,52.6162,3,60,11,46.84247,9,140.30986,8,-1,0,-1,0,-1,-1,-1,-1,64.10256,1,-1,0,43.290043,3,38.842136,7,59.14918,1,61.807877,8,65.454544,9,-1,-1,-1,-1,72,8,71,13,75,7,70,7,74,5,79,10,77,11,78,15,84,12,70,8,72,9,78,10,66.64215,10,79.80082,5,50.505047,6,75.07507,5,69.44444,2,57.612843,10,74.76077,3,54.021614,9,74.906364,4,49.999996,8,56.237217,11,-1,0,-1,0,-1,0,-1,0,-1,0,-1,0,-1,0,-1,0,42.134834,3,73.52941,4,65.27415,5,89.92806,5,41.841003,6,64.338234,7,53.19149,1,53.71531,12,43.859653,4,60.72874,6,69.20415,4,37.593983,1,55.147057,3,29.94012,1,57.14286,4,-1,0,35.971226,1,54.644806,2,-1,0,78.82882,7,89.82036,3,60,4,71,3,64,5,73,3,64,4,71,3,70,7,73,3,69,7,73,5,66,8,71,3,-1,0,74,7,71,3,-1,-1,70,11,75,4,70,12,73,6,76.14213,3,67,8,72,5,68,10,71,5,53.763443,1,67,18,71,8,68,4,67,6,72,5,67,1,72,6,76,11,64,7,72,15,61,4,67,5,69,2,68,4,70,10,76,12,64,7,72,4,68,13,75,13,67,14,74,13,68,12,74,12,40.38772,10,69,17,75,11,69,11,77,6,74.44169,6,65,12,71,14,66,14,71,13,-1,-1,71,9,76,6,72,4,76,2,75,7,74,9,79,7,77,1,72,4,74,8,76,9
9:17:30 AM,52.089794,7,62,14,67,6,73,11,74.363266,8,96.7118,2,-1,0,57.729187,7,74.41163,6,-1,-1,-1,-1,-1,-1,-1,-1,27.272726,1,76.60879,5,78.241425,3,140.25975,9,-1,0,-1,0,-1,-1,-1,-1,74.62686,1,-1,0,36.363636,2,-1,0,65.90909,5,60.438183,8,52.089794,7,-1,-1,-1,-1,69,5,72,9,74,6,75,5,75,5,78,6,76,9,78,17,83,15,71,7,75,10,80,7,73.368195,6,68.04573,2,54.773087,7,72.9927,6,69.44444,1,60.344032,9,78.69555,5,50.33557,9,69.20415,4,51.41388,8,64.308685,4,-1,0,-1,0,-1,0,-1,0,-1,0,-1,0,-1,0,-1,0,55.401665,4,70.224724,5,55.555553,5,76.62836,4,60.06006,4,62.7615,3,45.045044,3,43.541367,6,70.224724,5,56.550426,12,47.393364,4,-1,0,60,3,-1,0,69.44444,1,59.241703,5,-1,0,65.27415,5,-1,0,69.12441,3,106.38298,2,70,4,79,3,64,3,70,1,64,5,68,3,69,3,73,3,71,3,71,2,65,7,71,6,69,4,68,6,67,8,-1,-1,68,12,74,11,68,9,72,7,72.11539,3,67,7,73,6,71,10,76,8,72.463776,1,68,9,70,6,66,14,65,14,70,12,64,4,73,10,74,4,68,7,75,7,71,7,72,5,67,5,68,6,70,9,75,10,70,11,73,8,69,7,72,5,64,14,72,12,72,10,77,13,75,3,68,12,72,12,63,20,72,11,75.187965,2,67,14,73,4,61,17,68,12,-1,-1,70,11,75,10,76,7,75,4,71,11,73,14,78,8,74,5,73,7,73,10,76,12
9:18 AM,41.21823,3,64,9,63,8,70,9,78.64108,5,90.90909,1,28.86003,3,67.83126,9,80.104324,2,-1,-1,-1,-1,-1,-1,-1,-1,97.402596,1,89.41878,2,60.5676,5,144.30014,10,-1,0,-1,0,-1,-1,-1,-1,85.836914,4,76.43054,5,52.956757,2,47.846893,2,46.136356,1,67.257034,10,65.40222,5,-1,-1,-1,-1,69,12,67,7,72,12,76,10,74,10,78,11,77,10,81,11,85,15,71,9,74,11,78,14,68.02543,9,69.29047,4,64.308685,8,56.17978,4,74.62686,1,65.41846,8,79.65166,6,48.23151,9,78.67133,9,31.99269,7,73.74631,5,-1,0,-1,0,-1,0,-1,0,-1,0,-1,0,-1,0,-1,0,47.96163,4,52.30125,5,76.21951,5,71.94245,2,54.347828,7,78.12501,4,69.44444,1,52.21932,4,62.111805,2,44.69987,7,69.25208,5,48.231514,3,58.290157,9,35.971226,1,56.17978,4,85.47009,2,35.335693,2,99.99999,1,67.56756,3,42.857143,3,106.38298,2,68,3,74,1,71,5,74,6,65,6,68,4,71,2,74,3,69,6,79,1,65,8,71,1,76,2,72,7,67,5,-1,-1,67,10,69,8,63,12,72,14,108.695656,1,67,9,70,10,71,12,75,8,55.555553,1,68,10,75,8,68,2,71,7,73,6,64,14,66,11,69,15,69,9,74,6,72,4,69,4,68,4,70,10,72,6,76,4,64,17,72,11,74,13,79,8,67,8,74,5,68,9,73,5,63.29114,5,70,11,76,12,69,16,73,14,79.36508,8,66,10,71,8,62,17,70,4,-1,-1,70,10,75,11,81,5,75,4,69,11,73,16,80,22,75,3,72,6,75,8,75,8
9:18:30 AM,55.564133,6,64,12,66,6,70,5,76.60879,6,86.50519,11,34.41354,2,77.561325,5,76.349434,4,-1,-1,-1,-1,-1,-1,-1,-1,51.457977,1,85.22727,4,78.058624,7,147.42014,6,-1,0,-1,0,-1,-1,-1,-1,73.22175,7,74.81649,2,39.8142,3,-1,0,55.25313,2,73.71007,6,69.93007,2,-1,-1,-1,-1,70,9,63,7,67,13,72,8,76,8,76,4,77,9,79,8,83,7,70,7,70,19,73,17,91.5404,2,78.91413,2,73.74631,5,46.72897,4,53.19149,1,75.757576,9,59.34014,4,55.401665,8,71.09004,3,42.857143,9,65.66604,7,-1,0,-1,0,-1,0,-1,0,-1,0,-1,0,-1,0,-1,0,52.966106,5,45.385777,6,64.27915,14,40.927696,6,63.291134,9,46.583855,3,34.72222,1,59.241703,5,69.25208,5,57.471268,3,60.06006,4,53.19149,1,55.555553,5,-1,0,61.57636,5,69.44444,1,-1,0,51.54639,2,89.285706,1,47.892723,5,39.16449,3,68,6,72,3,69,3,73,1,64,5,71,4,67,4,71,4,67,9,77,3,65,6,70,1,67,4,71,1,68,6,-1,-1,68,18,75,4,66,12,70,8,25.188917,2,63,12,69,11,69,9,76,10,53.763443,1,71,10,74,7,66,2,70,8,75,8,65,3,68,7,71,5,64,13,69,11,69,3,73,9,71,4,75,9,70,7,75,8,70,9,73,8,69,14,73,10,70,10,74,10,70,14,77,10,55.325035,8,70,10,72,5,62,16,72,12,50.25126,6,70,13,70,17,61,14,71,5,-1,-1,68,11,77,4,81,7,73,5,73,12,75,14,78,15,73,6,74,7,76,8,76,3
9:19 AM,42.906944,8,65,11,68,1,73,1,64.81931,8,69.01991,7,27.688047,2,79.23832,6,78.390854,9,-1,-1,-1,-1,-1,-1,-1,-1,54.545452,1,63.302265,6,62.117928,6,143.54068,6,-1,0,-1,0,-1,-1,-1,-1,-1,0,-1,0,27.548208,3,37.10575,2,-1,0,73.71007,3,76.36364,7,-1,-1,-1,-1,67,11,69,7,74,4,75,6,75,5,80,6,85,6,80,8,88,10,71,9,75,11,76,13,69.7861,9,73.949905,6,73.74631,5,109.28961,4,53.19149,1,61.770466,10,57.61033,8,59.523808,9,60,6,62.111805,4,65.789474,3,-1,0,-1,0,-1,0,-1,0,-1,0,-1,0,-1,0,-1,0,65.66604,7,62.949646,7,52.910057,6,80.8314,7,54.525623,10,35.971226,3,70.67139,4,69.25208,5,69.44444,1,58.027084,6,76.62836,4,-1,0,63.694267,8,-1,0,93.16771,3,64.10256,1,34.72222,1,60,6,66.66667,2,91.46341,6,69.44444,1,73,5,67,1,69,8,75,2,74,3,69,2,70,5,76,5,72,3,74,2,65,10,73,2,65,1,68,4,64,3,-1,-1,69,13,73,10,66,16,73,7,69.44444,2,67,11,70,8,67,14,72,13,-1,0,69,8,75,11,69,7,70,10,74,16,70,1,71,6,76,9,66,9,73,5,66,2,58,2,64,6,67,8,67,8,70,9,68,10,71,11,73,15,77,13,64,11,73,16,68,9,74,12,57.971016,4,68,13,75,10,67,12,71,4,65.21739,3,66,14,73,6,67,18,70,17,-1,-1,65,12,77,4,79,5,76,6,71,7,76,7,81,8,72,9,72,5,70,6,76,8
9:19:30 AM,36.65689,5,66,6,65,8,72,8,40.95004,4,90.90909,4,30.219091,2,61.159172,8,67.0513,8,-1,-1,-1,-1,-1,-1,-1,-1,49.140045,1,67.75833,8,75.2457,7,142.65733,17,-1,0,-1,0,-1,-1,-1,-1,81.96721,3,77.214455,2,45.644733,2,31.092688,7,59.14918,2,59.940056,8,65.520065,4,-1,-1,-1,-1,68,8,70,8,76,3,73,6,74,9,80,7,73,8,78,9,84,6,70,7,76,12,81,10,71.933525,8,78.73189,6,54.545456,6,65.35948,4,-1,0,57.612843,5,78.64108,4,48.076923,11,40.927696,6,44.326244,10,44.15011,8,-1,0,-1,0,-1,0,-1,0,-1,0,-1,0,-1,0,-1,0,60,6,66.137566,5,66.37167,9,64.377686,3,47.058823,8,58.56515,8,85.47009,2,62.499996,10,39.12363,5,71.42857,5,48.231514,3,53.19149,1,47.393364,4,-1,0,60.72874,6,65.35948,4,-1,0,71.09004,3,99.99999,1,69.44444,2,69.44444,1,68,3,74,1,74,4,75,4,65,10,69,8,69,4,79,2,74,5,77,3,62,4,70,4,70,4,73,3,65,3,-1,-1,71,8,75,6,63,15,70,10,60.422962,4,66,11,71,6,67,16,74,9,60.483868,3,66,9,71,15,65,7,69,10,74,8,69,8,72,13,73,11,70,9,76,10,63,3,72,3,65,1,70,5,69,5,78,9,64,13,70,8,74,11,78,7,67,11,72,12,69,16,74,13,62.499996,5,65,11,73,10,66,12,75,11,67.56757,4,67,7,71,5,62,16,72,6,-1,-1,72,17,76,15,77,5,75,5,76,5,75,7,83,7,71,9,67,4,72,9,77,7
9:20 AM,52.009964,8,63,7,66,8,71,5,77.30364,5,85.7633,2,36.363636,1,48.326668,6,72.9308,1,-1,-1,-1,-1,-1,-1,-1,-1,65.3239,2,50.59876,5,65.49197,8,144.30014,10,-1,0,-1,0,-1,-1,-1,-1,51.124744,5,76.11662,8,24.755878,6,-1,0,41.489536,5,61.827347,9,70.72344,8,-1,-1,-1,-1,70,4,72,7,75,12,64,3,73,6,78,6,74,10,77,15,84,19,70,2,75,8,79,4,84.80949,7,-1,0,58.333336,7,80.97166,8,-1,0,76.9966,10,79.46599,8,79.365074,6,69.12441,3,44.15011,8,53.00354,3,-1,0,-1,0,-1,0,-1,0,-1,0,-1,0,-1,0,-1,0,40.48583,4,67.698265,7,80.97166,8,78.32898,6,68.23821,11,62.7615,3,66.666664,6,49.40712,5,59.422752,7,57.471264,9,45.385777,6,50,3,33.78378,3,36.945816,3,52.91005,2,66.66667,2,34.72222,1,89.82036,3,38.31418,2,85.47009,2,83.682,4,79,1,73,2,70,4,75,1,71,8,69,2,71,9,71,6,70,3,75,1,68,7,71,5,59,1,75,3,63,3,-1,-1,72,8,79,6,65,11,74,6,32.637074,5,68,10,71,11,65,12,73,9,-1,0,69,16,76,9,72,3,66,13,70,17,64,6,72,8,74,9,67,11,73,9,70,6,71,7,70,3,73,9,72,6,75,8,70,9,75,4,64,14,76,7,67,11,71,8,70,9,74,12,61.53846,4,63,16,70,16,64,12,72,13,73.96449,5,71,10,75,13,63,11,71,6,-1,-1,69,10,80,7,77,8,70,11,69,3,73,11,79,10,-1,0,68,5,75,9,76,4
9:20:30 AM,68.181816,2,64,9,67,9,73,5,84.69792,6,85.12087,5,-1,0,81.213806,5,76.349434,4,-1,-1,-1,-1,-1,-1,-1,-1,69.93007,2,38.18182,7,66.907394,12,140.30986,8,-1,0,-1,0,-1,-1,-1,-1,69.44444,2,-1,0,36.363636,4,-1,0,-1,0,60.606064,10,73.71007,6,-1,-1,-1,-1,63,13,64,11,69,13,70,4,77,11,80,10,79,11,81,12,83,12,67,6,73,16,76,14,83.782745,6,71.31989,3,75.07507,5,-1,0,99.99999,1,47.71082,7,70.5086,12,54.744522,9,74.2115,8,54.495914,4,75,3,-1,0,-1,0,-1,0,-1,0,-1,0,-1,0,-1,0,-1,0,43.706295,5,65.66604,7,37.202385,5,81.818184,9,61.188812,7,45.731705,6,71.94245,2,65.27415,5,69.44444,2,48.6618,8,52.91005,2,45.04504,1,69.12441,3,40,4,55.732483,7,81.96721,2,42.735046,1,74.906364,4,64.10256,1,99.99999,2,80.38586,5,69,4,72,3,71,5,78,1,67,6,-1,0,72,5,73,2,69,6,74,8,68,3,74,2,-1,0,72,6,69,3,-1,-1,65,7,73,6,68,9,74,6,72.9927,2,68,8,72,5,72,12,76,12,54.945053,2,66,11,73,9,70,8,67,11,74,10,70,4,64,11,69,19,68,8,71,9,67,2,71,5,71,4,68,11,70,11,72,7,69,8,76,11,70,7,78,6,62,13,70,7,71,10,79,6,71.42858,3,70,6,73,15,65,22,68,17,69.93007,2,67,12,71,11,63,12,71,11,-1,-1,68,15,76,4,78,1,85,1,69,9,70,16,75,19,71,1,69,5,71,10,77,9
9:21 AM,54.858932,7,67,7,67,7,73,9,56.116726,7,79.28118,3,30.643517,1,79.391594,7,69.474365,3,-1,-1,-1,-1,-1,-1,-1,-1,55.658627,3,47.846893,4,74.36261,11,139.86015,3,-1,0,-1,0,-1,-1,-1,-1,81.96721,1,77.214455,1,37.206997,5,30.643517,1,55.25313,2,55.564133,6,72.72727,8,-1,-1,-1,-1,73,9,67,13,69,5,75,4,71,8,75,5,76,8,78,10,84,9,73,7,73,15,76,13,61.860065,11,55.939133,7,70,7,69.28406,6,-1,0,54.84115,11,78.91413,2,38.88889,7,69.20415,8,40.91653,10,65.703026,10,-1,0,-1,0,-1,0,-1,0,-1,0,-1,0,-1,0,-1,0,69.44444,1,29.94012,1,78.86436,5,81.96721,2,54.570263,8,67.56756,6,59.88024,2,55.147057,6,78.12501,4,66.28787,7,-1,0,49.999996,2,69.20415,4,56.17978,1,62.111805,2,-1,0,38.31418,2,65.27415,5,89.285706,1,36.363636,4,91.91176,5,71,6,74,7,72,3,75,5,64,13,73,3,70,6,-1,0,69,1,71,2,69,10,73,4,69,2,73,1,69,6,-1,-1,71,11,74,5,65,10,72,6,-1,0,65,9,72,6,67,11,72,6,-1,0,67,13,74,10,65,4,67,10,71,7,63,8,68,10,72,9,64,13,70,17,69,1,68,3,70,2,70,6,72,4,72,9,67,11,75,5,69,10,76,11,72,3,76,6,67,13,72,8,65.50218,3,70,10,77,7,70,6,72,15,58.13953,4,67,13,70,13,62,14,68,11,-1,-1,72,9,78,9,75,9,72,2,73,7,77,13,79,9,76,3,72,6,73,7,74,3
9:21:30 AM,51.652893,5,63,14,65,6,74,4,80.756805,7,81.900085,6,26.478378,1,49.482162,6,82.354454,3,-1,-1,-1,-1,-1,-1,-1,-1,75.75757,1,72.72727,8,62.307148,5,139.86014,4,-1,0,-1,0,-1,-1,-1,-1,81.74387,6,91.80987,5,38.358265,5,28.067986,3,31.965145,3,60.160427,6,62.047565,11,-1,-1,-1,-1,72,10,70,10,74,9,70,6,77,5,81,1,83,8,78,7,84,8,72,8,74,13,80,7,107.69459,5,93.14456,3,52.30125,10,45.95588,5,53.19149,1,59.917355,5,75.32714,7,50.33557,9,83.333336,5,36.719707,6,65.27415,5,-1,0,-1,0,-1,0,-1,0,-1,0,-1,0,-1,0,-1,0,46.296295,7,66.37167,9,45.95588,5,83.682,4,35.046726,3,69.44444,2,85.47009,2,52.151237,8,56.726097,7,61.7284,7,55.07956,9,-1,0,66.666664,6,53.19149,1,79.365074,3,75.187965,2,53.19149,1,71.42857,5,59.88024,2,47.393364,4,53.19149,1,72,2,77,2,72,7,78,4,72,4,71,4,69,8,76,5,66,7,69,1,71,3,68,3,71,5,71,7,68,2,-1,-1,72,12,76,8,64,17,75,6,57.251907,3,64,10,71,7,66,14,73,8,-1,0,64,8,73,6,70,3,70,11,75,11,66,7,69,7,70,11,68,15,70,6,67,4,71,3,67,5,66,12,69,13,72,9,66,12,71,16,71,11,76,11,59,11,70,12,73,8,78,11,58.593754,6,68,11,73,9,67,17,74,7,66.96428,3,69,9,70,11,65,14,69,13,-1,-1,69,7,76,10,81,6,78,3,68,8,72,10,79,12,76,5,71,7,72,7,78,4
9:22 AM,58.027077,1,66,10,71,6,69,10,58.46244,8,41.99034,4,28.483265,2,77.407745,8,73.295456,6,-1,-1,-1,-1,-1,-1,-1,-1,-1,0,75.54773,5,46.1579,5,142.1801,11,-1,0,-1,0,-1,-1,-1,-1,77.31959,3,90.340904,3,43.636364,2,-1,0,36.90909,2,72.405464,9,68.4671,3,-1,-1,-1,-1,67,4,67,4,71,13,71,7,75,6,81,4,78,13,80,16,84,10,71,9,70,10,79,12,78.09135,5,-1,0,74.906364,4,85.47009,2,40.983604,1,65.05833,13,47.58642,10,56.249996,9,71.09004,3,51.41388,8,70.224724,5,-1,0,-1,0,-1,0,-1,0,-1,0,-1,0,-1,0,-1,0,66.66667,4,72.9927,6,55.555553,10,86.7679,8,53.816048,11,78.12501,4,-1,0,58.593754,3,69.44444,1,49.321827,8,65.789474,3,56.17978,1,77.31959,3,42.735046,1,57.471268,3,-1,0,-1,0,69.44444,1,90.09008,2,75.07507,5,85.47009,2,73,6,78,1,68,3,73,4,63,11,72,9,72,5,73,2,69,5,77,2,65,9,68,2,-1,0,67,2,68,5,-1,-1,70,5,72,9,67,14,76,7,68.807335,3,63,11,68,6,66,9,73,9,68.49315,2,65,16,76,6,67,5,66,11,73,10,69,4,70,8,75,11,67,10,74,11,70,3,72,2,67,2,67,2,70,11,72,7,69,16,72,10,70,12,76,15,66,14,70,11,66,6,75,8,55.06608,5,68,11,75,9,68,12,72,9,76.21951,5,68,14,70,7,65,14,68,14,-1,-1,69,17,74,10,81,7,77,7,74,10,72,8,79,5,76,2,75,7,73,8,74,2
9:22:30 AM,45.190933,10,66,9,68,9,70,4,71.20816,6,81.75278,5,35.077465,2,56.200985,9,41.85322,4,-1,-1,-1,-1,-1,-1,-1,-1,-1,0,83.73206,7,62.79904,6,140.25975,9,-1,0,-1,0,-1,-1,-1,-1,-1,0,-1,0,16.642397,4,-1,0,-1,0,55.096416,6,70.2302,3,-1,-1,-1,-1,72,2,66,8,71,7,77,5,72,9,77,5,76,8,78,8,84,14,73,7,71,10,76,4,76.19549,14,70.24225,9,75,6,69.44444,1,42.735046,1,76.49025,6,80.78415,3,50.274227,11,46.153847,12,53.763443,8,40.19293,5,-1,0,-1,0,-1,0,-1,0,-1,0,-1,0,-1,0,-1,0,52.30125,5,67.698265,7,55.555553,5,76.754395,7,51.6055,9,73.89163,6,53.533195,5,47.368423,9,85.836914,4,43.706295,5,74.62686,1,48.54369,2,60.72874,6,-1,0,62.499996,5,69.44444,2,39.525696,4,83.682,4,74.62686,1,57.471268,6,69.12441,3,66,5,69,2,73,4,75,1,66,5,65,2,69,8,75,8,72,9,75,3,67,2,76,2,65,2,72,2,66,4,-1,-1,68,10,73,8,66,10,72,10,47.846893,2,66,11,72,8,67,14,77,7,83.33332,2,68,5,72,9,66,8,66,15,74,8,71,6,66,12,72,10,69,7,74,6,69,3,74,3,68,7,72,5,69,8,73,15,74,10,76,8,74,16,79,11,64,15,72,12,66,12,72,15,52.700924,8,68,6,74,6,63,16,69,9,62.836624,7,68,8,71,7,64,16,69,5,-1,-1,69,11,76,10,80,5,69,4,72,9,74,13,79,14,73,5,75,9,70,8,77,9
9:23 AM,67.132866,4,65,4,66,6,70,4,69.29046,10,60.337883,9,29.325514,2,69.52928,6,71.858284,4,-1,-1,-1,-1,-1,-1,-1,-1,46.62005,1,62.4907,7,57.29565,10,132.49908,12,-1,0,-1,0,-1,-1,-1,-1,81.96721,1,89.89145,1,30.303032,5,43.16159,8,61.51515,2,73.31378,10,65.40222,5,-1,-1,-1,-1,69,12,68,12,73,7,70,8,70,8,78,8,79,8,82,16,88,13,73,9,76,9,77,14,92.18055,8,81.16883,5,72.604065,15,61.53846,8,-1,0,83.782745,6,-1,0,60.72874,6,71.94245,2,41.74397,9,47.34848,10,-1,0,-1,0,-1,0,-1,0,-1,0,-1,0,-1,0,-1,0,53.87931,10,59.288544,6,87.2093,6,66.666664,6,47.393364,4,70.09345,6,74.62686,1,52.47376,7,73.89163,6,59.978188,11,70.09345,6,-1,0,40.48583,4,34.72222,1,74.62686,1,58.593754,3,35.971226,1,74.62686,1,74.62686,1,83.1025,6,85.47009,2,73,5,78,2,71,3,69,1,69,5,72,1,69,5,73,2,72,3,-1,0,64,11,70,5,68,1,75,4,67,3,-1,-1,73,7,76,5,64,13,72,8,-1,0,65,7,68,11,65,20,74,14,30.58104,2,68,11,77,7,70,1,66,10,71,8,62,10,68,12,72,7,64,11,71,11,69,5,74,6,67,2,76,4,70,7,73,2,69,11,72,9,72,9,79,11,68,15,74,14,67,13,75,13,47.468353,3,64,14,71,16,68,13,74,6,59.523815,4,68,10,72,10,61,11,69,10,-1,-1,69,10,74,5,86,5,73,6,73,8,74,10,79,15,71,3,71,11,71,9,77,6
9:23:30 AM,33.158333,6,66,7,63,9,69,11,61.927174,5,81.90008,2,36.363636,1,77.008354,7,54.964718,10,-1,-1,-1,-1,-1,-1,-1,-1,89.41878,1,37.10575,2,61.18881,2,151.09546,10,-1,0,-1,0,-1,-1,-1,-1,49.40712,5,80.30303,8,31.675646,5,-1,0,52.72727,4,60.08679,9,60.08679,9,-1,-1,-1,-1,74,8,71,7,74,12,70,6,71,9,76,5,76,9,78,13,83,9,71,9,76,16,78,16,62.430805,7,74.17518,5,78.82882,7,88.33923,5,-1,0,71.50316,17,63.44462,9,73.52941,8,69.44444,2,54.824566,5,66.66667,2,-1,0,-1,0,-1,0,-1,0,-1,0,-1,0,-1,0,-1,0,46.296295,9,71.09004,3,61.037643,12,78.277885,8,61.728394,12,60.72874,6,113.63637,1,54.545456,6,74.906364,4,46.296295,7,71.94245,4,45.04504,1,61.475407,3,-1,0,58.055157,8,40.983604,1,34.72222,1,-1,0,-1,0,64.377686,3,89.82036,3,72,5,72,2,65,12,76,3,67,6,67,2,69,4,75,3,72,7,75,3,66,5,67,3,76,1,71,8,65,3,-1,-1,70,11,71,14,66,10,74,7,57.80347,2,63,12,68,10,66,7,75,10,60.240963,2,66,18,72,16,67,5,68,10,74,7,60,1,69,15,75,6,69,11,73,6,74,3,-1,0,68,4,71,6,68,13,72,11,69,11,75,10,67,10,75,8,67,6,69,10,73,9,77,10,61.27451,5,66,12,74,13,64,17,69,13,64.93507,4,68,13,71,6,67,14,71,8,-1,-1,68,11,75,6,80,6,74,3,73,10,76,12,79,15,74,4,71,5,71,8,76,4
9:24 AM,80.2139,1,69,6,69,9,70,6,77.416504,7,80.84801,9,32.760033,2,61.53741,7,67.553406,3,-1,-1,-1,-1,-1,-1,-1,-1,-1,0,43.98827,3,42.949173,8,140.37433,7,-1,0,-1,0,-1,-1,-1,-1,35.335693,2,77.214455,1,47.32794,4,37.617554,10,23.781628,1,61.287033,1,75.75757,2,-1,-1,-1,-1,72,8,69,14,74,12,75,9,71,5,79,7,78,7,82,9,86,6,72,8,73,14,76,12,81.87464,8,31.920328,2,50,5,94.78673,4,-1,0,77.67064,7,73.07805,8,65.43075,12,59.687782,13,57.471268,6,44.96403,5,-1,0,-1,0,-1,0,-1,0,-1,0,-1,0,-1,0,-1,0,48.01921,8,70.67139,4,55.788006,8,46.72897,4,48.95961,8,71.94245,6,69.20415,4,64.308685,4,74.15255,7,64.8415,9,77.31959,3,45.045044,3,34.168568,3,33.78378,3,59.88024,2,62.111805,2,34.602074,2,88.33923,5,85.47009,2,93.16771,3,-1,0,72,3,74,2,74,3,73,3,62,10,73,5,71,4,69,1,66,5,71,4,69,7,75,4,-1,0,70,4,69,7,-1,-1,71,10,76,1,65,13,69,16,67.26457,3,67,6,75,8,65,14,75,13,48.54369,1,66,6,73,11,64,14,66,14,72,16,63,7,69,9,73,9,63,13,73,8,72,3,70,2,76,3,70,5,70,6,74,6,67,14,71,8,68,14,78,7,63,13,73,8,66,9,75,13,56.947613,5,73,11,76,9,62,19,72,11,66.48936,5,63,13,69,9,67,12,70,8,-1,-1,73,11,72,6,73,7,74,5,73,4,76,10,75,6,76,2,72,2,74,8,78,5
9:24:30 AM,52.531742,6,65,11,65,9,71,5,70.77697,9,79.74482,4,26.781729,3,80.140816,6,71.07439,8,-1,-1,-1,-1,-1,-1,-1,-1,61.287033,1,71.20816,5,61.883015,8,140.58107,5,-1,0,-1,0,-1,-1,-1,-1,81.96721,1,-1,0,42.697025,4,41.01162,1,53.543167,6,56.818184,7,45.407246,8,-1,-1,-1,-1,69,11,68,9,72,8,75,5,73,5,79,6,74,10,77,8,83,15,77,2,72,9,75,6,80.37694,4,81.752785,2,77.18696,9,38.071064,3,59.88024,2,65.90909,10,76.92984,7,62.761505,9,70.67139,4,51.90311,6,56.550426,12,-1,0,-1,0,-1,0,-1,0,-1,0,-1,0,-1,0,-1,0,63.451775,5,60.72874,6,50.697086,8,89.82036,3,53.475933,12,38.684723,4,48.231514,3,51.25285,9,70.224724,5,55.187634,10,63.636364,7,-1,0,77.639755,5,20.9205,1,69.44444,2,60,6,-1,0,69.44444,1,99.99999,2,85.836914,4,81.96721,2,72,4,-1,0,75,3,74,3,69,7,73,6,67,7,75,6,73,5,86,1,63,6,68,6,74,2,74,5,64,5,-1,-1,75,7,79,3,68,12,74,5,81.96721,2,64,12,66,14,65,11,76,9,57.471268,3,68,9,76,11,56,2,57,11,68,12,61,16,68,10,72,15,71,10,73,11,72,3,77,2,71,4,67,5,64,7,71,6,71,10,77,15,71,6,75,14,58,13,71,8,70,7,77,8,49.261086,4,70,9,73,12,70,13,76,9,75,3,64,15,68,18,61,19,66,8,-1,-1,74,9,79,5,76,6,67,1,70,5,74,12,81,14,70,5,68,7,70,14,75,16
9:25 AM,62.93707,3,73,3,67,5,72,4,51.154636,7,66.56523,7,32.760033,2,69.474365,10,80.10432,3,-1,-1,-1,-1,-1,-1,-1,-1,-1,0,50.97706,4,61.31984,6,141.55396,15,-1,0,-1,0,-1,-1,-1,-1,89.285706,1,75.59908,3,32.760033,2,26.350462,4,51.83861,1,74.719795,7,69.421486,7,-1,-1,-1,-1,71,11,71,4,72,4,67,8,71,11,77,14,77,11,79,12,82,7,70,6,72,9,79,13,72.88526,7,78.550476,3,71.09004,3,69.44444,2,-1,0,72.20088,7,44.47607,4,49.999996,8,76.14213,6,55.487057,9,67.340065,8,-1,0,-1,0,-1,0,-1,0,-1,0,-1,0,-1,0,-1,0,47.318615,3,65.789474,3,60.97561,8,73.22175,7,43.1566,7,60.06006,4,65.789474,6,55.555553,5,30.03003,2,43.541367,6,67.20431,5,28.08989,2,44.69987,7,27.285131,4,56.17978,4,45.04504,1,-1,0,79.365074,6,75.187965,2,32.67974,2,97.65626,5,72,1,77,3,67,4,72,1,67,6,71,1,74,4,76,6,71,6,76,5,70,10,69,3,60,2,70,8,68,6,-1,-1,70,9,72,10,68,6,76,3,61.919502,4,67,10,72,8,67,12,71,13,52.083336,1,65,13,73,10,72,3,65,12,71,11,61,2,67,8,69,14,70,12,75,13,64,4,68,2,72,3,73,9,70,7,75,13,70,9,74,10,74,14,81,14,61,6,71,14,62,15,72,8,44.247784,7,68,9,76,6,65,13,70,12,60.72874,3,69,8,73,4,61,19,67,15,-1,-1,67,13,73,7,78,4,73,7,70,10,73,9,78,11,72,7,76,8,73,7,75,6
9:25:30 AM,50.226017,5,63,13,69,6,73,7,58.46244,8,78.033554,4,-1,0,33.221733,4,62.24667,8,-1,-1,-1,-1,-1,-1,-1,-1,57.72006,2,53.563457,6,81.935234,4,145.45454,4,-1,0,-1,0,-1,-1,-1,-1,94.33962,2,70.03171,2,45.64473,6,73.71007,3,59.14918,2,49.076885,7,72.15007,5,-1,-1,-1,-1,70,12,69,9,71,9,74,8,72,5,80,9,75,9,81,11,81,18,68,12,74,10,76,11,71.210304,9,71.31989,6,75,6,66.66667,4,41.841,2,72.88526,7,75.15633,5,66.66667,8,51.24451,7,38.31418,4,35.046726,3,-1,0,-1,0,-1,0,-1,0,-1,0,-1,0,-1,0,-1,0,33.78378,3,53.763443,4,61.188812,7,81.96721,2,49.627792,8,62.7615,3,59.88024,2,54.545456,6,74.62686,1,56.657223,8,30.487804,2,-1,0,46.1361,8,-1,0,69.25208,5,74.62686,1,34.965034,4,75.187965,2,94.33962,2,69.44444,2,69.12441,3,68,4,73,3,71,3,-1,0,66,4,68,3,72,2,70,2,64,7,80,4,67,7,74,2,72,3,71,4,67,7,-1,-1,70,11,72,7,68,13,69,10,68.49315,1,69,2,71,1,70,11,76,8,29.126215,3,66,9,69,15,64,13,65,9,73,12,68,4,70,10,72,10,60,8,69,13,67,5,73,9,70,6,72,8,73,8,75,12,70,8,72,4,72,7,74,8,69,14,78,13,69,10,76,19,47.619053,8,66,15,71,9,62,8,70,9,37.037037,4,70,10,70,11,64,11,70,5,-1,-1,66,16,75,11,78,7,75,9,70,10,73,11,76,10,71,5,67,8,72,8,79,6
9:26 AM,56.232426,4,67,8,68,7,73,9,45.454548,5,83.787186,4,29.388714,5,53.936207,7,71.33377,6,-1,-1,-1,-1,-1,-1,-1,-1,65.71742,1,86.033844,5,59.752453,8,120.320854,6,-1,0,-1,0,-1,-1,-1,-1,75.187965,2,-1,0,42.0659,3,-1,0,83.12858,2,58.18182,8,79.435135,3,-1,-1,-1,-1,71,13,72,8,72,8,68,6,74,11,80,6,76,14,79,12,84,15,68,8,72,9,73,14,72.20088,7,79.65166,6,69.25208,10,67.04981,7,53.19149,1,76.527245,8,74.76077,6,51.90311,3,74.906364,4,50.000004,7,59.422752,7,-1,0,-1,0,-1,0,-1,0,-1,0,-1,0,-1,0,-1,0,42.826557,4,63.636364,7,43.706295,5,71.09004,3,50.377834,8,53.19149,1,85.47009,2,42.872456,8,61.57636,5,43.1566,7,69.44444,2,59.88024,2,52.63158,10,29.94012,1,53.763443,4,-1,0,34.72222,1,65.703026,10,71.94245,2,90.09008,2,113.63637,1,66,2,73,3,66,5,73,5,63,10,73,4,69,5,74,3,68,3,76,2,61,10,70,4,72,2,72,5,66,8,-1,-1,70,11,73,9,65,7,69,12,70.75472,3,66,10,68,10,69,6,76,1,-1,0,64,8,72,9,64,10,63,11,67,18,66,14,68,10,74,11,68,12,74,11,66,4,74,5,67,6,69,11,63,7,69,14,68,7,75,8,71,10,75,6,68,9,72,7,75,13,80,8,66.666664,3,70,11,75,17,63,14,73,8,71.59904,6,63,6,70,8,65,12,69,11,-1,-1,67,13,76,5,78,9,71,9,68,7,75,12,78,18,71,9,72,6,72,9,74,12
9:26:30 AM,55.577614,7,70,13,68,8,68,4,53.475933,10,81.90008,4,37.74772,2,40.625652,3,80.104324,4,-1,-1,-1,-1,-1,-1,-1,-1,58.027077,1,64.36041,4,57.158413,2,151.8396,13,-1,0,-1,0,-1,-1,-1,-1,-1,0,-1,0,30.701006,3,40.5375,9,82.38636,1,77.25985,10,55.096416,6,-1,-1,-1,-1,71,6,68,12,77,4,73,4,74,6,77,11,75,5,79,8,86,11,68,12,74,13,76,14,86.0432,5,81.752785,2,74.15255,7,77.31959,3,53.19149,1,79.60036,10,71.02273,5,71.09005,9,75,6,61.475407,3,76.62836,4,-1,0,-1,0,-1,0,-1,0,-1,0,-1,0,-1,0,-1,0,36.01441,6,64.93507,7,44.444443,4,79.726654,7,43.75,7,59.88024,2,66.66667,4,49.261086,4,-1,0,44.15011,8,69.44444,2,20.703932,2,51.085567,8,35.335693,2,42.372883,4,47.318615,3,29.94012,1,69.44444,1,-1,0,39.525696,4,90.09009,6,69,1,72,4,69,5,73,2,64,6,71,5,69,8,74,3,73,4,77,1,67,3,70,2,62,2,74,5,69,5,-1,-1,70,5,71,7,68,15,73,8,71.42857,2,69,9,68,14,69,14,72,12,63.829796,3,69,5,74,1,70,1,67,9,74,9,62,6,66,14,65,16,68,10,75,10,66,7,74,4,71,4,75,8,71,9,75,9,67,13,70,12,69,7,79,9,67,7,75,7,70,10,73,4,71.83908,5,75,16,75,8,63,18,73,17,53.380787,3,62,11,71,12,63,12,69,6,-1,-1,74,12,79,7,80,6,74,7,72,11,74,11,80,16,66,6,72,9,75,8,79,4
9:27 AM,38.77639,9,63,14,65,5,71,9,78.64108,5,78.64108,10,29.725046,2,43.577812,9,62.84713,4,-1,-1,-1,-1,-1,-1,-1,-1,59.61252,2,97.402596,1,74.57387,2,143.00307,7,-1,0,-1,0,-1,-1,-1,-1,89.285706,1,-1,0,41.797283,4,-1,0,58.216232,4,59.450092,4,66.518845,4,-1,-1,-1,-1,67,11,71,7,71,7,72,12,74,10,78,11,76,5,75,10,82,12,71,8,73,6,78,12,82.5153,8,65.30826,3,93.16771,6,69.12441,3,34.602074,2,63.680283,8,68.766335,8,62.03474,10,75.757576,9,56.23243,12,62.7615,6,-1,0,-1,0,-1,0,-1,0,-1,0,-1,0,-1,0,-1,0,53.763443,8,62.111805,4,52.956753,12,81.96721,3,34.791252,7,61.57636,5,67.04981,7,35.273373,4,71.94245,2,71.94245,2,42.735046,1,-1,0,72.46376,7,53.19149,1,52.91005,2,60.240963,1,-1,0,85.47009,2,69.44444,2,39.494473,5,81.96721,2,66,4,72,5,67,1,73,4,68,8,73,2,69,6,76,5,65,5,74,3,69,4,68,4,75,3,69,1,73,5,-1,-1,73,11,74,4,63,5,72,6,69.12441,3,67,8,70,6,71,8,76,14,56.338024,4,65,8,72,11,69,5,70,5,70,4,64,3,68,8,72,9,65,12,72,19,68,1,67,2,66,4,70,11,67,7,74,8,70,8,77,8,71,11,76,8,65,7,71,9,70,6,76,8,51.54639,6,70,9,72,4,62,21,72,6,44.74273,8,66,10,71,17,63,10,70,11,-1,-1,66,9,76,9,77,6,73,9,70,6,74,9,80,12,75,6,73,8,75,12,78,10
9:27:30 AM,58.1508,5,65,8,71,6,72,9,67.04209,5,77.1724,10,33.259422,2,69.52928,6,70.11338,13,-1,-1,-1,-1,-1,-1,-1,-1,-1,0,70.187164,7,49.275944,7,140.58107,5,-1,0,-1,0,-1,-1,-1,-1,55.292263,7,77.214455,1,49.140045,1,35.557663,5,-1,0,81.41112,1,72.72727,2,-1,-1,-1,-1,69,10,72,9,74,7,74,5,78,10,80,5,78,13,80,13,87,9,68,7,70,9,75,12,75.06731,10,75.32714,7,72.9927,6,72.81554,3,-1,0,78.4632,9,78.64108,4,54.884747,10,70.67139,4,47.748978,7,66.00661,8,-1,0,-1,0,-1,0,-1,0,-1,0,-1,0,-1,0,-1,0,41.407864,4,63.636364,7,73.333336,11,75.07507,5,57.23205,11,63.451775,5,45.045044,3,45.731705,3,69.20415,4,40.927696,6,71.09004,3,-1,0,68.119896,5,35.971226,1,42.134834,3,60.240963,1,-1,0,69.93007,8,64.10256,1,44.444443,4,89.82036,3,71,5,-1,0,68,8,73,6,67,7,72,4,71,4,75,2,72,3,72,1,62,7,72,2,-1,0,71,4,64,4,-1,-1,69,13,72,7,65,16,73,6,-1,0,65,6,71,10,69,13,74,8,56.980057,4,66,7,75,13,63,11,64,13,70,14,66,2,72,6,71,7,66,9,73,6,70,2,60,1,74,3,68,6,68,8,73,14,66,7,74,5,72,6,78,6,69,9,73,12,65,14,71,16,64.93507,1,71,8,76,6,66,11,70,5,70.621475,5,68,10,70,3,64,18,71,13,-1,-1,66,7,76,9,80,7,74,5,69,6,72,9,79,13,78,5,77,3,77,9,79,4
9:28 AM,31.874628,8,65,14,66,9,73,8,68.22446,8,79.74482,8,-1,0,57.941067,5,74.035805,9,-1,-1,-1,-1,-1,-1,-1,-1,59.61252,2,67.75833,8,53.726765,6,147.42014,3,-1,0,-1,0,-1,-1,-1,-1,74.62686,1,80.30303,2,38.629925,5,61.287033,2,75.63338,2,56.759056,10,69.53387,9,-1,-1,-1,-1,70,10,71,8,72,4,75,3,77,10,80,6,75,11,78,13,85,12,71,4,73,8,78,12,57.612843,5,80.78415,3,73.64975,9,81.775696,7,-1,0,84.80949,7,80.30839,4,60.893097,9,62.7615,3,45.63233,7,63.091484,4,-1,0,-1,0,-1,0,-1,0,-1,0,-1,0,-1,0,-1,0,61.57636,5,64.93507,7,56.657223,8,79.365074,6,54.347828,9,65.466446,8,65.35948,4,42.01681,7,69.44444,2,56.3063,5,71.09004,3,-1,0,76.14213,6,-1,0,64.308685,4,-1,0,-1,0,69.44444,2,76.62836,4,42.444824,5,81.96721,4,70,4,72,3,71,3,73,2,64,11,71,7,71,3,76,3,65,3,69,1,71,4,75,1,69,2,71,4,64,5,-1,-1,69,12,74,10,66,11,74,9,72.463776,2,66,12,69,4,67,8,72,12,52.083336,4,70,11,71,9,59,2,61,10,73,9,65,11,68,14,71,16,69,7,73,8,70,3,69,3,71,2,61,3,72,3,72,2,74,8,74,8,71,10,78,8,68,7,73,5,73,10,77,7,61.728397,2,67,12,71,15,72,11,75,5,85.22727,3,64,11,71,8,64,15,68,5,-1,-1,70,13,80,11,74,6,77,6,68,10,75,14,79,9,73,6,74,9,71,9,76,5
9:28:30 AM,50.13369,5,67,6,63,5,70,6,40.950043,3,87.077675,5,21.076298,5,50.72349,5,75.00997,7,-1,-1,-1,-1,-1,-1,-1,-1,-1,0,44.20215,5,47.44261,10,138.44023,10,-1,0,-1,0,-1,-1,-1,-1,-1,0,-1,0,47.568707,3,39.28844,6,59.14918,2,52.616196,9,75.49544,4,-1,-1,-1,-1,68,7,68,7,70,7,72,8,74,9,78,4,73,12,81,9,85,9,68,11,75,9,77,12,80.37694,8,113.63637,1,50.607285,5,64.308685,4,69.44444,1,73.80002,13,73.67025,8,61.188812,7,64.377686,3,58.411213,5,57.471268,3,-1,0,-1,0,-1,0,-1,0,-1,0,-1,0,-1,0,-1,0,36.49635,6,67.04981,7,80,8,67.91171,8,44.74273,8,61.57636,5,71.94245,2,62.642372,11,64.338234,7,44.74273,8,69.12441,3,45.04504,1,43.38395,8,46.082943,2,-1,0,74.62686,1,-1,0,62.111805,2,85.03401,5,76.21951,5,-1,0,68,4,75,5,72,5,70,2,70,7,73,2,72,8,74,7,70,5,77,4,61,3,70,2,71,1,74,4,71,2,-1,-1,68,7,71,5,65,12,73,11,57.736713,5,68,8,74,8,65,14,71,7,53.475937,2,74,5,78,8,76,4,71,8,72,9,65,1,68,10,74,6,67,13,73,19,68,4,64,5,70,5,71,8,67,10,72,14,70,13,73,6,72,13,76,8,65,9,74,8,70,9,77,3,65.789474,3,71,10,75,9,57,23,68,15,104.16667,1,67,11,71,4,61,13,66,11,-1,-1,67,14,72,5,78,4,77,6,67,8,74,13,81,9,70,6,69,6,74,10,78,7
9:29 AM,64.93507,2,63,4,70,4,75,1,69.01991,7,85.58387,9,21.818182,2,47.964302,4,81.78014,4,-1,-1,-1,-1,-1,-1,-1,-1,46.62005,1,46.029915,6,73.26555,7,140.4604,6,-1,0,-1,0,-1,-1,-1,-1,75.187965,2,-1,0,40.858017,2,81.41112,1,61.02693,5,46.76995,8,51.409477,10,-1,-1,-1,-1,69,10,68,11,72,8,69,6,75,7,78,9,75,11,80,11,84,11,66,7,72,16,77,10,78.125,11,75.42236,9,81.74387,6,71.94245,2,42.735046,1,61.026936,7,43.538837,4,60,15,60,6,56.675064,9,61.188812,7,-1,0,-1,0,-1,0,-1,0,-1,0,-1,0,-1,0,-1,0,50.607285,5,62.7615,6,51.41388,8,70.224724,5,57.339447,10,65.789474,6,50,5,60.97561,4,81.96721,2,55.95117,11,70.67139,4,45.04504,1,99.99999,1,32.67974,2,69.44444,1,65.789474,3,31.055902,1,64.377686,3,74.62686,1,56.818176,6,99.99999,1,73,2,78,2,69,5,79,5,66,8,78,1,69,6,79,2,69,6,77,4,68,6,74,4,66,1,74,4,70,4,-1,-1,67,11,69,5,67,9,70,4,64.10257,3,64,12,74,6,68,9,78,9,51.54639,2,65,14,72,7,65,8,69,6,75,10,76,4,74,8,73,10,66,9,74,4,69,2,70,2,71,3,67,7,68,11,76,7,71,5,71,3,70,9,76,5,69,12,73,10,60,11,74,6,68.49315,1,69,8,75,5,62,13,70,9,51.54639,6,63,15,69,17,64,8,72,2,-1,-1,68,11,72,10,73,7,73,6,66,7,76,10,79,9,78,2,75,5,74,8,78,5
9:29:30 AM,59.721302,6,62,11,65,8,72,16,70.5816,5,58.52517,3,29.299257,6,79.886055,5,71.9759,9,-1,-1,-1,-1,-1,-1,-1,-1,68.4671,3,56.232426,2,42.537678,5,140.21967,10,-1,0,-1,0,-1,-1,-1,-1,99.99999,1,63.732563,2,36.73094,4,36.363636,1,-1,0,39.525692,6,74.719795,7,-1,-1,-1,-1,68,7,62,11,68,11,75,6,71,9,79,6,77,9,80,9,84,7,69,5,75,14,75,13,42.613636,6,78.91413,1,72.22222,13,76.62836,8,-1,0,68.41774,9,71.31989,3,60,6,46.38219,5,51.124744,10,46.666668,7,-1,0,-1,0,-1,0,-1,0,-1,0,-1,0,-1,0,-1,0,58.411213,5,67.56756,3,64.308685,8,87.71931,4,45.33679,7,64.377686,3,106.38298,2,54.347828,7,69.28406,6,67.04981,7,71.94245,2,53.19149,1,52.08334,7,42.735046,1,64.377686,3,57.471268,3,35.335693,2,-1,0,62.111805,2,43.706295,5,106.38298,2,66,5,78,5,72,1,80,3,65,7,75,4,66,5,73,2,70,9,80,3,68,8,77,4,69,3,76,3,70,2,-1,-1,68,9,73,6,63,12,68,7,83.33332,2,66,10,70,4,68,17,80,6,57.80347,2,70,9,76,7,61,8,64,10,70,9,68,10,70,6,71,9,69,7,74,10,67,5,72,4,67,6,71,7,69,7,74,6,68,11,72,13,76,6,78,6,67,7,73,4,71,9,74,9,61.124695,5,63,12,74,5,67,14,74,4,72.81554,3,65,7,70,7,60,19,67,16,-1,-1,70,7,80,2,85,3,81,2,71,9,74,15,77,16,72,3,73,13,72,10,78,8
9:30 AM,49.330513,7,62,9,72,5,74,3,71.022736,4,51.072525,4,36.363636,1,64.67246,6,54.90297,4,-1,-1,-1,-1,-1,-1,-1,-1,-1,0,55.20795,5,58.777435,5,149.0313,5,-1,0,-1,0,-1,-1,-1,-1,42.134834,3,74.81649,2,40.858017,2,35.650623,2,55.58598,1,51.701855,2,52.113487,6,-1,-1,-1,-1,66,11,65,11,74,6,74,11,74,7,78,8,80,4,81,9,81,5,69,9,71,8,75,11,56.01339,6,81.752785,2,38.31418,6,69.12441,3,-1,0,76.51138,14,76.36852,10,65.18904,10,85.47009,2,44.091713,5,48.231514,3,-1,0,-1,0,-1,0,-1,0,-1,0,-1,0,-1,0,-1,0,47.393368,6,62.388588,7,49.999996,8,65.35948,4,52.38095,11,70.224724,5,38.31418,2,62.111805,8,39.682537,3,54.021614,9,69.16997,7,-1,0,56.17978,2,26.455025,1,27.472527,4,52.91005,2,42.735046,1,23.696682,1,99.99999,1,80.38586,5,85.836914,4,72,7,73,1,69,5,76,4,68,1,79,2,71,7,79,4,72,3,76,1,68,-1,71,5,73,4,76,5,72,5,-1,-1,66,18,71,9,66,13,71,4,53.95684,3,67,10,66,8,65,14,72,6,53.95684,3,67,13,76,8,71,5,70,9,76,12,62,8,67,12,71,8,71,8,73,7,77,2,-1,0,82,1,71,3,71,5,77,5,67,7,72,5,71,12,74,9,71,7,78,5,67,8,77,4,58.36576,3,70,11,75,8,67,10,74,5,82.30452,4,66,11,72,5,61,10,65,8,-1,-1,67,16,71,11,81,4,73,4,75,5,74,9,80,4,71,1,72,4,74,6,79,9
9:30:30 AM,60.774883,4,66,9,64,8,69,8,61.889694,9,84.84849,14,34.965034,1,55.491825,3,50.583473,5,-1,-1,-1,-1,-1,-1,-1,-1,44.70939,1,52.089794,7,78.058624,7,140.25975,9,-1,0,-1,0,-1,-1,-1,-1,84.26967,3,72.56298,1,43.636364,2,-1,0,-1,0,45.0045,5,75.45814,7,-1,-1,-1,-1,70,13,64,10,70,10,75,7,77,5,79,5,72,17,74,11,83,10,74,7,73,8,76,4,74.58847,11,49.666245,5,36.363636,4,-1,0,-1,0,45.611828,6,68.04573,2,62.89308,16,75,6,59.97001,8,72.81554,3,-1,0,-1,0,-1,0,-1,0,-1,0,-1,0,-1,0,-1,0,40.927696,6,35.273373,4,75.75757,8,95.785446,5,48.806942,9,58.027084,6,71.09004,3,58.56515,8,64.308685,4,62.7615,6,43.60465,3,47.393364,2,77.12082,6,35.971226,1,46.948357,6,69.44444,1,35.971226,1,85.47009,2,-1,0,46.082943,2,-1,0,66,3,77,3,68,7,78,2,62,6,72,6,74,1,80,2,65,9,74,7,71,5,68,2,-1,0,75,8,70,8,-1,-1,70,8,75,9,63,21,71,11,61.34969,2,65,8,67,6,65,8,70,8,74.07407,4,65,9,74,5,68,7,67,8,73,4,73,6,70,9,75,8,67,16,71,9,68,2,73,1,75,2,71,4,68,7,69,6,61,12,68,14,70,8,77,6,66,12,73,7,74,7,77,9,61.728394,6,68,8,76,4,60,16,71,12,67.56757,4,68,8,73,10,63,10,69,6,-1,-1,67,9,70,6,80,2,73,2,71,6,75,9,77,5,75,3,74,6,75,7,78,2
9:31 AM,48.377342,4,69,1,67,4,75,6,68.3527,2,69.29046,5,31.168833,2,57.486626,11,76.52024,14,-1,-1,-1,-1,-1,-1,-1,-1,61.287033,1,66.75143,7,70.781975,7,139.86014,4,-1,0,-1,0,-1,-1,-1,-1,81.96721,2,89.89145,1,44.58757,3,-1,0,-1,0,44.636215,5,71.77034,6,-1,-1,-1,-1,75,2,72,8,73,6,72,6,77,9,80,5,75,18,78,16,80,17,70,6,74,10,77,9,71.64031,7,68.04573,2,52.38095,11,74.94647,7,-1,0,56.01339,6,-1,0,41.469193,7,69.44444,1,46.38219,10,62.499996,5,-1,0,-1,0,-1,0,-1,0,-1,0,-1,0,-1,0,-1,0,55.401665,8,68.119896,5,46.948357,6,44.97751,6,64.308685,8,59.88024,2,48.6618,4,42.444824,5,67.56756,6,56.237217,11,71.09004,3,-1,0,71.94245,8,33.333336,2,64.308685,4,56.17978,4,31.38075,3,51.457973,6,34.013603,2,113.63637,1,69.44444,1,-1,0,73,1,70,8,76,4,61,8,67,6,65,4,75,5,70,5,74,3,67,14,73,2,-1,0,70,2,70,7,-1,-1,68,8,73,7,66,12,73,9,66.66667,1,61,17,70,17,64,12,73,9,72.463776,1,66,8,72,7,69,7,67,6,72,7,67,8,69,5,74,5,71,7,76,6,-1,0,78,2,67,3,72,6,69,10,77,8,66,7,71,11,67,11,74,15,66,8,72,5,70,10,72,3,45.39559,7,74,6,76,8,66,11,69,5,67.02413,5,68,7,73,6,66,13,70,6,-1,-1,69,9,73,5,72,4,77,4,67,15,72,12,78,13,76,5,74,7,72,7,77,10
9:31:30 AM,59.54744,5,59,3,66,7,68,5,46.585922,7,58.424862,10,22.354694,1,70.22319,2,53.893715,3,-1,-1,-1,-1,-1,-1,-1,-1,65.71742,1,40.934677,4,56.818176,9,142.1801,11,-1,0,-1,0,-1,-1,-1,-1,89.82036,3,81.38821,3,25.668447,4,-1,0,-1,0,67.132866,8,68.28852,8,-1,-1,-1,-1,73,8,69,6,74,6,76,10,69,7,77,12,80,12,82,10,84,6,66,22,69,14,75,19,75.757576,3,60.12506,2,83.682,4,71.09004,3,-1,0,60.46705,8,75.757576,8,41.254128,5,-1,0,39.863327,7,69.44444,2,-1,0,-1,0,-1,0,-1,0,-1,0,-1,0,-1,0,-1,0,60.06006,4,64.10256,1,72.93355,9,106.38298,2,36.764706,4,41.254128,5,42.918457,2,64.308685,4,69.44444,2,40.887848,7,65.27415,5,53.19149,1,64.338234,7,34.72222,1,61.349693,6,-1,0,-1,0,60.06006,4,85.47009,2,81.96721,4,69.44444,1,79,2,76,1,81,2,75,1,63,10,75,3,70,7,74,4,68,7,72,3,60,7,73,6,65,5,74,8,67,2,-1,-1,70,10,73,5,64,10,75,7,72.463776,2,65,9,73,6,61,22,70,19,51.54639,1,66,8,71,11,-1,0,64,9,73,6,67,6,69,9,71,6,65,6,75,2,-1,0,67,2,77,1,72,4,70,5,76,3,60,12,69,8,66,10,73,16,64,13,71,12,71,11,74,7,74.34944,4,70,7,73,5,68,11,75,7,69.44444,2,67,11,72,8,59,13,68,8,-1,-1,73,9,79,3,82,8,72,6,70,12,74,16,77,19,76,6,72,12,73,10,78,10
9:32 AM,66.518845,4,66,4,66,5,72,7,74.341545,7,74.51565,1,33.879166,3,52.76613,8,74.19641,7,-1,-1,-1,-1,-1,-1,-1,-1,75.75757,1,51.701855,2,66.104256,5,137.34468,7,-1,0,-1,0,-1,-1,-1,-1,-1,0,-1,0,39.29788,5,37.359898,7,-1,0,40.225258,5,59.721302,9,-1,-1,-1,-1,70,7,67,11,69,11,72,11,76,10,79,2,80,6,79,10,84,8,70,9,76,11,77,12,55.385796,7,80.30839,4,76.62836,4,69.44444,2,-1,0,76.49025,6,71.31989,3,44.444443,8,72.93355,9,40.51864,5,69.12441,3,-1,0,-1,0,-1,0,-1,0,-1,0,-1,0,-1,0,-1,0,48.814503,7,69.44444,1,82.81573,8,58.411213,5,52.57009,9,62.111805,2,59.88024,2,39.421814,6,55.401665,4,67.20431,5,59.88024,2,45.04504,2,54.644806,2,34.602074,2,41.55125,3,52.91005,4,53.19149,1,-1,0,51.75983,5,34.72222,1,81.96721,2,68,4,67,1,73,7,77,2,70,4,74,2,70,6,70,4,74,4,77,5,69,6,69,2,69,2,76,6,69,5,-1,-1,68,7,72,4,62,13,75,3,72.463776,2,65,8,73,5,60,12,72,10,48.076923,3,63,16,71,17,66,9,67,9,75,14,-1,0,68,7,72,10,65,9,73,7,67,5,75,5,75,4,77,3,68,7,69,5,69,12,73,7,66,10,74,9,65,10,70,14,66,12,75,9,65.913376,7,70,10,71,8,68,11,70,6,68.965515,2,67,11,73,8,63,9,71,10,-1,-1,64,8,73,10,87,2,76,5,73,10,77,12,81,6,76,5,69,4,72,5,78,3
9:32:30 AM,58.862003,3,69,1,69,5,72,4,80.450516,6,69.77672,7,-1,0,52.353897,6,61.33511,3,-1,-1,-1,-1,-1,-1,-1,-1,51.457977,1,75.45814,7,61.346107,5,145.45454,8,-1,0,-1,0,-1,-1,-1,-1,89.285706,1,92.30234,4,-1,0,41.53207,3,67.10744,8,71.77034,6,60.606064,5,-1,-1,-1,-1,72,8,72,10,70,5,71,6,75,4,80,5,69,9,76,12,83,13,73,8,74,10,76,6,74.58847,11,52.22259,5,49.999996,8,50,5,-1,0,82.73107,3,68.04573,2,72.674416,5,81.96721,2,31.68568,5,63.739376,9,-1,0,-1,0,-1,0,-1,0,-1,0,-1,0,-1,0,-1,0,35.650623,4,56.2701,7,54.347828,7,85.47009,2,64.26735,10,49.999996,4,56.3063,5,67.20431,5,62.7615,3,40,8,60,6,53.19149,1,71.94245,6,-1,0,62.7615,3,-1,0,-1,0,50.93379,6,-1,0,36.60322,5,69.20415,4,69,6,72,3,68,6,76,1,69,8,70,4,68,3,73,4,68,6,71,1,69,5,73,9,69,3,66,1,72,8,-1,-1,72,8,78,3,68,6,71,4,59.241703,5,64,5,68,4,68,11,82,4,48.899757,4,62,13,72,13,66,11,66,11,71,17,67,9,66,8,74,12,69,8,72,10,74,1,72,1,68,2,69,5,68,7,72,9,73,7,71,3,70,10,78,5,61,13,71,11,67,9,71,9,60.483868,6,70,10,71,5,68,11,70,7,86.2069,2,67,8,71,5,68,10,72,6,-1,-1,65,7,75,11,74,7,75,3,75,6,73,11,80,9,74,5,72,6,69,6,75,8
9:33 AM,51.377197,6,66,6,65,5,70,6,90.90909,1,77.92208,6,18.521378,2,80.323784,7,65.442375,9,-1,-1,-1,-1,-1,-1,-1,-1,-1,0,81.716034,4,49.715916,7,145.45454,4,-1,0,-1,0,-1,-1,-1,-1,84.26967,3,79.246414,3,-1,0,44.70939,1,59.14918,1,63.332897,8,70.2302,3,-1,-1,-1,-1,72,5,68,9,72,6,71,6,74,9,77,9,77,14,79,14,80,11,70,8,73,10,77,12,77.94768,9,73.07805,4,60.386475,10,69.28406,6,47.393364,2,55.15405,8,63.332363,7,70.67139,4,66.66667,4,64.10256,1,-1,0,-1,0,-1,0,-1,0,-1,0,-1,0,-1,0,-1,0,-1,0,50,5,65.07592,6,54.021614,9,72.9927,6,53.533195,5,44.444443,4,66.137566,5,69.44444,1,59.95204,5,55.555553,5,-1,0,48.54369,2,56.947613,10,42.735046,1,79.365074,3,-1,0,31.055902,1,69.44444,2,75.187965,2,106.38298,2,-1,0,74,1,75,1,70,2,79,1,59,10,68,3,74,4,74,3,69,5,76,5,68,6,69,2,68,2,74,9,65,3,-1,-1,68,9,72,9,67,13,73,5,67.56757,1,66,5,70,6,68,9,72,5,45.103092,7,68,4,78,5,68,6,67,10,74,9,63,11,66,17,70,17,69,10,77,8,70,2,-1,0,72,5,69,3,69,7,75,10,65,9,70,14,75,6,78,6,67,8,73,6,69,10,73,10,54.58515,5,63,11,72,12,67,14,72,7,72.463776,2,68,8,68,7,63,15,68,5,-1,-1,74,5,77,4,77,4,77,5,68,9,72,12,76,14,77,5,75,7,74,14,78,10
9:33:30 AM,65.71742,2,68,8,68,6,74,6,45.454544,2,85.7633,2,34.23355,3,58.636364,1,58.589497,5,-1,-1,-1,-1,-1,-1,-1,-1,-1,0,64.36041,8,76.36364,4,140.58107,5,-1,0,-1,0,-1,-1,-1,-1,47.16981,1,75.59908,3,36.363636,2,29.299257,6,61.51515,4,70.10983,5,56.13597,6,-1,-1,-1,-1,70,6,71,13,73,10,77,12,75,11,80,7,77,5,78,12,85,9,67,11,71,9,75,11,78.32999,7,71.02273,5,75.07507,5,78.86436,5,27.829313,3,77.76884,8,76.66621,9,46.296295,9,61.391544,9,50,3,67.56756,6,-1,0,-1,0,-1,0,-1,0,-1,0,-1,0,-1,0,-1,0,50.76142,4,44.247784,6,50,9,61.188812,7,42.372883,8,68.49315,7,23.696682,1,56.2701,7,34.602074,2,61.349693,6,49.019608,3,52.91005,2,65.789474,3,40.983604,1,-1,0,81.96721,2,38.071064,3,69.44444,1,43.38395,4,47.34848,5,74.62686,1,68,2,74,1,72,8,74,4,68,3,70,1,66,6,74,2,73,5,-1,0,68,5,73,3,68,5,71,3,64,10,-1,-1,72,5,70,6,61,10,72,10,54.054054,2,66,11,76,6,67,8,73,7,-1,0,65,8,73,6,68,9,71,10,75,7,68,4,67,9,72,8,63,20,71,17,68,8,71,7,67,4,69,7,69,10,72,7,70,9,69,7,71,12,78,10,69,7,74,8,70,6,74,5,62.65664,5,67,12,75,10,64,11,68,10,62.240658,3,67,7,73,7,64,11,70,9,-1,-1,69,14,74,4,77,2,76,5,72,10,74,13,77,17,68,2,74,5,73,9,77,6
9:34 AM,61.058342,6,70,4,67,11,71,4,45.454544,6,58.424862,5,27.272726,1,57.769817,4,76.349434,2,-1,-1,-1,-1,-1,-1,-1,-1,-1,0,84.697914,5,67.03269,5,140.37433,7,-1,0,-1,0,-1,-1,-1,-1,79.365074,3,85.631195,3,-1,0,-1,0,61.51515,2,62.124664,10,74.2115,4,-1,-1,-1,-1,70,7,71,8,73,9,78,4,74,6,79,3,77,11,79,13,83,12,76,8,74,14,77,16,93.15774,4,78.91413,2,79.726654,7,83.333336,5,38.071064,3,73.368195,6,78.60223,7,55.401665,4,67.698265,7,41.15226,8,52.941177,9,-1,0,-1,0,-1,0,-1,0,-1,0,-1,0,-1,0,-1,0,36.49635,3,57.471268,3,65.35948,4,85.47009,2,46.296295,7,48.6618,8,69.44444,2,60.97561,4,68.49315,7,52.950073,7,45.95588,5,-1,0,62.326874,9,-1,0,-1,0,49.261086,4,42.918457,2,77.12082,6,75.187965,2,94.78673,4,106.38298,2,68,5,-1,0,69,2,76,2,67,9,73,6,72,3,79,2,71,3,78,3,69,7,76,2,71,6,72,5,66,3,-1,-1,72,10,77,5,69,7,68,6,59.76096,3,67,8,68,8,72,9,79,6,54.347828,1,67,7,73,8,65,6,69,5,71,7,71,10,71,6,74,9,68,10,76,9,71,3,69,2,68,6,68,13,69,7,72,12,69,13,78,6,70,10,77,12,63,10,72,8,74,7,77,12,46.012268,3,70,6,76,4,65,10,75,13,30.959751,2,63,10,66,13,66,8,72,6,-1,-1,69,11,73,8,75,2,73,4,73,4,74,14,82,6,71,3,71,10,73,7,77,6
9:34:30 AM,53.21508,12,72,6,66,9,70,11,69.66214,8,83.787186,4,28.116213,1,45.220844,6,46.316242,4,-1,-1,-1,-1,-1,-1,-1,-1,-1,0,54.545452,2,67.85868,6,151.09546,10,-1,0,-1,0,-1,-1,-1,-1,69.44444,2,81.941864,4,31.438303,4,55.20795,5,34.55907,2,70.15493,4,74.5496,6,-1,-1,-1,-1,73,9,72,6,75,4,74,7,74,9,77,10,74,10,77,10,85,7,71,4,77,15,81,5,57.24115,7,68.04573,2,93.16771,3,71.94245,2,-1,0,94.83322,8,71.69487,4,62.597813,8,77.77778,7,53.533195,5,69.28406,6,-1,0,-1,0,-1,0,-1,0,-1,0,-1,0,-1,0,-1,0,65.35948,4,63.559326,6,48.622368,6,69.44444,2,58.13953,4,57.471268,3,69.44444,2,39.6376,7,49.099834,6,66.66667,4,65.789474,6,45.04504,1,60,3,-1,0,65.789474,6,89.285706,1,42.735046,1,37.202385,5,89.285706,1,69.44444,1,69.44444,1,71,3,75,2,71,7,-1,0,62,8,68,6,69,6,76,6,68,7,72,4,66,4,70,6,69,1,-1,0,72,8,-1,-1,66,12,74,10,68,8,72,7,-1,0,66,7,71,7,69,13,74,10,-1,0,68,9,75,6,68,2,68,7,74,10,72,3,66,10,74,4,69,6,74,4,66,9,70,9,71,3,73,7,67,7,76,7,66,10,70,13,69,14,76,11,65,11,74,10,67,14,74,8,68.49314,6,73,12,77,7,67,12,75,5,65.78947,4,63,8,69,11,55,10,68,13,-1,-1,69,8,78,7,77,7,74,10,72,8,73,13,78,13,72,8,71,6,73,6,75,5
9:35 AM,24.487295,8,62,9,65,6,73,5,45.454544,6,85.7633,2,33.879166,1,65.474846,9,71.33377,6,-1,-1,-1,-1,-1,-1,-1,-1,46.62005,1,44.636215,5,66.05851,4,143.54068,12,-1,0,-1,0,-1,-1,-1,-1,73.52941,4,83.648994,1,24.793388,5,-1,0,57.91175,3,71.20816,5,75.40846,3,-1,-1,-1,-1,66,11,68,11,73,4,74,5,75,6,80,3,79,13,80,9,87,15,70,8,72,12,75,12,81.16883,5,79.80082,5,55.147057,6,57.14286,4,-1,0,95.520424,7,81.752785,2,75.0469,8,69.12441,3,58.823532,10,65.27415,5,-1,0,-1,0,-1,0,-1,0,-1,0,-1,0,-1,0,-1,0,55.658627,6,50.61867,9,72.04611,10,93.16771,3,46.296295,9,69.44444,1,42.735046,1,64.308685,4,69.12441,3,39.50834,9,46.583855,6,28.08989,2,39.138943,8,34.72222,1,-1,0,66.66667,2,34.72222,1,81.96721,2,21.929827,1,19.15709,1,69.44444,1,65,2,72,1,73,4,77,1,64,8,71,2,69,7,73,3,69,3,74,4,69,6,73,5,70,4,72,6,75,2,-1,-1,71,11,74,8,47,12,68,12,67.56757,1,64,4,71,10,68,13,75,8,58.36576,3,69,10,72,7,66,7,67,7,72,8,65,2,71,8,73,10,64,8,74,7,61,5,-1,0,65,7,65,9,70,7,75,7,73,8,77,9,74,11,77,12,63,12,68,12,67,17,77,9,55.43237,5,65,15,71,7,66,13,72,9,86.2069,2,70,10,73,5,60,15,70,11,-1,-1,68,7,75,12,79,4,75,2,69,7,72,15,79,10,74,5,78,5,75,9,80,4
9:35:30 AM,49.02963,4,65,11,63,9,70,5,81.90008,8,71.808136,10,29.16869,3,59.5293,4,80.104324,1,-1,-1,-1,-1,-1,-1,-1,-1,-1,0,77.096054,4,74.11067,5,146.62756,10,-1,0,-1,0,-1,-1,-1,-1,-1,0,-1,0,45.965275,3,40.70556,8,-1,0,45.328636,6,65.454544,3,-1,-1,-1,-1,66,12,72,9,73,8,77,7,76,9,87,3,72,10,76,14,82,11,69,5,69,13,75,13,69.296936,9,78.550476,3,57.283142,7,80.38586,5,74.62686,1,69.16996,7,69.00994,6,78.82882,7,90.09008,2,65.35948,4,71.09004,3,-1,0,-1,0,-1,0,-1,0,-1,0,-1,0,-1,0,-1,0,35.54502,3,58.67014,9,55.788006,8,75,6,45.833336,11,69.44444,2,70.67139,4,42.08754,5,59.88024,2,64.308685,4,71.42857,5,-1,0,71.09004,3,35.335693,2,57.471268,3,51.020405,3,-1,0,74.62686,1,46.082943,2,46.38219,5,227.27274,1,69,3,76,1,72,2,-1,0,69,3,75,1,71,6,77,5,66,5,78,3,66,8,75,3,72,2,69,4,68,4,-1,-1,73,7,80,4,51,13,68,14,34.36426,4,64,7,67,9,70,6,73,8,49.019608,3,67,9,76,11,68,5,71,12,73,10,64,8,68,8,71,11,72,10,72,-1,72,6,72,3,68,7,73,4,70,7,73,6,70,12,77,5,76,9,81,5,69,11,73,13,70,10,71,14,55.43237,5,65,15,73,10,64,16,72,9,55.803566,5,68,8,69,6,67,11,70,6,-1,-1,66,16,78,10,76,6,74,8,72,9,74,11,78,17,73,8,72,8,71,6,76,8
9:36 AM,59.612522,6,60,9,68,5,74,4,67.1742,6,77.416504,7,34.965034,1,55.903316,9,69.474365,12,-1,-1,-1,-1,-1,-1,-1,-1,54.545452,1,62.695923,6,69.67485,12,140.37433,7,-1,0,-1,0,-1,-1,-1,-1,-1,0,72.56298,1,42.0659,3,37.10575,2,59.301235,5,72.72727,6,70.07981,6,-1,-1,-1,-1,68,8,68,11,73,5,71,6,72,7,78,7,74,9,77,14,84,10,70,12,72,12,77,15,73.723816,10,71.31989,3,80,8,77.31959,3,57.471268,3,89.74007,9,85.16644,7,55.292263,7,59.13272,9,58.922558,7,69.12441,3,-1,0,-1,0,-1,0,-1,0,-1,0,-1,0,-1,0,-1,0,34.602074,4,50.000004,7,42.19409,6,61.652287,10,61.188812,7,55.555553,5,75.07507,5,52.966106,5,59.88024,2,47.058823,8,113.63637,1,-1,0,55.401665,4,-1,0,60.97561,4,-1,0,29.94012,1,64.28572,9,-1,0,48.231514,3,69.44444,1,69,4,64,1,69,2,86,3,60,6,68,4,74,2,-1,0,75,5,75,2,63,5,73,4,68,2,72,6,69,7,-1,-1,73,6,73,5,65,9,75,5,42.134834,6,64,13,71,13,68,8,75,9,72.463776,1,66,5,75,8,67,4,70,9,74,7,71,5,70,10,76,9,69,12,74,10,72,3,76,3,72,3,69,5,71,9,75,9,71,12,71,8,71,11,75,6,70,9,78,5,72,13,77,11,51.99307,6,67,14,70,9,63,16,66,10,52.14368,9,67,9,71,9,66,12,69,4,-1,-1,70,8,76,6,72,5,76,7,69,10,70,13,76,10,70,2,73,4,72,10,76,8
9:36:30 AM,45.454548,5,72,9,67,10,70,6,80.80808,8,72.15007,6,27.548208,3,88.04258,5,60.325478,7,-1,-1,-1,-1,-1,-1,-1,-1,11.15449,1,83.59457,4,60.5676,5,137.65416,8,-1,0,-1,0,-1,-1,-1,-1,83.682,4,67.6711,4,19.503736,3,-1,0,46.136356,1,62.695923,6,64.113106,13,-1,-1,-1,-1,70,8,68,8,69,9,69,6,72,7,78,9,81,9,82,8,85,8,73,6,74,10,77,13,70.93933,11,55.939133,7,52.681995,11,76.62836,4,69.44444,1,64.336426,9,74.27213,4,52.26481,9,79.365074,3,46.53568,9,63.451775,5,-1,0,-1,0,-1,0,-1,0,-1,0,-1,0,-1,0,-1,0,54.744522,9,69.28406,6,73.74631,10,97.08738,4,45.605305,11,60,9,-1,0,49.073063,9,71.09004,3,52.47376,7,56.17978,4,53.00354,3,50.432278,7,-1,0,62.7615,3,-1,0,-1,0,99.99999,1,-1,0,70.224724,5,99.99999,1,64,2,82,1,70,8,73,3,65,3,76,3,69,6,82,3,66,3,75,2,72,6,75,2,69,3,78,3,68,5,-1,-1,70,7,72,4,71,7,75,4,-1,0,69,7,71,5,59,18,75,14,54.347828,1,66,7,72,8,67,6,68,8,74,6,69,6,72,7,73,8,68,9,76,8,68,5,72,5,67,7,72,14,70,9,75,6,68,9,72,8,69,12,76,13,67,12,70,5,74,8,82,3,75.75757,2,69,11,71,16,64,19,68,11,59.73716,10,64,11,72,8,63,15,71,8,-1,-1,74,10,75,5,77,3,70,3,68,8,70,12,80,12,74,3,69,9,70,7,76,5
9:37 AM,57.72006,2,69,5,71,5,75,5,90.90909,3,81.65488,3,37.2748,3,75.3896,9,52.31653,5,-1,-1,-1,-1,-1,-1,-1,-1,39.241337,1,48.614483,5,46.449898,4,145.45454,4,-1,0,-1,0,-1,-1,-1,-1,68.02721,4,83.648994,1,26.249016,5,40.10695,4,-1,0,78.48267,4,75.40846,3,-1,-1,-1,-1,64,7,68,8,71,10,71,9,73,6,79,7,79,17,80,9,82,7,70,8,74,13,77,9,86.0432,5,-1,0,59.97001,8,65.27415,5,51.54639,2,85.4575,8,78.91413,2,74.40477,10,59.88024,2,47.125355,10,62.111805,2,-1,0,-1,0,-1,0,-1,0,-1,0,-1,0,-1,0,-1,0,62.7615,3,69.44444,1,79.05139,8,81.96721,3,55.61173,11,-1,0,69.44444,2,42.372883,8,54.347828,7,49.50495,11,66.137566,5,69.44444,1,78.86436,5,-1,0,79.365074,3,-1,0,47.393364,2,69.44444,1,75.187965,2,104.166664,3,-1,0,69,5,79,1,62,1,71,2,65,10,75,2,68,4,82,3,69,4,78,3,67,2,74,2,72,2,73,3,70,4,-1,-1,71,13,75,3,67,7,72,6,72.463776,1,71,7,71,3,66,12,75,9,61.919502,4,61,13,72,15,73,1,67,11,74,13,65,6,68,10,76,4,68,9,72,7,75,3,73,5,-1,0,66,5,70,6,76,8,67,11,70,9,71,9,83,1,65,14,73,10,68,13,75,9,48.076927,1,73,9,80,2,66,13,71,15,64.93507,7,69,11,69,12,62,13,69,7,-1,-1,66,6,75,8,77,6,76,4,72,11,78,9,79,7,75,5,78,8,75,3,79,6
9:37:30 AM,47.65687,11,67,9,68,8,72,8,64.766846,11,43.846832,6,29.80626,1,87.954544,3,81.78014,4,-1,-1,-1,-1,-1,-1,-1,-1,54.545452,1,50.81875,6,59.65909,5,140.15962,12,-1,0,-1,0,-1,-1,-1,-1,89.285706,1,83.648994,2,21.94988,4,67.75833,2,62.34643,3,54.081894,7,58.862003,6,-1,-1,-1,-1,64,9,63,10,74,7,74,5,77,8,81,6,79,10,79,12,82,13,71,11,75,12,77,7,82.73107,6,81.752785,4,85.71429,6,-1,0,-1,0,57.35062,13,71.67431,11,61.53846,8,67.340065,8,59.95204,5,69.44444,2,-1,0,-1,0,-1,0,-1,0,-1,0,-1,0,-1,0,-1,0,66.66667,4,62.7615,3,50.93379,6,85.836914,4,54.744522,9,71.94245,4,58.708416,6,55.831264,9,149.25372,2,40.24145,8,45.95588,5,59.88024,2,83.682,4,-1,0,59.88024,2,29.94012,1,42.735046,1,71.94245,4,74.62686,1,44.444443,4,90.09008,2,72,3,73,2,70,6,-1,0,64,5,75,3,70,7,73,4,69,7,77,4,67,4,73,2,71,1,81,1,68,6,-1,-1,69,7,70,4,67,14,71,5,-1,0,67,8,72,6,73,7,75,4,73.52941,1,69,10,73,10,62,9,62,12,71,14,-1,0,66,14,73,11,68,9,75,7,69,4,72,4,72,5,71,11,68,5,74,5,65,15,71,8,68,9,76,15,64,9,75,4,66,16,76,9,66.22517,4,67,13,72,9,72,10,80,2,66.666664,3,71,11,72,10,63,16,67,9,-1,-1,67,10,73,5,81,3,78,9,73,11,73,8,78,7,79,4,71,5,75,11,77,5
9:38 AM,21.818182,2,65,10,70,7,70,7,93.72071,4,76.60879,3,27.272726,2,55.99653,7,52.59295,11,-1,-1,-1,-1,-1,-1,-1,-1,-1,0,52.32178,4,73.26555,7,140.21967,10,-1,0,-1,0,-1,-1,-1,-1,89.285706,1,-1,0,35.88517,3,37.42398,4,57.312252,2,50.34965,6,65.454544,3,-1,-1,-1,-1,71,7,68,5,72,7,74,4,74,11,80,3,76,13,80,6,84,13,72,8,75,10,76,8,63.29805,8,64.93507,4,71.09005,9,106.38298,2,-1,0,66.96134,7,-1,0,46.62841,13,66.137566,5,54.744522,9,62.03474,10,-1,0,-1,0,-1,0,-1,0,-1,0,-1,0,-1,0,-1,0,36.99137,6,60.827248,5,63.694267,8,55.831264,9,53.475933,6,69.20415,4,30.36437,3,71.94245,6,71.09004,3,55.831264,9,-1,0,42.735046,1,45.731705,6,35.971226,1,69.44444,2,-1,0,34.72222,1,99.99999,1,89.285706,1,41.841,2,104.166664,3,70,3,81,1,74,5,71,2,65,6,64,2,70,6,-1,0,68,6,78,3,67,7,73,5,80,1,75,6,76,1,-1,-1,67,10,73,12,69,10,72,5,53.333332,4,65,11,70,5,68,13,75,5,41.66666,1,67,7,73,4,66,8,69,9,75,6,63,10,63,11,72,13,64,12,75,11,68,1,68,1,71,3,72,5,76,5,76,5,70,10,74,12,71,12,77,14,65,10,71,10,68,12,74,6,59.76096,3,67,12,73,12,64,17,71,7,68.259384,4,67,6,69,1,66,17,69,11,-1,-1,67,15,74,5,76,5,77,4,74,10,74,13,73,20,70,2,70,10,70,8,78,8
9:38:30 AM,49.228752,5,69,9,71,4,77,2,46.929466,7,81.75278,5,46.62005,1,90.67478,3,80.104324,4,-1,-1,-1,-1,-1,-1,-1,-1,58.027077,1,27.272726,2,69.37103,5,142.6025,8,-1,0,-1,0,-1,-1,-1,-1,74.906364,4,76.43054,5,20.898642,4,-1,0,50.885693,3,60.71851,6,71.63568,7,-1,-1,-1,-1,67,7,68,7,74,2,71,11,72,4,79,7,79,10,79,10,85,12,70,10,74,12,70,20,57.89964,6,82.74493,3,50.505047,6,72.46376,7,-1,0,80.65798,7,89.57821,7,64.93507,7,76.62836,4,36.0036,8,69.20415,4,-1,0,-1,0,-1,0,-1,0,-1,0,-1,0,-1,0,-1,0,24.999998,4,62.111805,8,63.559326,6,69.44444,1,51.25285,9,44.091713,5,69.44444,2,66.137566,5,71.09004,3,67.20431,5,64.377686,3,53.19149,1,99.99999,1,40.983604,2,66.66667,4,45.731705,3,-1,0,69.44444,1,75.187965,2,89.82036,3,69.44444,1,72,4,76,2,69,5,79,1,70,8,74,2,69,4,66,1,66,5,67,2,65,7,75,3,69,2,70,4,70,5,-1,-1,71,11,74,6,60,11,72,13,68.49315,4,68,7,72,5,70,12,73,5,56.818184,4,71,9,77,5,65,6,66,8,73,8,67,7,70,8,76,4,64,14,74,10,69,4,79,3,68,5,70,6,69,12,74,10,64,13,68,3,70,11,78,5,63,13,72,17,66,13,77,8,53.87931,5,66,16,74,5,67,15,72,10,67.1141,6,65,13,69,13,65,4,68,5,-1,-1,74,15,76,9,80,3,70,4,70,12,72,9,79,7,85,1,74,6,74,6,83,5
9:39 AM,61.058342,6,66,4,73,5,77,7,53.8561,5,78.64108,5,38.548027,2,43.977272,6,77.07198,5,-1,-1,-1,-1,-1,-1,-1,-1,-1,0,42.0659,3,78.02824,6,139.86015,3,-1,0,-1,0,-1,-1,-1,-1,85.47009,2,67.6711,1,44.61796,4,40.29212,8,-1,0,34.090908,5,75.40846,3,-1,-1,-1,-1,65,7,67,12,71,8,74,7,76,5,82,7,72,5,79,11,81,11,73,9,74,11,78,10,69.135414,6,78.91413,1,65.789474,6,69.44444,1,-1,0,61.026936,7,69.53274,7,65.466446,8,89.82036,3,54.347828,7,73.52941,4,-1,0,-1,0,-1,0,-1,0,-1,0,-1,0,-1,0,-1,0,64.93507,7,47.393364,8,37.783375,6,82.72058,9,53.533195,5,70.224724,5,33.333332,3,52.57009,9,74.906364,4,62.388588,7,69.20415,4,53.19149,1,63.451775,5,26.455025,1,55.147057,6,-1,0,-1,0,69.20415,4,78.12501,4,42.918457,2,49.019608,3,77,3,72,2,72,5,78,1,68,5,74,1,73,6,-1,0,69,7,74,2,65,6,74,3,77,1,76,2,70,5,-1,-1,66,9,72,5,69,11,74,7,72.463776,4,62,8,69,8,69,10,77,7,45.454544,1,68,9,72,7,71,5,70,9,77,7,63,5,70,9,71,10,69,7,77,3,66,6,66,8,74,10,73,7,72,11,75,8,65,9,72,5,72,9,78,5,67,9,76,2,70,10,75,17,62.111805,2,68,10,77,6,63,14,68,6,82.41758,3,66,11,70,3,62,15,69,12,-1,-1,71,4,76,3,76,5,85,2,75,6,76,11,80,16,81,1,75,7,75,7,80,7
9:39:30 AM,57.355896,10,65,11,69,11,72,11,89.37692,7,79.28118,3,34.965034,1,57.067017,4,73.20395,4,-1,-1,-1,-1,-1,-1,-1,-1,-1,0,67.17421,5,65.230896,6,142.83588,16,-1,0,-1,0,-1,-1,-1,-1,-1,0,85.631195,3,33.83713,5,46.62005,1,60.591846,7,74.2115,4,74.719795,7,-1,-1,-1,-1,66,10,63,7,67,5,71,6,78,6,79,5,72,17,74,14,80,12,75,5,76,9,76,10,92.10898,9,78.91413,2,54.824566,5,70.67139,4,69.44444,1,60.46705,8,93.144554,2,42.01681,7,67.91171,8,44.994373,8,65.35948,4,-1,0,-1,0,-1,0,-1,0,-1,0,-1,0,-1,0,-1,0,69.44444,2,66.66667,2,77.77778,7,56.726097,7,42.857143,9,69.16997,7,29.94012,1,69.20415,4,73.74631,5,53.317535,9,66.137566,5,53.19149,1,49.226437,7,15.015015,1,40.48583,4,-1,0,13.227512,1,53.19149,1,89.285706,1,42.918457,2,76.62836,4,71,3,74,4,79,2,77,2,68,7,73,3,69,4,78,2,72,5,75,2,67,8,68,3,-1,0,67,5,68,5,-1,-1,69,10,77,4,64,11,72,6,62.89308,2,70,7,72,7,66,14,74,10,-1,0,70,10,74,8,69,4,71,8,74,3,71,7,69,8,73,7,68,12,74,10,70,4,67,6,62,1,65,5,70,6,73,4,67,8,72,3,68,10,74,3,61,11,76,4,69,13,85,2,71.94245,2,69,14,75,18,61,13,71,8,70.3125,9,65,8,70,6,63,17,69,3,-1,-1,72,9,75,8,71,7,77,4,66,6,71,13,71,15,72,6,72,9,69,9,73,14
9:40 AM,57.416267,5,64,5,67,10,71,2,85.7633,2,93.72071,4,37.74772,4,63.27665,6,81.78014,4,-1,-1,-1,-1,-1,-1,-1,-1,-1,0,71.77034,3,77.98574,5,139.86014,4,-1,0,-1,0,-1,-1,-1,-1,81.96721,3,74.81649,2,40.89631,8,54.545452,1,-1,0,43.118935,4,70.187164,7,-1,-1,-1,-1,74,6,68,4,71,5,72,6,71,11,77,11,76,7,81,9,85,4,63,13,69,16,74,14,51.57206,5,84.80325,1,80.8314,7,59.88024,2,17.301037,1,87.181335,5,-1,0,61.7284,7,85.47009,2,47.043015,7,73.52941,4,-1,0,-1,0,-1,0,-1,0,-1,0,-1,0,-1,0,-1,0,42.881645,5,65.27415,5,81.96721,3,69.44444,1,66.66667,4,43.541367,6,71.94245,2,30.487804,4,61.7284,7,69.12441,3,71.42857,5,45.04504,1,45.454548,5,53.19149,1,59.241703,5,62.111805,2,35.971226,1,-1,0,74.62686,1,75,6,113.63637,1,69,3,77,1,66,4,73,3,74,2,65,1,75,5,78,5,66,7,76,5,70,6,73,1,72,2,67,3,69,4,-1,-1,74,3,78,3,63,12,75,9,71.09004,3,63,9,71,9,60,9,75,10,51.54639,1,66,13,74,10,61,9,69,9,73,10,73,4,71,6,74,3,69,7,73,6,63,6,69,3,71,7,69,10,70,10,72,7,67,16,71,12,71,11,77,9,63,9,69,5,66,9,75,3,58.823532,4,71,6,79,4,66,15,72,17,69.20415,4,68,10,70,12,62,14,71,7,-1,-1,66,12,74,6,75,9,71,8,65,12,71,11,77,7,74,5,71,5,74,7,81,2
9:40:30 AM,59.808617,5,65,9,67,5,67,7,73.5775,9,84.96177,8,13.175231,2,75.49747,3,78.558914,5,-1,-1,-1,-1,-1,-1,-1,-1,89.41878,1,83.59457,4,70.187164,4,139.86014,2,-1,0,-1,0,-1,-1,-1,-1,69.44444,2,76.43054,5,-1,0,40.90909,3,64.07828,2,71.77034,3,74.2115,4,-1,-1,-1,-1,71,10,71,17,72,12,74,4,75,7,81,4,74,9,76,16,84,19,70,10,74,10,77,3,92.10898,9,87.86317,3,42.372883,4,69.44444,2,53.19149,1,83.534966,10,75.75757,6,69.25208,5,-1,0,45.55809,4,60.240963,1,-1,0,-1,0,-1,0,-1,0,-1,0,-1,0,-1,0,-1,0,44.56328,5,53.19149,1,47.748978,7,76.62836,4,48.231514,3,69.44444,2,69.44444,1,58.333336,7,44.97751,6,45,9,59.59475,10,64.10256,1,32.53796,6,40.983604,1,65.27415,5,60.240963,1,-1,0,71.09004,3,66.66667,2,68.337135,6,100,5,67,7,-1,0,69,4,77,1,64,4,71,5,80,2,-1,0,72,2,75,7,66,9,72,3,80,2,73,1,65,5,-1,-1,74,13,79,6,71,5,79,4,-1,0,64,10,72,7,67,12,74,9,52.356018,2,66,9,77,11,71,3,64,17,73,14,63,9,70,9,74,9,69,6,79,4,-1,0,-1,0,69,2,68,4,73,5,75,7,67,9,71,8,67,11,76,12,66,12,73,9,64,9,74,5,57.915062,3,64,11,73,4,73,7,71,2,75.47169,4,65,11,71,9,63,7,69,12,-1,-1,68,13,75,9,76,3,78,6,74,7,73,11,77,11,71,2,69,3,76,11,77,7
9:41 AM,41.797283,2,66,10,67,8,72,5,53.56596,7,71.022736,2,31.712473,1,64.5,11,73.36883,5,-1,-1,-1,-1,-1,-1,-1,-1,51.457977,1,74.2115,4,95.454544,2,142.41632,10,-1,0,-1,0,-1,-1,-1,-1,128.20512,1,21.281723,1,43.636364,2,-1,0,64.07828,1,72.31405,7,71.30125,4,-1,-1,-1,-1,70,3,71,6,72,3,72,5,74,10,79,7,78,7,78,9,85,9,72,9,70,12,77,15,69.28683,8,60.12506,4,79.05139,8,74.906364,4,-1,0,78.93305,2,68.04573,2,70.694084,11,71.94245,4,55.555553,5,56.17977,3,-1,0,-1,0,-1,0,-1,0,-1,0,-1,0,-1,0,-1,0,59.288544,6,50.377834,8,58.56515,8,42.08754,5,48.6618,8,69.12441,3,69.44444,1,59.88024,2,69.44444,1,60.97561,4,35.335693,2,45.04504,1,43.859653,4,-1,0,49.019608,3,89.285706,1,39.062504,2,85.47009,2,-1,0,40.48583,4,113.63637,1,67,6,78,4,71,4,78,2,65,6,74,2,73,2,74,5,65,2,71,5,72,4,72,5,72,2,72,9,69,1,-1,-1,70,9,74,3,70,12,80,5,-1,0,69,5,76,4,65,11,75,11,55.970146,3,71,8,76,7,67,6,63,5,74,7,71,5,63,15,74,15,71,11,76,10,69,5,74,3,67,3,75,3,72,8,75,6,71,10,72,12,68,9,72,7,66,9,74,12,69,13,76,8,76.33588,2,66,11,73,4,60,14,71,5,66.66667,1,67,6,69,3,63,16,70,10,-1,-1,72,10,76,6,73,3,75,4,69,7,72,13,79,16,72,7,71,7,73,10,75,4
9:41:30 AM,53.651268,3,73,4,70,5,68,2,79.74482,8,68.87052,8,30.991735,3,52.353897,6,62.914555,3,-1,-1,-1,-1,-1,-1,-1,-1,57.72006,2,67.75833,6,57.272728,6,140.58107,5,-1,0,-1,0,-1,-1,-1,-1,106.38298,2,-1,0,50.81875,3,49.140045,2,49.081234,1,75.40846,3,89.41878,1,-1,-1,-1,-1,69,10,74,10,71,6,72,5,74,11,79,5,76,11,76,9,79,18,70,6,73,10,77,9,39.466526,1,78.91413,1,62.949646,7,60.06006,4,-1,0,63.435116,10,78.69555,5,44.97751,6,77.31959,3,60.06006,4,66.66667,2,-1,0,-1,0,-1,0,-1,0,-1,0,-1,0,-1,0,-1,0,52.447556,6,65.35948,4,64.82983,8,73.52941,8,52.029137,10,45.731705,6,106.38298,2,41.841003,6,64.377686,3,65.35948,4,85.47009,2,-1,0,65.35948,4,35.971226,1,69.20415,4,59.88024,2,38.31418,2,60.06006,4,69.44444,2,99.99999,2,71.94245,2,68,5,-1,0,66,10,79,3,66,5,72,3,69,7,74,1,70,4,73,7,69,4,70,6,86,1,73,5,69,5,-1,-1,69,6,-1,0,65,9,71,6,67.56757,1,69,11,73,6,66,8,75,7,-1,0,65,10,73,13,71,5,69,12,77,13,65,6,73,7,76,6,60,13,73,16,68,6,71,2,75,3,70,9,70,8,73,9,68,10,71,9,76,12,78,9,61,8,70,9,70,5,76,9,65.21739,3,66,15,71,7,65,12,74,4,62.499992,3,60,11,72,5,62,12,70,4,-1,-1,67,14,76,7,74,7,71,4,72,7,77,10,79,8,68,4,70,3,75,10,78,8
9:42 AM,59.396137,6,70,10,71,6,81,4,74.27213,5,74.27213,5,31.712473,1,59.079453,8,59.798157,7,-1,-1,-1,-1,-1,-1,-1,-1,52.956757,2,49.511757,6,67.12697,10,141.98383,12,-1,0,-1,0,-1,-1,-1,-1,81.96721,1,77.214455,1,44.20215,5,46.62005,1,53.646927,2,49.05167,5,70.99191,6,-1,-1,-1,-1,78,4,71,5,75,4,72,6,73,9,79,8,76,8,74,12,83,9,68,8,74,9,77,14,83.8843,7,80.30839,4,74.62686,1,72.81554,3,-1,0,78.32999,7,60.12506,4,67.91171,8,75.07507,5,48.076923,7,69.44444,2,-1,0,-1,0,-1,0,-1,0,-1,0,-1,0,-1,0,-1,0,26.97842,3,55.401665,8,88.49557,6,99.99999,1,58.997047,8,61.188812,7,-1,0,49.668873,9,45.385777,6,43.424316,7,69.44444,2,53.19149,1,77.31959,3,42.918457,2,-1,0,53.19149,1,-1,0,49.019608,3,64.10256,1,23.696682,2,99.99999,1,69,3,70,2,67,3,67,1,61,8,71,5,70,6,77,2,69,4,71,1,67,4,67,9,62,1,72,7,69,8,-1,-1,66,9,71,9,67,6,-1,0,73.89163,3,66,5,68,4,70,14,75,8,68.807335,3,69,8,76,6,67,11,66,6,71,10,67,6,66,11,75,11,71,10,77,10,66,2,73,5,69,4,68,7,64,10,74,9,72,13,75,7,73,12,74,9,70,10,73,11,64,11,74,17,16.286644,1,71,6,73,9,63,16,71,9,59.76096,3,65,12,72,4,59,12,69,4,-1,-1,71,10,75,4,78,6,70,4,68,13,72,13,76,19,72,3,70,5,74,10,77,8
9:42:30 AM,49.950047,5,61,8,71,5,76,8,66.06765,5,84.69792,3,33.259422,2,74.53775,6,75.87521,5,-1,-1,-1,-1,-1,-1,-1,-1,-1,0,72.72727,8,52.964916,9,140.58107,5,-1,0,-1,0,-1,-1,-1,-1,90.09008,2,84.430756,6,44.20215,5,46.303444,5,64.07828,2,74.5496,6,70.65474,10,-1,-1,-1,-1,71,9,75,5,79,7,75,4,73,7,77,8,71,9,78,12,86,4,68,8,73,12,74,16,77.20979,11,78.91413,1,69.93007,8,77.31959,3,-1,0,67.94751,2,55.7041,3,54.545456,6,39.16449,3,60.72874,6,71.42857,5,-1,0,-1,0,-1,0,-1,0,-1,0,-1,0,-1,0,-1,0,60.97561,4,47.318615,3,32.327587,6,63.559326,6,57.471268,6,69.12441,3,42.918457,2,65.789474,6,66.28787,7,57.894737,11,47.748978,7,53.19149,1,54.884747,10,16.366611,2,69.44444,1,81.96721,2,29.94012,1,71.09004,6,81.96721,2,57.471268,3,93.16771,3,69,2,75,2,68,6,78,1,63,12,66,1,71,8,72,3,71,5,73,2,68,3,68,2,71,2,70,10,72,6,-1,-1,70,10,73,7,65,12,72,10,98.039215,1,65,4,71,4,69,8,72,2,73.52941,1,68,11,72,6,72,2,69,7,74,7,67,10,69,6,70,8,67,10,72,12,67,8,68,6,72,5,70,9,76,9,76,10,70,11,75,5,73,11,79,7,65,13,73,9,73,12,72,6,61.53846,4,68,13,72,16,63,13,73,8,61.27451,5,65,13,70,9,64,11,69,4,-1,-1,63,11,74,6,80,6,76,4,71,3,70,8,75,10,75,5,74,9,74,11,80,10
9:43 AM,59.4177,5,63,11,64,-1,73,6,40.225258,3,90.90909,1,37.10575,2,63.966938,6,83.527596,2,-1,-1,-1,-1,-1,-1,-1,-1,49.140045,1,61.287033,2,74.76858,6,143.00307,7,-1,0,-1,0,-1,-1,-1,-1,-1,0,77.214455,1,54.545456,3,-1,0,57.312252,4,55.401665,11,50.173214,7,-1,-1,-1,-1,70,5,68,13,70,11,71,7,76,9,80,12,78,7,76,8,81,6,67,8,68,9,73,6,82.5153,8,73.949905,6,66.137566,10,69.12441,3,42.134834,3,84.67977,6,73.07805,4,64.308685,4,113.63637,1,43.859653,4,28.57143,2,-1,0,-1,0,-1,0,-1,0,-1,0,-1,0,-1,0,-1,0,52.447556,6,69.12441,3,75,6,46.082943,2,29.585798,7,54.824566,5,65.27415,5,71.09004,3,69.44444,1,64.82983,8,75.07507,5,54.644806,2,45.95588,5,32.154343,2,62.7615,3,51.020405,3,-1,0,69.44444,2,74.62686,1,68.119896,5,37.5,3,75,2,74,2,70,4,73,2,66,6,71,1,65,6,71,5,71,9,78,4,67,6,69,5,-1,0,73,2,66,12,-1,-1,69,11,75,5,60,9,66,12,59.808617,5,66,9,66,7,69,11,74,5,51.02041,1,70,7,73,3,72,5,71,15,72,11,68,1,71,10,74,9,68,8,72,4,-1,0,-1,0,70,6,73,4,66,14,73,7,72,7,82,4,74,8,82,5,68,8,74,10,69,12,77,12,54.945053,1,70,10,77,9,67,14,73,16,66.00661,4,67,8,70,10,60,18,69,10,-1,-1,66,7,75,4,79,5,74,7,70,10,73,9,79,7,80,3,69,7,74,9,76,5
9:43:30 AM,55.03465,9,66,9,76,5,75,6,83.55615,5,81.900085,6,28.458498,6,44.004772,4,80.104324,1,-1,-1,-1,-1,-1,-1,-1,-1,60.160427,3,43.98827,3,64.93507,4,140.15962,12,-1,0,-1,0,-1,-1,-1,-1,94.33962,2,64.07156,1,29.80626,1,42.613636,1,-1,0,72.72727,4,74.2115,4,-1,-1,-1,-1,64,8,69,9,72,10,69,5,73,7,78,4,79,4,79,10,86,6,71,6,72,9,79,6,69.28683,8,78.91413,1,80.97166,8,58.997047,4,69.44444,1,65.90909,9,78.91413,1,61.53846,8,71.09004,3,61.57636,5,70.67139,4,-1,0,-1,0,-1,0,-1,0,-1,0,-1,0,-1,0,-1,0,64.82983,8,64.10256,1,60.827248,5,69.20415,4,64.377686,3,-1,0,99.99999,1,26.338894,6,70.67139,4,53.00354,3,71.94245,2,-1,0,50.66251,13,35.335693,2,71.09004,3,69.44444,1,37.5,3,69.44444,1,74.62686,1,85.47009,2,69.44444,2,67,2,74,5,71,3,74,1,64,7,71,4,71,6,74,1,71,5,76,4,69,6,71,5,71,3,68,4,66,2,-1,-1,72,8,71,3,67,10,75,7,52.631584,3,63,13,67,7,70,9,71,9,52.63158,2,72,11,75,3,65,6,67,7,76,4,69,8,73,11,73,10,67,9,75,15,62,1,72,3,-1,0,-1,0,71,6,77,4,71,7,75,8,75,8,81,5,69,8,77,4,73,9,77,10,58.139526,5,54,12,73,14,66,12,74,11,67.04981,7,65,8,71,11,60,16,64,9,-1,-1,70,12,74,8,81,4,76,4,73,6,72,9,80,10,69,7,68,5,73,10,77,11
9:44 AM,46.62005,2,60,9,65,8,72,4,55.870377,14,66.06765,5,54.545456,3,75.49747,3,77.03726,7,-1,-1,-1,-1,-1,-1,-1,-1,-1,0,67.75833,2,64.14956,5,139.86014,4,-1,0,-1,0,-1,-1,-1,-1,79.365074,3,77.214455,2,33.879166,2,45.328636,3,59.14918,1,47.32794,4,74.2115,4,-1,-1,-1,-1,72,7,68,7,70,5,68,-1,74,12,77,12,77,10,81,9,86,9,70,6,70,9,77,14,60.625973,7,72.2265,6,67.698265,7,71.94245,4,59.88024,2,71.40151,13,69.19671,9,58.823532,10,70.224724,5,43.75,7,66.66667,2,-1,0,-1,0,-1,0,-1,0,-1,0,-1,0,-1,0,-1,0,45.04504,4,54.824566,5,73.22175,7,81.96721,3,55.732483,7,65.35948,4,-1,0,55.555553,5,-1,0,26.560425,8,71.09004,3,-1,0,78.12501,2,19.15709,1,70.67139,4,-1,0,32.154343,2,64.308685,4,-1,0,28.57143,2,99.99999,1,65,3,82,1,71,4,75,4,69,4,69,1,68,6,76,4,69,3,75,1,68,10,73,5,72,3,71,7,68,3,-1,-1,72,8,76,3,65,9,70,5,54.347828,1,69,9,76,5,68,13,75,10,-1,0,68,9,74,9,74,6,71,9,79,9,70,8,71,8,72,2,70,9,75,7,74,5,74,5,68,5,73,7,71,10,75,11,67,14,73,13,71,10,76,13,74,9,80,4,71,10,83,4,58.13953,2,71,11,75,7,64,13,71,11,65.35948,4,68,4,72,10,64,12,70,8,-1,-1,68,15,73,9,81,4,72,10,74,4,75,8,80,5,70,6,73,4,71,10,74,9
9:44:30 AM,58.651028,2,69,3,64,6,72,7,32.70111,2,77.70009,2,35.650623,2,51.255566,10,62.824673,9,-1,-1,-1,-1,-1,-1,-1,-1,54.545452,1,57.72006,4,78.241425,3,142.6025,8,-1,0,-1,0,-1,-1,-1,-1,69.12441,3,81.38821,3,46.73417,7,-1,0,57.312252,2,75.49544,4,65.454544,3,-1,-1,-1,-1,70,10,72,10,75,6,74,6,69,8,74,6,78,13,78,6,82,8,68,2,74,8,79,5,53.045547,8,70.5816,2,50.79826,7,83.682,4,53.19149,1,83.782745,6,60.44487,1,61.813187,9,65.27415,5,56.947613,10,65.66604,7,-1,0,-1,0,-1,0,-1,0,-1,0,-1,0,-1,0,-1,0,32.53796,3,58.708416,6,54.127197,8,75.07507,5,62.111805,8,71.94245,4,56.17978,4,62.7615,3,85.836914,4,72.674416,5,-1,0,45.04504,2,79.365074,3,35.971226,1,74.906364,4,-1,0,35.971226,1,-1,0,-1,0,-1,0,85.47009,2,68,1,77,3,78,3,-1,0,65,7,71,3,70,4,76,2,69,2,74,2,68,2,73,1,75,2,76,6,67,7,-1,-1,73,5,73,4,68,9,75,4,50.505047,1,69,9,70,3,63,13,73,6,59.642143,6,67,10,74,6,73,2,69,6,75,5,67,5,71,10,76,9,65,9,77,4,61,1,67,2,69,4,68,7,67,7,77,4,69,8,72,9,71,9,78,13,68,9,74,12,77,7,78,6,74.07407,2,72,9,78,5,64,13,73,8,66.48936,5,65,8,70,14,66,7,70,10,-1,-1,66,10,75,6,77,7,72,3,70,9,76,10,81,11,78,2,73,6,74,11,79,8
9:45 AM,52.19661,10,69,10,64,3,73,7,72.478775,7,78.64108,5,29.325514,2,20.289396,1,80.104324,1,-1,-1,-1,-1,-1,-1,-1,-1,61.287033,2,61.35596,10,78.14289,13,140.37433,7,-1,0,-1,0,-1,-1,-1,-1,74.62686,1,77.214455,1,40.5375,9,50.59876,5,-1,0,63.302265,6,65.3239,2,-1,-1,-1,-1,72,5,68,9,74,3,73,7,73,10,80,8,80,7,81,7,84,1,71,12,75,5,78,13,79.12257,10,71.31989,3,44.987144,7,69.12441,3,74.62686,1,69.818954,10,47.94783,6,59.523815,8,66.66667,4,55.487057,9,50.76142,4,-1,0,-1,0,-1,0,-1,0,-1,0,-1,0,-1,0,-1,0,43.56244,9,47.318615,3,50.274227,11,47.892723,5,43.227665,6,67.56756,6,99.99999,1,58.411213,5,74.906364,4,62.7615,3,69.12441,3,56.17978,1,31.645569,7,13.227512,1,49.999996,1,-1,0,-1,0,79.365074,3,62.7615,3,85.71429,6,53.475933,6,73,1,82,1,69,6,77,2,67,4,75,1,70,4,76,2,69,6,73,2,65,2,71,3,-1,0,75,3,70,11,-1,-1,69,11,74,8,64,8,74,4,69.20415,4,69,5,74,4,70,8,73,4,60.60606,2,64,9,70,8,67,5,66,11,74,8,74,3,70,6,74,4,71,10,80,6,68,3,-1,0,64,1,68,3,67,8,80,4,68,14,74,5,70,13,75,5,66,12,76,12,71,11,73,13,88.495575,2,74,6,78,7,68,14,77,5,54.545456,6,66,7,74,9,59,15,69,12,-1,-1,67,12,79,7,79,4,78,6,69,7,73,7,80,6,74,6,74,5,68,6,77,10
9:45:30 AM,56.818184,1,64,7,62,2,68,6,71.20816,6,80.84801,9,34.965034,1,66.632225,6,66.78401,6,-1,-1,-1,-1,-1,-1,-1,-1,-1,0,46.355907,6,74.57387,4,144.30014,5,-1,0,-1,0,-1,-1,-1,-1,69.12441,3,74.81649,2,38.77639,6,97.402596,1,48.821545,4,60.438183,12,70.13758,13,-1,-1,-1,-1,72,7,68,6,71,2,74,6,70,6,74,9,76,8,79,8,80,7,71,3,72,6,77,3,88.38384,7,77.408966,5,69.93007,8,85.47009,2,69.44444,1,58.172195,10,51.18755,3,65.31205,9,42.372883,4,58.708416,6,37.52345,4,-1,0,-1,0,-1,0,-1,0,-1,0,-1,0,-1,0,-1,0,33.333336,4,55.658627,6,49.226437,7,84.26967,3,36.813923,11,65.35948,4,30.03003,2,47.393368,6,70,7,47.361298,7,70.09345,6,41.841,2,58.949623,11,42.918457,2,69.44444,1,66.66667,2,23.696682,1,71.94245,4,99.99999,1,50,5,66.137566,5,67,7,75,8,74,2,79,2,66,7,72,2,74,3,75,1,70,3,80,2,59,5,68,3,68,1,72,3,71,2,-1,-1,68,9,70,9,66,14,73,8,-1,0,66,8,73,5,71,6,76,6,-1,0,69,9,73,4,68,1,68,11,71,8,68,4,69,10,72,10,71,7,74,6,64,4,62,3,67,5,71,5,73,7,83,5,70,8,76,2,70,9,75,6,65,12,72,5,70,10,77,9,49.019608,1,70,13,74,9,69,13,76,7,80.64516,2,68,10,76,6,66,10,70,11,-1,-1,69,11,77,11,78,7,74,4,76,5,77,7,81,3,72,5,73,9,70,9,72,12
9:46 AM,64.36041,4,62,7,67,9,73,5,83.787186,4,74.51565,4,34.965034,1,89.29395,6,65.15151,8,-1,-1,-1,-1,-1,-1,-1,-1,34.965034,1,47.679592,5,70.53292,6,139.86014,2,-1,0,-1,0,-1,-1,-1,-1,85.836914,4,93.13496,3,36.363636,1,41.322315,4,64.07828,1,69.421486,7,68.82708,4,-1,-1,-1,-1,69,5,71,10,71,7,74,6,73,10,78,9,81,5,78,7,83,6,74,7,79,6,78,2,37.533653,5,-1,0,79.36509,9,70.67139,4,-1,0,74.642235,10,80.78415,3,59.13272,9,40.927696,6,54.021614,9,40.871937,3,-1,0,-1,0,-1,0,-1,0,-1,0,-1,0,-1,0,-1,0,49.099834,6,75,6,41.469193,7,78.32898,6,51.41388,8,69.12441,3,35.650623,4,49.321827,8,69.12441,3,46.583855,6,66.666664,6,-1,0,75.187965,2,34.72222,1,35.335693,2,16.666668,1,35.971226,2,58.13953,4,64.10256,1,106.38298,2,106.38298,2,68,4,76,2,70,7,79,5,65,8,75,2,70,6,76,1,68,5,71,4,64,4,76,2,70,3,66,5,70,3,-1,-1,69,11,72,4,67,13,71,8,72.46377,3,66,10,72,9,66,14,72,10,53.763443,1,71,5,78,6,67,6,73,7,76,8,64,3,63,9,68,9,67,10,73,8,71,3,73,2,70,1,64,5,69,7,76,6,73,11,75,6,72,8,83,4,65,12,74,5,69,12,73,7,54.347828,3,70,10,72,13,69,13,74,10,56.02241,4,68,9,73,5,66,18,72,5,-1,-1,68,12,75,9,79,4,75,9,70,10,70,6,74,7,77,2,71,5,73,8,73,4
9:46:30 AM,44.059334,5,65,7,68,3,71,2,28.951939,4,74.51565,3,-1,0,55.57949,4,66.48113,4,-1,-1,-1,-1,-1,-1,-1,-1,102.915955,2,-1,0,74.57387,2,142.6025,8,-1,0,-1,0,-1,-1,-1,-1,90.09008,2,77.214455,2,42.0659,3,46.820133,2,68.860245,1,47.021942,9,68.4671,6,-1,-1,-1,-1,69,10,67,12,69,12,70,7,74,7,72,2,75,15,79,13,84,4,73,8,74,11,77,8,86.15567,4,81.752785,2,29.761908,4,-1,0,-1,0,79.051384,8,87.6373,6,60.483875,9,79.365074,3,59.241703,10,48.476456,7,-1,0,-1,0,-1,0,-1,0,-1,0,-1,0,-1,0,-1,0,74.25743,9,62.949646,7,75.07507,5,74.15255,7,35.810204,8,65.27415,5,41.841,2,40,4,62.7615,3,49.57507,7,69.12441,3,45.04504,1,52.30125,5,-1,0,62.7615,3,-1,0,47.393364,2,49.019608,3,71.94245,2,76.62836,4,104.166664,3,73,1,65,1,66,4,76,4,65,9,74,7,70,4,77,3,67,4,76,5,67,6,71,4,-1,0,72,3,60,1,-1,-1,68,8,74,5,65,14,68,4,63.829796,3,67,9,69,8,68,13,76,7,-1,0,67,9,74,10,67,5,69,7,75,5,64,6,64,6,77,7,66,10,70,9,73,1,73,2,74,3,74,3,66,7,70,5,71,8,73,9,74,11,78,5,68,7,74,4,67,8,77,2,62.111805,4,66,12,70,5,66,16,72,11,62.7615,3,67,9,69,15,65,12,71,7,-1,-1,71,12,75,4,75,4,79,3,76,6,77,10,82,7,78,4,68,2,75,10,79,5
9:47 AM,62.695923,4,67,9,65,9,69,5,79.12784,9,83.14855,6,29.80626,1,39.40616,5,61.65759,4,-1,-1,-1,-1,-1,-1,-1,-1,-1,0,32.938076,5,75.2457,7,140.37433,7,-1,0,-1,0,-1,-1,-1,-1,-1,0,-1,0,49.14005,3,-1,0,-1,0,69.93007,1,71.77034,3,-1,-1,-1,-1,75,3,73,8,73,6,75,5,75,9,81,4,81,7,79,11,84,8,68,6,73,13,78,7,50.699303,10,78.91413,2,57.283142,7,69.44444,2,-1,0,48.2497,5,30.547411,2,71.09004,6,73.74631,5,64.338234,7,64.308685,4,-1,0,-1,0,-1,0,-1,0,-1,0,-1,0,-1,0,-1,0,43.38395,4,60,3,61.521255,11,85.76329,10,67.46626,9,65.789474,6,62.111805,2,38.419323,7,60.97561,4,52.26481,9,69.20415,4,54.644806,2,60.240963,1,38.31418,2,52.91005,2,74.62686,1,39.16449,3,69.44444,2,45.04504,4,106.38298,2,-1,0,71,3,70,3,73,5,75,1,66,8,71,3,70,7,77,7,67,5,71,4,67,7,74,3,65,2,69,5,61,7,-1,-1,68,14,72,10,64,9,67,4,67.567566,5,65,10,69,4,69,11,71,8,66.66667,2,68,12,74,8,69,5,72,9,75,13,69,3,72,7,76,8,70,5,76,8,67,11,67,6,71,6,71,6,70,11,75,7,68,9,69,9,72,7,76,9,68,10,73,6,69,11,76,9,-1,0,69,10,75,2,67,13,69,4,33.18584,6,64,9,73,6,65,13,68,11,-1,-1,74,13,79,6,84,5,76,2,66,9,71,15,78,7,73,3,69,7,72,9,75,2
9:47:30 AM,68.4671,3,71,5,66,6,74,5,77.70009,2,81.65488,3,31.347961,3,72.39057,7,77.91468,7,-1,-1,-1,-1,-1,-1,-1,-1,46.62005,1,51.168346,5,71.590904,6,140.15962,12,-1,0,-1,0,-1,-1,-1,-1,78.32898,6,98.73323,1,39.241337,2,41.259796,10,70.70707,4,39.28844,6,72.72727,6,-1,-1,-1,-1,72,7,68,11,73,8,71,11,72,9,75,6,77,9,81,10,86,9,69,7,73,11,78,9,48.605522,10,71.13387,8,47.368423,9,69.28406,6,17.667847,1,95.798096,5,78.91413,2,31.92848,5,41.55125,3,37.10575,4,71.94245,2,-1,0,-1,0,-1,0,-1,0,-1,0,-1,0,-1,0,-1,0,66.66667,2,66.28787,7,66.666664,6,71.94245,2,51.903114,9,67.04981,7,75.07507,5,61.57636,5,71.94245,4,38.88889,7,73.89163,6,20.491802,1,34.414944,7,-1,0,67.20431,5,72.81554,3,34.72222,1,70.09345,6,61.475407,3,71.94245,4,74.62686,1,70,3,74,1,73,5,72,3,67,7,80,3,70,6,75,3,69,6,79,1,69,6,72,3,75,1,73,3,57,2,-1,-1,74,8,73,7,64,19,69,8,66.66667,1,62,6,67,7,69,15,74,5,67.26457,3,69,10,71,8,69,3,68,12,73,6,72,8,72,9,73,11,70,8,76,7,70,3,74,4,68,2,68,9,70,8,76,8,70,10,71,12,71,14,73,14,69,6,73,10,75,12,77,5,60.60606,2,68,10,75,8,65,16,79,2,58.651028,4,65,11,69,3,62,13,72,5,-1,-1,71,11,81,7,75,3,78,3,73,6,74,10,80,9,69,7,71,7,75,11,75,6
9:48 AM,60.876625,5,61,10,61,11,72,5,44.238,4,49.29994,5,33.879166,1,84.368866,4,83.88607,4,-1,-1,-1,-1,-1,-1,-1,-1,58.862003,3,70.15493,8,78.02824,6,144.30014,5,-1,0,-1,0,-1,-1,-1,-1,89.285706,1,83.648994,1,46.62005,1,-1,0,59.33938,4,53.0856,8,71.63568,7,-1,-1,-1,-1,75,6,71,7,71,5,73,8,75,11,81,5,73,11,79,16,84,8,70,4,75,12,78,8,70.70105,9,63.984436,5,62.111805,8,81.69935,5,20.9205,1,63.680283,8,74.27213,4,52.56242,8,81.96721,2,32.154343,4,74.62686,1,-1,0,-1,0,-1,0,-1,0,-1,0,-1,0,-1,0,-1,0,71.94245,6,72.81554,3,75.07507,5,74.15255,7,64.8415,9,76.62836,4,41.841,2,55.487057,9,65.35948,4,58.411213,5,75.07507,5,45.04504,2,29.498524,2,-1,0,56.17978,4,-1,0,-1,0,53.19149,1,75.187965,2,77.31959,3,99.99999,1,71,4,74,2,71,3,74,1,70,5,70,4,73,4,79,4,71,6,74,4,65,8,73,2,67,1,71,6,63,7,-1,-1,72,7,76,3,65,12,70,11,71.68458,4,63,16,68,13,64,9,71,9,69.44444,2,70,12,71,6,71,8,70,10,71,10,68,5,70,11,71,8,69,8,74,11,65,1,73,1,69,4,75,5,74,7,75,6,74,6,76,8,77,6,81,9,64,12,73,16,71,11,75,7,58.47953,4,74,13,74,4,68,14,74,7,68.259384,4,66,8,73,8,61,16,69,6,-1,-1,69,12,79,6,73,4,71,5,70,6,75,11,80,9,73,4,76,8,73,6,80,7
9:48:30 AM,66.1157,2,65,9,67,10,79,4,71.20816,6,43.08488,4,35.650623,2,50.694263,6,34.737183,3,-1,-1,-1,-1,-1,-1,-1,-1,-1,0,45.644733,2,80.43923,3,143.54068,6,-1,0,-1,0,-1,-1,-1,-1,80.645164,6,73.44789,4,13.636364,3,39.241337,4,59.14918,1,72.72727,8,74.312614,5,-1,-1,-1,-1,67,9,68,10,71,11,77,8,74,7,77,4,69,8,78,7,83,8,69,10,74,13,78,11,62.430805,7,75.15633,5,69.23077,9,58.027084,6,53.19149,1,61.544987,11,57.199516,9,60.0343,7,50.432278,7,44.987144,7,66.66667,2,-1,0,-1,0,-1,0,-1,0,-1,0,-1,0,-1,0,-1,0,46.38219,5,62.499996,5,82.938385,7,79.365074,3,62.7615,6,62.111805,2,79.365074,3,55.732483,7,70.67139,4,55.831264,9,70.67139,4,45.04504,2,48.076923,7,11.111111,1,56.818176,6,-1,0,31.779663,3,38.88889,7,90.09008,2,29.94012,1,69.44444,1,72,1,-1,0,73,5,74,1,63,7,79,1,70,7,70,1,74,4,77,5,69,8,73,2,-1,0,71,2,69,5,-1,-1,71,6,79,2,70,8,75,3,72.463776,1,66,7,71,8,64,17,72,12,49.019608,4,67,5,72,9,70,4,69,13,73,7,76,5,72,9,72,10,66,12,74,11,74,3,74,1,60,3,78,1,69,4,74,8,67,12,76,8,73,8,79,8,72,7,77,6,71,13,75,12,42.979946,3,71,11,74,6,66,14,75,9,66.84492,5,67,11,72,5,63,10,68,7,-1,-1,68,12,75,6,78,5,77,1,69,8,71,13,79,12,69,5,72,10,71,12,74,9
9:49 AM,50.27231,4,71,5,70,3,71,5,71.16171,8,81.90008,4,37.74772,2,47.997025,6,28.409088,2,-1,-1,-1,-1,-1,-1,-1,-1,-1,0,89.41878,1,74.57387,2,140.4604,6,-1,0,-1,0,-1,-1,-1,-1,69.44444,1,60.227272,1,34.23355,3,-1,0,59.14918,1,49.69973,4,72.72727,4,-1,-1,-1,-1,70,5,69,11,72,8,72,10,69,9,76,10,73,10,75,16,85,14,64,5,74,10,77,6,77.94768,9,74.27213,4,60.97561,8,78.12501,4,69.44444,1,74.15932,8,55.25269,6,52.57009,9,76.21951,5,41.415665,11,57.670124,10,-1,0,-1,0,-1,0,-1,0,-1,0,-1,0,-1,0,-1,0,60.827248,5,61.475407,3,66.666664,6,64.377686,3,58.411213,5,61.57636,5,69.12441,3,65.27415,5,59.88024,2,60,12,69.12441,3,-1,0,41.20879,6,39.494473,5,39.863327,7,-1,0,34.72222,1,81.96721,2,89.285706,1,45.04504,4,227.27274,1,75,3,77,4,70,2,74,1,66,6,72,3,73,4,82,2,68,5,71,3,68,5,73,2,82,2,75,2,67,4,-1,-1,66,9,73,5,67,4,78,3,73.52941,2,73,7,76,3,69,11,73,7,54.6875,7,69,8,74,12,63,3,69,9,70,8,66,6,70,7,74,10,69,12,73,7,72,5,70,2,75,3,71,6,70,14,73,11,69,10,73,5,70,11,78,5,68,10,79,5,74,7,79,4,49.85755,7,71,12,75,13,68,14,73,8,55.24862,6,70,6,73,7,60,14,70,7,-1,-1,65,11,77,5,74,5,73,3,69,8,71,11,77,8,76,3,75,3,75,13,77,7
9:49:30 AM,40.329357,8,74,2,66,7,69,4,88.139015,7,81.90008,2,33.12477,3,71.99554,9,69.065216,4,-1,-1,-1,-1,-1,-1,-1,-1,82.02324,2,78.48267,2,71.501526,4,131.43484,2,-1,0,-1,0,-1,-1,-1,-1,-1,0,70.03171,2,41.479435,6,38.010777,6,-1,0,69.93007,1,65.3239,2,-1,-1,-1,-1,71,10,69,7,69,5,75,5,74,9,75,9,75,15,77,10,85,7,72,9,70,13,74,15,97.4026,6,129.13223,1,82.72058,9,69.20415,4,-1,0,74.14773,9,80.78415,3,62.597813,8,65.31205,9,51.085567,8,64.308685,4,-1,0,-1,0,-1,0,-1,0,-1,0,-1,0,-1,0,-1,0,59.422752,7,69.44444,2,72.93355,9,94.78673,4,57.636887,8,64.377686,3,45.731705,3,66.137566,5,57.736713,5,71.09004,3,69.44444,2,52.91005,2,68.02721,4,-1,0,71.94245,2,-1,0,-1,0,62.7615,3,71.94245,2,76.21951,5,-1,0,64,3,-1,0,75,5,76,1,68,9,77,1,70,7,76,2,66,10,71,1,69,5,69,5,66,2,75,5,77,3,-1,-1,70,11,75,4,63,10,73,8,106.38298,1,67,3,76,1,70,11,78,3,65.21739,3,69,10,73,7,63,11,68,9,74,13,66,2,70,12,70,10,70,8,75,8,69,6,73,6,75,4,73,8,71,12,73,7,65,11,71,12,71,14,75,8,64,9,70,7,68,7,78,8,58.13953,1,73,7,77,5,69,17,73,11,73.83967,7,67,8,72,9,66,11,72,9,-1,-1,69,11,75,9,72,5,79,4,69,7,71,12,80,15,73,4,74,11,77,7,79,7
9:50 AM,56.621582,6,63,9,68,11,71,8,62.95644,5,87.41258,3,29.80626,1,83.08796,7,65.15151,2,-1,-1,-1,-1,-1,-1,-1,-1,36.363636,1,61.98347,6,74.57387,4,140.58107,5,-1,0,-1,0,-1,-1,-1,-1,81.69935,5,94.10511,2,40.446842,7,61.287033,1,63.856556,4,73.14524,7,75.75757,1,-1,-1,-1,-1,71,5,69,7,72,5,74,10,78,7,78,5,80,9,80,7,86,9,65,9,71,11,75,10,62.048306,9,82.74493,3,93.63295,5,69.44444,2,-1,0,55.502396,8,76.522804,8,54.127197,8,69.20415,4,49.728752,11,64.308685,4,-1,0,-1,0,-1,0,-1,0,-1,0,-1,0,-1,0,-1,0,56.818176,6,66.666664,6,81.69935,5,77.31959,3,63.191154,8,69.44444,2,74.62686,1,70.67139,4,69.44444,2,60,6,65.35948,4,56.17978,1,54.545456,6,-1,0,40.322582,3,60.240963,1,-1,0,75,6,-1,0,20,3,-1,0,71,7,77,4,66,5,77,2,67,6,78,4,71,5,76,4,70,3,72,2,63,8,70,2,69,1,69,3,74,4,-1,-1,67,14,69,9,66,12,72,6,54.347828,1,63,12,70,8,71,3,76,2,51.54639,1,73,10,75,3,76,6,72,8,74,7,67,12,69,11,73,9,67,11,74,11,63,1,63,1,70,4,72,6,71,8,78,4,67,7,72,7,70,9,78,13,67,13,74,8,70,11,74,6,63.291138,4,72,9,78,5,76,7,77,6,62.65664,5,68,11,71,12,67,13,72,5,-1,-1,73,11,77,6,81,5,79,5,64,12,72,9,80,8,72,3,71,4,74,8,76,8
9:50:30 AM,55.319935,5,67,8,62,5,70,8,70.33585,8,71.20816,6,41.01162,1,60.70017,5,71.16064,3,-1,-1,-1,-1,-1,-1,-1,-1,75.75757,1,45.0045,5,79.87828,4,143.54068,6,-1,0,-1,0,-1,-1,-1,-1,93.16771,3,65.464424,7,40.304527,3,54.545452,1,57.312252,2,73.31378,5,71.30125,4,-1,-1,-1,-1,72,9,72,4,74,2,76,6,74,10,79,8,73,16,72,12,81,14,71,9,74,6,78,10,83.42923,9,68.04573,2,54.773087,7,84.26967,3,-1,0,88.38384,7,87.077675,4,54.080627,11,70.67139,4,53.533195,5,68.119896,5,-1,0,-1,0,-1,0,-1,0,-1,0,-1,0,-1,0,-1,0,57.14286,4,32.154343,2,67.91171,8,56.3063,5,69.20415,4,63.451775,5,62.499996,5,71.09004,3,69.44444,2,62.7615,6,71.09004,3,56.17978,1,72.46376,7,35.161743,5,44.987144,7,89.285706,1,29.94012,1,89.82036,3,89.285706,1,78.12501,4,-1,0,70,6,71,3,72,6,76,6,58,6,72,2,75,4,76,3,73,5,76,2,66,4,72,2,66,1,73,4,71,3,-1,-1,71,13,74,4,67,14,70,10,84.033615,2,68,11,69,7,67,13,72,10,-1,0,73,2,77,2,-1,0,69,7,79,3,72,5,74,8,75,6,69,13,75,10,64,3,63,10,66,6,66,7,70,9,74,12,73,7,73,7,72,9,77,5,66,12,76,11,69,11,75,10,59.288544,3,70,8,74,8,67,12,81,7,87.71931,4,68,4,73,6,67,13,69,12,-1,-1,70,13,79,4,77,3,78,8,76,8,73,7,80,12,74,4,74,9,74,7,80,7
9:51 AM,63.870556,5,63,7,71,5,71,2,88.476,8,86.16976,4,30.643517,1,70.40386,7,57.583405,7,-1,-1,-1,-1,-1,-1,-1,-1,54.545452,1,60.606064,5,77.98574,5,147.42014,3,-1,0,-1,0,-1,-1,-1,-1,81.96721,1,-1,0,41.322315,4,-1,0,50.284863,4,53.475933,3,70.10983,5,-1,-1,-1,-1,69,5,69,7,72,2,77,6,78,9,83,5,74,14,79,9,85,6,73,7,69,8,76,12,72.42757,8,60.231293,3,81.79959,8,69.25208,5,-1,0,53.913372,8,80.78415,3,69.93007,8,99.99999,1,44.390636,11,64.377686,3,-1,0,-1,0,-1,0,-1,0,-1,0,-1,0,-1,0,-1,0,53.353657,7,69.44444,2,78.32898,6,74.62686,1,54.545456,6,44.091713,5,52.91005,2,64.308685,4,69.12441,3,59.88024,2,69.44444,1,53.19149,1,81.96721,2,-1,0,57.14286,4,74.62686,1,42.735046,1,65.27415,5,-1,0,35.046726,3,-1,0,73,2,76,3,68,7,72,1,65,10,72,9,69,6,71,1,73,2,75,1,68,7,75,3,74,1,70,2,66,3,-1,-1,70,6,77,4,68,14,74,5,84.38819,4,62,10,70,9,67,19,74,8,46.2963,3,66,11,73,8,68,3,68,7,75,6,-1,0,71,7,75,2,69,10,77,4,60,2,69,2,68,4,67,9,69,9,79,6,65,10,71,4,72,10,78,9,64,8,73,5,66,6,77,9,45.87156,6,71,12,74,9,66,11,73,7,71.42857,1,66,6,77,8,66,8,71,6,-1,-1,71,12,76,12,75,3,76,1,65,13,69,15,77,12,80,1,75,6,73,7,78,4
9:51:30 AM,54.666935,9,62,10,68,8,68,11,76.75251,9,75.39854,7,33.259422,2,83.36924,6,76.01009,7,-1,-1,-1,-1,-1,-1,-1,-1,-1,0,44.70939,2,67.85868,3,139.86014,1,-1,0,-1,0,-1,-1,-1,-1,51.020405,3,83.648994,1,44.70939,2,-1,0,19.801014,1,66.518845,8,70.2302,3,-1,-1,-1,-1,71,9,73,8,73,5,75,4,71,6,76,5,73,9,79,16,83,10,65,12,70,16,72,12,55.619484,6,64.93507,4,78.82882,7,41.841,2,-1,0,80.37694,8,70.5816,8,62.761505,9,37.5,3,66.66667,4,-1,0,-1,0,-1,0,-1,0,-1,0,-1,0,-1,0,-1,0,-1,0,66.137566,5,62.7615,6,55.788006,8,73.74631,5,62.388588,7,-1,0,-1,0,62.111805,8,45.385777,6,64.338234,7,71.09004,3,-1,0,80,4,42.735046,1,49.999996,4,-1,0,35.046726,3,53.19149,1,77.639755,5,37.5,3,-1,0,69,1,-1,0,72,3,73,2,64,8,-1,0,71,10,79,4,66,4,72,1,67,2,70,1,69,1,78,2,69,2,-1,-1,70,12,74,6,67,10,74,6,57.471264,4,67,8,74,5,65,11,75,8,46.948357,4,68,13,74,8,67,3,67,13,70,9,67,3,70,8,75,5,68,5,73,2,64,4,73,4,67,3,68,2,71,8,83,2,71,7,79,3,71,7,80,3,72,8,76,8,70,10,77,6,64.72492,4,71,6,76,8,70,12,72,11,69.44444,4,67,7,72,9,65,9,74,8,-1,-1,73,8,81,3,73,7,83,1,70,9,72,13,80,7,77,4,73,5,75,8,81,6
9:52 AM,60.45679,9,64,4,68,6,72,3,49.54174,4,28.527956,3,33.879166,1,65.42411,8,74.41163,6,-1,-1,-1,-1,-1,-1,-1,-1,24.242426,2,45.965275,3,74.57387,2,139.86014,4,-1,0,-1,0,-1,-1,-1,-1,52.91005,2,80.30303,4,41.958042,5,38.606487,7,-1,0,45.644733,2,61.287033,1,-1,-1,-1,-1,70,5,69,9,74,4,74,5,76,10,83,7,76,13,79,13,85,9,72,10,73,14,73,9,54.24616,8,74.17518,5,56.2701,7,92.165886,4,-1,0,86.608536,10,47.546597,4,68.23821,11,62.597813,8,47.92332,9,59.288544,6,-1,0,-1,0,-1,0,-1,0,-1,0,-1,0,-1,0,-1,0,58.997047,8,66.137566,5,78.277885,16,72.9927,6,49.75124,12,61.188812,7,53.19149,1,58.411213,5,74.62686,1,52.966106,5,37.52345,4,-1,0,78.12501,2,-1,0,57.471268,3,85.47009,2,-1,0,59.88024,2,56.17977,3,35.971226,1,-1,0,66,6,72,3,67,2,-1,0,60,6,70,2,68,6,77,1,68,5,77,3,65,5,74,1,-1,0,74,2,71,4,-1,-1,72,3,73,3,68,14,72,5,-1,0,67,10,72,3,68,8,74,7,55.555557,3,63,8,72,10,67,7,67,6,74,8,60,2,68,14,71,10,70,10,76,4,64,3,66,4,66,6,68,7,70,5,81,1,70,9,77,4,73,4,81,2,65,5,72,7,73,6,76,4,70.67139,4,68,10,73,7,66,12,72,8,78.12501,1,68,10,73,9,61,13,71,6,-1,-1,70,11,77,-1,77,4,72,3,71,14,74,13,77,14,69,3,69,6,76,7,80,13
9:52:30 AM,52.700924,2,65,5,70,6,80,1,55.772453,6,77.866455,8,35.495956,3,45.055386,7,27.922077,2,-1,-1,-1,-1,-1,-1,-1,-1,109.090904,1,34.66872,3,75.75757,3,139.86015,3,-1,0,-1,0,-1,-1,-1,-1,81.96721,1,-1,0,42.20151,4,-1,0,54.663937,5,52.246605,5,72.72727,2,-1,-1,-1,-1,77,3,70,4,76,3,70,6,79,8,79,11,78,13,78,14,86,7,66,9,75,13,77,13,72.747345,10,60.44487,1,69.87578,9,47.34848,5,-1,0,67.56058,9,78.91413,1,70.546745,8,45.731705,3,61.188812,7,43.60465,3,-1,0,-1,0,-1,0,-1,0,-1,0,-1,0,-1,0,-1,0,39.525696,4,59.88024,2,70.09345,6,71.09004,3,50.274227,11,60.97561,8,71.94245,4,51.25285,9,67.698265,7,63.559326,6,74.62686,1,-1,0,72.674416,5,40.983604,1,69.12441,3,69.44444,2,-1,0,113.63637,1,84.26967,3,31.779663,3,-1,0,67,2,77,2,69,7,72,3,65,2,68,1,68,4,74,1,69,1,74,5,69,9,72,2,66,2,-1,0,66,2,-1,-1,71,7,78,4,66,6,71,4,79.36508,1,68,12,71,8,69,13,76,8,51.54639,1,70,7,73,7,64,6,67,8,72,10,63,7,72,6,73,8,67,14,73,9,62,4,67,6,62,4,68,12,68,5,73,7,71,6,72,3,74,10,81,4,68,4,72,2,71,6,74,3,68.96552,6,71,9,73,2,65,14,72,7,48.076923,3,67,10,71,6,65,14,70,11,-1,-1,66,11,75,7,82,6,74,5,72,9,76,14,80,10,75,2,75,6,74,9,81,9
9:53 AM,49.52246,7,65,7,71,6,71,2,77.92208,6,81.16883,1,23.376623,3,74.41162,5,49.643757,7,-1,-1,-1,-1,-1,-1,-1,-1,-1,0,69.220116,5,49.458317,8,143.54068,6,-1,0,-1,0,-1,-1,-1,-1,-1,0,-1,0,51.457977,1,39.241337,3,-1,0,38.480038,4,75.75757,2,-1,-1,-1,-1,72,7,71,3,-1,0,78,7,75,7,81,7,76,16,80,11,87,9,67,9,73,11,78,9,64.807365,10,36.11325,3,67.698265,7,30.03003,2,52.91005,2,69.80663,12,58.05179,8,50.962627,9,69.44444,2,40.24145,8,68.02721,4,-1,0,-1,0,-1,0,-1,0,-1,0,-1,0,-1,0,-1,0,62.7615,3,72.81554,3,44.444443,4,71.09004,3,77.31959,3,69.20415,4,26.455029,3,62.642372,11,69.44444,2,51.85185,14,65.35948,4,-1,0,78.12501,2,-1,0,70,7,113.63637,1,-1,0,69.44444,1,74.62686,1,75.07507,5,-1,0,67,4,83,1,68,4,80,2,66,8,69,3,69,2,70,1,65,7,75,1,75,5,77,2,69,2,75,3,75,2,-1,-1,72,9,75,9,69,8,76,3,69.93007,2,67,3,75,4,71,13,73,7,59.523815,4,70,9,76,8,72,5,71,6,75,12,62,7,68,10,73,7,71,7,75,7,69,3,74,3,73,4,71,6,71,7,74,5,69,7,74,10,74,5,78,5,69,9,75,5,71,9,77,6,96.153854,2,68,7,76,2,71,7,71,2,59.523815,2,66,10,72,5,63,10,69,8,-1,-1,70,11,78,11,79,5,78,4,69,10,74,9,81,10,76,2,72,4,73,6,79,4
9:53:30 AM,44.020546,11,61,10,66,5,71,7,99.354195,4,67.842606,1,28.86003,2,81.213806,5,76.349434,2,-1,-1,-1,-1,-1,-1,-1,-1,-1,0,43.636364,4,69.37103,5,151.51514,2,-1,0,-1,0,-1,-1,-1,-1,81.96721,1,80.30303,2,35.255604,7,-1,0,56.263855,4,70.10983,5,54.545452,8,-1,-1,-1,-1,69,8,70,8,73,4,74,8,76,10,80,7,81,5,80,10,86,6,69,11,73,11,79,11,46.34957,5,-1,0,75.757576,9,35.046726,3,38.31418,2,71.933525,8,77.408966,5,46.689304,11,72.93355,9,39.14989,7,69.12441,3,-1,0,-1,0,-1,0,-1,0,-1,0,-1,0,-1,0,-1,0,44.73161,9,44.64286,6,53.317535,9,76.62836,4,64.308685,4,40.48583,4,69.44444,2,76.21951,5,79.365074,3,63.157898,12,74.906364,4,44.56328,5,93.16771,3,34.72222,1,78.12501,4,43.859653,2,53.19149,1,74.62686,1,79.365074,3,81.69935,5,-1,0,70,5,77,6,67,6,-1,0,65,5,72,4,70,3,73,3,68,9,77,2,57,8,67,3,78,1,68,1,66,2,-1,-1,76,9,80,7,68,11,74,8,62.5,1,69,9,73,3,70,3,74,5,-1,0,69,12,73,9,79,1,68,10,72,6,70,6,74,6,79,8,67,9,76,11,67,2,69,1,70,2,71,8,71,7,77,6,69,5,-1,0,75,8,78,5,68,5,75,5,70,6,76,4,62.5,2,69,8,72,7,65,10,75,2,74.62687,3,69,4,70,2,65,13,70,4,-1,-1,66,10,75,7,78,6,83,2,71,9,75,11,78,6,79,3,72,8,75,10,77,8
9:54 AM,52.44756,5,67,6,65,7,76,2,44.238,4,29.23122,2,-1,0,93.818184,4,62.645687,1,-1,-1,-1,-1,-1,-1,-1,-1,64.36041,4,49.084766,8,53.68098,11,140.1869,11,-1,0,-1,0,-1,-1,-1,-1,74.906364,4,72.27273,3,44.70939,1,37.878784,1,-1,0,53.371284,5,72.15007,5,-1,-1,-1,-1,67,3,73,8,72,5,72,7,75,6,81,3,77,4,80,8,85,4,70,7,76,11,80,7,78.09135,5,78.91413,2,43.923866,6,69.44444,1,53.19149,1,62.119785,10,41.778072,4,48.806942,9,69.44444,1,55.187634,10,73.74631,5,-1,0,-1,0,-1,0,-1,0,-1,0,-1,0,-1,0,-1,0,35.410763,5,69.20415,8,67.95017,12,55.487057,9,39.863327,7,69.20415,4,85.47009,2,36.945816,3,59.88024,2,62.7615,3,69.44444,1,52.91005,2,74.62686,1,37.5,3,44.97751,6,-1,0,35.046726,3,81.96721,2,58.13953,2,78.12501,4,-1,0,72,4,75,4,71,7,75,5,62,5,-1,0,68,3,72,4,66,8,81,2,66,7,73,2,-1,0,68,4,69,1,-1,-1,74,8,73,2,73,11,75,8,62.111805,2,64,7,73,9,67,12,77,5,72.463776,1,71,5,78,3,75,3,68,10,77,5,68,4,70,8,72,8,71,5,77,7,73,3,77,1,79,1,69,3,70,9,74,8,71,10,73,4,71,7,81,3,69,10,74,3,72,9,81,5,73.52941,1,70,6,74,3,69,12,74,10,54.644806,2,67,8,73,4,63,9,65,2,-1,-1,68,10,81,5,80,2,74,3,73,5,74,10,79,6,68,1,71,5,73,13,79,7
9:54:30 AM,58.968056,2,64,9,69,4,76,4,78.3699,9,77.30364,5,28.116213,1,51.435406,4,26.628687,2,-1,-1,-1,-1,-1,-1,-1,-1,49.140045,2,82.02324,2,44.27391,5,156.96535,4,-1,0,-1,0,-1,-1,-1,-1,89.285706,1,74.04992,3,41.797283,2,-1,0,51.83861,1,54.184223,9,61.98347,12,-1,-1,-1,-1,70,6,73,7,73,5,73,9,74,9,82,7,78,6,81,8,89,5,72,5,75,10,79,4,71.124916,3,41.98388,3,76.62836,4,85.47009,2,-1,0,47.82953,5,78.91413,1,61.391544,9,37.10575,4,43.310875,9,16.077171,1,-1,0,-1,0,-1,0,-1,0,-1,0,-1,0,-1,0,-1,0,55.147057,3,63.091484,4,31.38075,3,36.945816,3,58.26272,11,54.229935,10,71.09004,3,34.64203,3,65.27415,5,40.51864,5,59.88024,2,37.593983,1,69.12441,3,34.72222,1,48.231514,6,75.187965,2,-1,0,69.44444,1,18.726591,1,48.54369,2,-1,0,85,1,67,1,74,4,78,4,66,10,72,4,63,3,75,2,67,1,81,1,63,9,71,3,64,2,74,2,65,4,-1,-1,69,11,69,10,70,9,72,3,-1,0,73,11,77,7,64,11,73,12,56.17978,4,67,7,75,5,64,6,72,4,74,7,73,4,71,9,74,6,70,8,69,8,65,5,72,5,71,3,72,5,71,3,76,4,69,9,72,3,74,9,78,6,68,6,75,3,73,5,-1,0,72.46377,3,70,8,76,6,68,10,69,4,65.78947,4,67,9,73,8,66,11,72,4,-1,-1,72,7,72,3,77,2,75,2,72,3,78,8,82,5,73,3,73,11,74,4,78,7
9:55 AM,66.72227,4,61,4,69,7,74,8,76.60879,3,87.41258,3,32.740368,5,70.96685,8,68.50043,6,-1,-1,-1,-1,-1,-1,-1,-1,63.424946,2,-1,0,50.594284,3,145.45454,4,-1,0,-1,0,-1,-1,-1,-1,75.187965,2,87.709625,3,31.712473,2,-1,0,-1,0,40.479004,4,78.48267,2,-1,-1,-1,-1,70,10,69,11,69,11,77,9,78,5,80,9,76,10,81,11,85,8,71,4,78,5,83,7,63.577904,3,71.31989,3,61.57636,5,41.407864,4,-1,0,82.2395,7,78.91413,1,57.736713,5,30.03003,2,43.75,7,69.12441,3,-1,0,-1,0,-1,0,-1,0,-1,0,-1,0,-1,0,-1,0,56.17978,4,58.13953,2,70.224724,5,69.44444,1,38.819878,5,34.64203,3,69.44444,1,48.42615,12,64.82983,8,35.046726,3,64.377686,3,-1,0,39.808914,5,31.055902,1,52.91005,8,74.62686,1,36.945816,3,-1,0,77.12082,6,-1,0,-1,0,69,3,73,1,73,2,82,1,69,7,76,4,69,6,75,1,68,2,73,1,66,4,74,2,71,3,74,1,69,2,-1,-1,68,11,73,4,67,13,70,7,62.111805,2,68,6,76,4,72,8,83,8,58.997047,4,70,10,75,10,69,4,70,7,74,9,63,3,74,6,72,5,69,8,76,6,68,7,69,6,71,4,69,10,72,11,73,9,71,8,72,8,72,11,76,6,67,8,72,6,71,8,78,4,59.88024,2,70,8,-1,0,67,6,75,3,46.51162,2,67,9,73,6,68,11,72,5,-1,-1,69,8,78,5,79,4,74,3,71,10,74,11,81,11,73,3,73,8,73,5,77,5
9:55:30 AM,42.022694,5,68,4,70,5,76,4,79.54545,7,98.10333,3,22.354694,1,68.714485,3,87.77899,3,-1,-1,-1,-1,-1,-1,-1,-1,-1,0,38.77639,3,47.727272,3,144.30014,5,-1,0,-1,0,-1,-1,-1,-1,-1,0,80.30303,2,42.613636,1,56.621582,3,-1,0,-1,0,62.695923,3,-1,-1,-1,-1,73,3,71,7,73,7,72,3,74,6,77,3,75,10,78,15,83,11,72,8,73,11,78,13,87.181335,5,68.25006,4,113.63637,1,69.44444,2,-1,0,83.640976,5,40.392075,3,61.7284,7,69.44444,1,46.72897,4,64.10256,1,-1,0,-1,0,-1,0,-1,0,-1,0,-1,0,-1,0,-1,0,60.97561,4,62.111805,2,76.21951,5,69.44444,2,60.06006,4,53.19149,1,57.471268,3,26.075619,4,53.19149,1,44.085236,12,67.340065,8,30.03003,2,61.475407,3,42.735046,1,64.377686,3,-1,0,-1,0,79.365074,3,65.789474,3,90.09008,2,-1,0,69,2,71,1,69,3,75,1,66,1,-1,0,74,5,76,4,68,5,74,2,65,3,-1,0,-1,0,75,2,67,3,-1,-1,68,12,71,5,66,14,71,5,71.225075,5,69,8,71,7,69,12,78,6,-1,0,71,5,75,9,73,4,69,9,73,10,70,7,69,8,75,9,65,7,74,4,67,5,70,4,71,7,70,10,72,3,70,3,68,14,69,6,72,9,76,5,69,9,72,10,71,9,76,7,-1,0,70,7,74,5,69,12,77,3,64.93507,2,66,5,77,1,64,12,73,8,-1,-1,76,6,78,6,77,6,77,6,74,4,76,9,83,6,78,4,70,4,73,7,77,6
9:56 AM,35.495956,6,62,7,63,11,67,11,73.07805,5,88.77842,5,28.86003,1,75.3358,6,52.26057,6,-1,-1,-1,-1,-1,-1,-1,-1,-1,0,46.487602,9,71.53981,7,145.45454,8,-1,0,-1,0,-1,-1,-1,-1,99.99999,1,-1,0,23.369946,5,31.712473,1,59.14918,2,37.74772,4,73.71007,3,-1,-1,-1,-1,70,3,70,8,72,1,72,8,76,7,81,8,80,6,81,8,81,2,73,6,73,14,77,8,66.856224,12,73.07805,4,81.79959,8,59.88024,2,-1,0,69.818954,5,70.5816,2,67.20431,5,41.841,4,52.30125,5,27.247957,2,-1,0,-1,0,-1,0,-1,0,-1,0,-1,0,-1,0,-1,0,61.57636,5,66.66667,2,84.427765,9,71.09004,3,58.708416,6,62.7615,3,69.44444,1,65.35948,4,-1,0,31.779663,6,32.154343,2,-1,0,43.60465,3,-1,0,71.94245,2,74.62686,1,35.335693,2,51.54639,2,-1,0,113.63637,1,-1,0,73,2,-1,0,71,4,79,3,64,7,72,4,68,1,-1,0,70,7,74,8,70,5,72,1,64,1,-1,0,71,2,-1,-1,70,3,68,3,63,9,70,8,78.12501,1,65,14,68,4,69,7,78,10,72.463776,1,68,11,76,6,70,4,69,6,79,6,71,3,68,9,74,8,70,9,73,8,60,1,-1,0,64,2,70,3,71,4,76,6,68,13,70,12,71,13,71,13,69,8,71,5,69,14,77,11,68.02721,4,71,10,76,5,67,11,72,4,116.27906,1,69,7,74,4,63,8,69,4,-1,-1,72,10,76,5,83,4,76,3,73,12,74,14,78,13,73,5,71,6,74,8,77,8
9:56:30 AM,63.671738,3,63,11,64,6,71,3,86.03384,6,65.40222,4,33.879166,3,66.78401,5,71.858284,4,-1,-1,-1,-1,-1,-1,-1,-1,81.41112,1,62.337666,8,76.36364,4,30.359255,3,-1,0,-1,0,-1,-1,-1,-1,69.44444,2,-1,0,45.965275,3,41.53207,3,59.14918,2,49.090908,9,62.337666,8,-1,-1,-1,-1,71,5,68,4,72,4,73,10,77,9,79,3,73,11,78,10,84,8,71,9,76,8,78,7,67.8077,10,45.093796,3,66.425125,11,78.12501,4,52.91005,2,86.29668,8,-1,0,70.8502,7,-1,0,53.95684,6,71.09004,3,-1,0,-1,0,-1,0,-1,0,-1,0,-1,0,-1,0,-1,0,73.74631,5,61.475407,3,76.33588,14,69.20415,4,59.97001,8,70.09345,6,69.25208,5,65.35948,4,69.44444,2,69.12441,3,-1,0,-1,0,65.789474,3,39.062504,2,64.308685,4,69.44444,2,40.983604,1,56.3063,5,-1,0,81.96721,3,-1,0,71,4,-1,0,71,1,80,1,69,3,73,5,70,7,76,3,70,3,69,2,71,11,71,5,70,1,73,2,-1,0,-1,-1,71,5,76,3,63,6,70,2,79.36508,1,63,6,69,7,67,13,72,7,66.66667,1,70,8,77,7,69,2,69,9,73,7,70,2,71,6,76,6,70,8,78,10,73,1,76,1,66,1,74,4,72,5,77,10,73,7,75,1,70,9,74,7,66,11,69,13,71,11,71,3,62.89308,2,69,10,75,14,70,12,76,4,19.011406,1,65,11,72,8,67,9,75,3,-1,-1,71,5,77,3,74,3,74,5,70,2,74,7,80,6,75,4,68,5,77,10,80,7
9:57 AM,51.457977,2,70,7,70,2,73,5,50.30181,11,83.787186,4,30.643517,1,89.29395,6,65.525955,7,-1,-1,-1,-1,-1,-1,-1,-1,-1,0,36.363636,3,64.14956,5,28.653292,11,-1,0,-1,0,-1,-1,-1,-1,81.96721,1,72.12848,2,-1,0,-1,0,63.782986,3,73.14524,7,53.0856,4,-1,-1,-1,-1,66,5,66,7,70,6,71,4,78,9,82,5,79,7,83,8,87,4,69,6,74,12,78,5,80.65798,7,82.74493,3,61.652287,10,46.189373,4,-1,0,71.2881,11,70.58159,6,64.93507,7,69.44444,1,64.377686,3,-1,0,-1,0,-1,0,-1,0,-1,0,-1,0,-1,0,-1,0,-1,0,56.818176,6,73.89163,6,64.377686,3,95.785446,5,65.72295,13,74.906364,4,69.44444,1,62.7615,3,78.86436,5,71.42857,5,62.7615,3,55.147057,3,74.62686,1,34.72222,1,69.93007,8,74.62686,1,-1,0,71.94245,2,-1,0,89.82036,3,-1,0,69,2,74,2,73,3,85,1,61,8,70,1,73,4,75,3,65,4,74,1,66,5,72,1,75,2,76,6,72,1,-1,-1,71,10,74,3,69,5,75,4,-1,0,67,5,71,4,67,10,72,4,54.347828,1,66,12,71,6,67,1,70,8,75,4,65,2,72,9,74,9,69,8,73,10,62,3,70,3,67,4,77,5,68,6,77,7,70,7,73,4,73,7,77,2,62,9,68,9,70,9,72,16,48.076927,2,70,14,66,3,68,14,71,11,80.128204,5,71,8,73,2,63,16,71,5,-1,-1,71,8,77,3,82,5,73,4,69,10,74,11,77,7,74,1,70,3,72,9,77,6
9:57:30 AM,80.609055,3,70,3,68,4,73,8,51.18755,5,81.90008,4,40.10695,2,44.609238,9,40.89007,2,-1,-1,-1,-1,-1,-1,-1,-1,81.41112,1,62.695923,3,85.22727,1,139.86014,4,-1,0,-1,0,-1,-1,-1,-1,-1,0,-1,0,30.903938,4,-1,0,-1,0,40.10695,4,72.72727,4,-1,-1,-1,-1,70,10,69,9,73,11,68,3,76,11,81,7,78,10,80,8,89,7,67,11,77,8,80,8,71.933525,8,71.31989,3,85.15815,7,73.74631,5,42.735046,1,71.48492,10,46.006626,4,58.770344,13,71.42857,5,58.333336,7,60.97561,4,-1,0,-1,0,-1,0,-1,0,-1,0,-1,0,-1,0,-1,0,54.495914,4,68.02721,4,69.16997,7,81.96721,2,61.57636,5,62.7615,6,66.137566,5,62.761505,9,70.67139,4,53.248135,10,72.81554,3,69.44444,1,81.96721,2,35.971226,1,41.55125,3,99.99999,1,34.72222,1,65.789474,6,74.62686,1,47.393364,4,-1,0,72,5,-1,0,70,5,74,1,71,5,82,2,65,7,-1,0,70,1,77,2,63,6,70,2,70,2,73,1,71,6,-1,-1,70,12,70,3,68,9,70,7,62.111805,2,69,6,72,4,68,6,75,5,52.26481,3,69,6,69,5,67,11,67,15,71,9,61,4,63,4,74,5,70,9,80,5,71,2,72,6,67,5,73,8,71,9,81,4,72,6,78,2,73,9,76,3,69,6,73,3,70,10,72,7,38.461544,2,69,10,73,12,68,17,69,4,68.07867,9,68,8,71,9,63,12,71,4,-1,-1,66,12,78,4,77,5,78,1,73,10,77,5,81,6,73,2,69,6,74,8,80,3
9:58 AM,45.68296,5,68,8,65,6,68,3,59.41771,4,80.450516,6,35.495956,3,58.636364,6,80.10432,3,-1,-1,-1,-1,-1,-1,-1,-1,67.75833,2,-1,0,81.58508,2,139.86015,3,-1,0,-1,0,-1,-1,-1,-1,80,4,83.26351,3,30.219091,2,44.20215,5,-1,0,61.287033,4,69.93007,1,-1,-1,-1,-1,69,8,66,9,73,8,70,6,75,9,82,2,81,5,80,12,91,4,71,5,76,8,78,8,79.13613,7,78.91413,1,59.95204,5,66.137566,5,-1,0,83.42923,9,78.69555,5,58.411213,10,42.857143,3,47.92332,9,71.09004,6,-1,0,-1,0,-1,0,-1,0,-1,0,-1,0,-1,0,-1,0,62.111805,2,69.44444,1,74.2115,8,87.2093,3,60.06006,4,69.12441,3,74.62686,1,69.20415,4,62.7615,3,63.291134,9,53.19149,1,49.999996,2,48.231514,6,34.72222,1,57.471268,3,74.62686,1,34.72222,1,104.166664,3,74.62686,1,74.906364,4,-1,0,66,2,76,1,76,3,-1,0,64,8,70,2,71,4,78,3,73,4,77,3,70,1,75,1,64,1,63,3,68,3,-1,-1,69,6,71,4,64,11,71,7,68.02721,2,69,6,71,5,73,8,74,6,-1,0,71,5,75,5,68,2,70,5,71,1,70,8,71,14,70,14,67,6,75,6,67,1,73,4,-1,0,71,4,70,7,77,3,67,11,72,15,71,7,81,4,68,8,74,4,70,11,73,5,-1,0,68,10,71,9,70,9,73,10,81.52174,3,69,12,73,6,64,9,69,8,-1,-1,70,8,74,5,90,1,72,5,70,5,78,12,82,6,74,4,70,5,77,6,78,4
9:58:30 AM,43.93765,7,67,7,71,7,76,5,72.15007,3,83.14855,6,42.613636,1,71.75779,7,77.561325,6,-1,-1,-1,-1,-1,-1,-1,-1,54.545452,1,74.312614,5,75.75757,3,140.58107,5,-1,0,-1,0,-1,-1,-1,-1,74.62686,1,77.214455,1,34.66872,3,-1,0,61.51515,2,75.49544,4,69.93007,1,-1,-1,-1,-1,71,5,67,6,68,1,73,5,74,7,79,1,76,8,81,13,85,8,71,3,78,10,83,4,74.14773,9,97.12511,2,80.645164,6,69.44444,1,-1,0,88.587494,5,78.64108,4,71.94245,6,67.56756,6,47.043015,7,40.322582,3,-1,0,-1,0,-1,0,-1,0,-1,0,-1,0,-1,0,-1,0,58.411213,5,54.545456,6,70.67139,4,42.918457,2,54.347828,9,62.7615,3,51.54639,2,57.471268,6,69.12441,3,64.308685,8,76.62836,4,-1,0,65.35948,4,-1,0,81.96721,3,-1,0,40.983604,1,69.44444,1,60.240963,1,99.99999,2,-1,0,69,3,-1,0,71,2,81,1,68,7,-1,0,70,6,73,1,70,7,75,2,69,6,73,4,69,1,75,2,65,4,-1,-1,69,10,74,5,61,7,70,6,57.80347,4,70,9,68,5,66,13,75,5,48.54369,2,68,7,72,7,61,1,71,7,75,7,64,2,72,5,80,1,64,13,70,10,67,2,72,4,-1,0,70,5,70,11,72,4,70,10,71,8,70,12,80,14,67,6,72,6,72,8,76,3,55.555553,1,70,11,73,5,61,16,68,6,78.53403,3,68,9,70,10,65,14,69,7,-1,-1,68,9,76,7,73,4,74,6,72,4,74,11,80,8,77,6,71,6,75,12,82,5
9:59 AM,36.485252,2,66,6,67,4,68,1,86.03384,6,34.83107,4,34.66872,3,81.064095,3,49.60775,4,-1,-1,-1,-1,-1,-1,-1,-1,-1,0,59.159927,5,78.02824,6,140.58107,5,-1,0,-1,0,-1,-1,-1,-1,74.62686,1,77.214455,1,42.613636,1,-1,0,-1,0,67.17421,5,67.75833,2,-1,-1,-1,-1,72,3,68,9,72,3,74,9,80,6,83,6,69,10,77,12,81,15,74,5,74,14,78,8,82.73107,6,60.44487,1,74.40477,10,79.365074,3,-1,0,73.595764,9,78.91413,2,59.97001,8,70.67139,4,72.9927,6,66.66667,8,-1,0,-1,0,-1,0,-1,0,-1,0,-1,0,-1,0,-1,0,33.333336,4,61.7284,7,69.22257,13,56.17977,3,55.147057,6,42.134834,3,-1,0,63.636364,7,69.12441,3,61.57636,5,74.62686,1,48.54369,2,21.961933,3,39.062504,2,81.96721,2,75.187965,2,38.31418,2,81.69935,5,77.31959,3,-1,0,-1,1,76,2,75,2,70,3,-1,0,67,3,75,1,71,3,-1,0,78,4,80,3,68,8,76,1,77,1,71,4,71,1,-1,-1,73,14,77,1,66,10,72,9,51.54639,1,66,6,71,5,64,15,73,6,75.187965,2,64,10,75,5,68,5,68,7,74,8,64,1,71,7,75,6,69,5,74,3,-1,0,-1,0,69,5,70,4,70,6,75,6,69,9,79,3,72,9,76,10,66,12,76,13,66,5,75,12,63.559326,3,62,8,71,7,71,13,74,4,66.666664,3,67,9,70,5,66,12,70,9,-1,-1,69,12,77,5,80,4,74,3,72,6,75,12,77,10,77,3,69,8,74,7,76,5
9:59:30 AM,37.308792,5,68,13,68,5,70,6,58.489304,7,90.90909,2,31.712473,1,81.11749,7,35.929142,4,-1,-1,-1,-1,-1,-1,-1,-1,61.287033,1,70.10983,5,34.33617,4,137.65416,8,-1,0,-1,0,-1,-1,-1,-1,89.285706,1,-1,0,44.70939,1,-1,0,-1,0,61.425056,5,75.58262,6,-1,-1,-1,-1,70,7,70,8,76,4,69,7,74,9,78,6,72,7,82,8,88,3,66,5,68,11,77,15,58.10625,7,60.12506,2,69.20415,4,90.09008,2,62.111805,2,73.595764,9,92.840164,5,70,7,77.31959,3,41.407864,4,66.666664,6,-1,0,-1,0,-1,0,-1,0,-1,0,-1,0,-1,0,-1,0,64.23983,6,66.66667,2,50.607285,5,80.38586,5,46.367855,12,81.96721,3,65.35948,4,69.44444,2,29.94012,1,59.13272,9,59.88024,2,53.19149,1,51.020405,3,42.735046,1,60.06006,4,57.736713,5,35.971226,1,-1,0,-1,0,39.138943,4,35.335693,2,-1,0,-1,0,73,3,78,3,67,7,74,2,71,4,75,1,72,3,84,1,71,8,79,2,72,3,74,3,69,4,-1,-1,70,7,74,7,70,13,75,3,69.93007,4,66,7,72,10,67,8,77,9,71.42857,1,68,11,73,11,70,4,69,8,71,9,64,7,74,8,74,6,70,6,74,5,-1,0,70,2,75,1,69,4,71,4,76,4,71,7,70,5,72,8,74,3,66,11,73,9,71,10,76,11,58.823532,4,69,7,71,11,61,12,67,4,71.174385,4,68,11,72,4,64,10,65,6,-1,-1,72,9,75,7,70,2,76,2,65,9,72,11,79,12,66,5,69,6,72,11,76,8
10:00 AM,47.846893,5,57,1,68,4,-1,0,38.304394,3,81.65488,3,32.180206,2,50.28847,5,73.295456,3,-1,-1,-1,-1,-1,-1,-1,-1,50.27231,2,63.424946,2,31.81818,3,139.86015,3,-1,0,-1,0,-1,-1,-1,-1,78.86436,5,75.59908,6,31.666449,4,44.636215,5,-1,0,37.79131,3,70.15493,4,-1,-1,-1,-1,72,6,69,3,75,7,67,4,72,8,79,12,75,5,83,8,85,6,66,7,72,10,82,6,62.47308,6,-1,0,57.75578,7,74.62686,1,40.983604,1,82.73107,3,-1,0,58.290157,9,89.92806,5,51.90311,3,81.96721,2,-1,0,-1,0,-1,0,-1,0,-1,0,-1,0,-1,0,-1,0,34.602074,6,51.90311,3,76.40068,9,-1,0,58.027084,6,113.63637,1,51.90311,3,49.57507,7,70.224724,5,52.447556,6,38.31418,2,-1,0,32.154343,2,35.335693,2,64.377686,3,-1,0,-1,0,59.88024,2,-1,0,39.682537,3,117.18751,3,68,6,78,4,73,2,73,1,65,3,73,3,68,6,80,2,65,6,77,2,67,5,69,3,76,2,78,4,78,2,-1,-1,71,8,80,4,65,7,72,7,53.763443,1,67,8,74,4,70,7,75,10,35.21127,1,66,5,76,9,69,5,71,6,72,6,65,3,71,8,72,6,71,9,75,6,-1,0,66,3,-1,0,74,1,70,7,76,4,66,9,74,6,72,4,77,4,64,6,76,5,68,9,79,4,67.1141,2,71,10,76,7,65,12,71,12,79.78723,3,60,7,69,2,65,10,68,3,-1,-1,68,10,73,6,77,4,73,7,69,4,77,8,82,4,73,5,73,3,76,5,75,3